# Model 552f9c566cbbbae87c8489092272d18
# Name plastic soup spoon        
# Vertices
mtllib 552f9c566cbbbae87c8489092272d18.mtl
v 4.98398 1.29909 0.780433
vn 4.08383 4.08426 0.931639
vt 0 0
v 4.99352 1.2973 0.746449
vn 4.05161 4.11985 0.915475
vt 0 0
v 4.96919 1.31195 0.776381
vn 3.18745 4.87145 0.579553
vt 0 0
v 4.98398 1.29909 0.780433
vn 4.08383 4.08426 0.931639
vt 0 0
v 4.99618 1.28307 0.783774
vn 4.76148 3.17976 1.20177
vt 0 0
v 4.99352 1.2973 0.746449
vn 4.05161 4.11985 0.915475
vt 0 0
v 4.99618 1.28307 0.783774
vn 4.76148 3.17976 1.20177
vt 0 0
v 5.00527 1.26457 0.786265
vn 5.24671 2.16519 1.41801
vt 0 0
v 5.00571 1.28182 0.74991
vn 4.73554 3.20813 1.22856
vt 0 0
v 5.00527 1.26457 0.786265
vn 5.24671 2.16519 1.41801
vt 0 0
v 5.01088 1.24434 0.787802
vn 5.53404 1.09596 1.54922
vt 0 0
v 5.01482 1.26377 0.752497
vn 5.23369 2.18427 1.43677
vt 0 0
v 5.01088 1.24434 0.787802
vn 5.53404 1.09596 1.54922
vt 0 0
v 5.01278 1.22324 0.788321
vn 5.62911 3.76174e-015 1.59373
vt 0 0
v 5.02045 1.24396 0.754095
vn 5.52938 1.10554 1.55901
vt 0 0
v 5.01278 1.22324 0.788321
vn 5.62911 3.76174e-015 1.59373
vt 0 0
v 5.01088 1.20213 0.787802
vn 5.53404 -1.09596 1.54922
vt 0 0
v 5.02045 1.20252 0.754095
vn 5.52938 -1.10554 1.55901
vt 0 0
v 5.01088 1.20213 0.787802
vn 5.53404 -1.09596 1.54922
vt 0 0
v 5.00527 1.18191 0.786265
vn 5.24671 -2.16519 1.41801
vt 0 0
v 5.01482 1.1827 0.752497
vn 5.23369 -2.18427 1.43677
vt 0 0
v 5.00527 1.18191 0.786265
vn 5.24671 -2.16519 1.41801
vt 0 0
v 4.99618 1.1634 0.783774
vn 4.76148 -3.17976 1.20177
vt 0 0
v 5.00571 1.16466 0.74991
vn 4.73554 -3.20813 1.22856
vt 0 0
v 4.99618 1.1634 0.783774
vn 4.76148 -3.17976 1.20177
vt 0 0
v 4.98398 1.14738 0.780433
vn 4.08383 -4.08426 0.931639
vt 0 0
v 4.99352 1.14917 0.746449
vn 4.05161 -4.11985 0.915475
vt 0 0
v 4.98398 1.14738 0.780433
vn 4.08383 -4.08426 0.931639
vt 0 0
v 4.96919 1.13452 0.776381
vn 3.18745 -4.87145 0.579553
vt 0 0
v 4.99352 1.14917 0.746449
vn 4.05161 -4.11985 0.915475
vt 0 0
v 4.96919 1.13452 0.776381
vn 3.18745 -4.87145 0.579553
vt 0 0
v 4.95242 1.12535 0.771786
vn 2.22218 -5.40907 0.175071
vt 0 0
v 4.97879 1.13692 0.742263
vn 3.14273 -4.90851 0.506472
vt 0 0
v 4.96919 1.13452 0.776381
vn 3.18745 -4.87145 0.579553
vt 0 0
v 4.97879 1.13692 0.742263
vn 3.14273 -4.90851 0.506472
vt 0 0
v 4.99352 1.14917 0.746449
vn 4.05161 -4.11985 0.915475
vt 0 0
v 5.00571 1.16466 0.74991
vn 4.73554 -3.20813 1.22856
vt 0 0
v 4.99618 1.1634 0.783774
vn 4.76148 -3.17976 1.20177
vt 0 0
v 4.99352 1.14917 0.746449
vn 4.05161 -4.11985 0.915475
vt 0 0
v 5.01482 1.1827 0.752497
vn 5.23369 -2.18427 1.43677
vt 0 0
v 5.00527 1.18191 0.786265
vn 5.24671 -2.16519 1.41801
vt 0 0
v 5.00571 1.16466 0.74991
vn 4.73554 -3.20813 1.22856
vt 0 0
v 5.02045 1.20252 0.754095
vn 5.52938 -1.10554 1.55901
vt 0 0
v 5.01088 1.20213 0.787802
vn 5.53404 -1.09596 1.54922
vt 0 0
v 5.01482 1.1827 0.752497
vn 5.23369 -2.18427 1.43677
vt 0 0
v 5.01278 1.22324 0.788321
vn 5.62911 3.76174e-015 1.59373
vt 0 0
v 5.02045 1.20252 0.754095
vn 5.52938 -1.10554 1.55901
vt 0 0
v 5.02235 1.22324 0.754636
vn 5.62766 6.17881e-015 1.59883
vt 0 0
v 5.02045 1.24396 0.754095
vn 5.52938 1.10554 1.55901
vt 0 0
v 5.01278 1.22324 0.788321
vn 5.62911 3.76174e-015 1.59373
vt 0 0
v 5.02235 1.22324 0.754636
vn 5.62766 6.17881e-015 1.59883
vt 0 0
v 5.01482 1.26377 0.752497
vn 5.23369 2.18427 1.43677
vt 0 0
v 5.01088 1.24434 0.787802
vn 5.53404 1.09596 1.54922
vt 0 0
v 5.02045 1.24396 0.754095
vn 5.52938 1.10554 1.55901
vt 0 0
v 5.00571 1.28182 0.74991
vn 4.73554 3.20813 1.22856
vt 0 0
v 5.00527 1.26457 0.786265
vn 5.24671 2.16519 1.41801
vt 0 0
v 5.01482 1.26377 0.752497
vn 5.23369 2.18427 1.43677
vt 0 0
v 4.99352 1.2973 0.746449
vn 4.05161 4.11985 0.915475
vt 0 0
v 4.99618 1.28307 0.783774
vn 4.76148 3.17976 1.20177
vt 0 0
v 5.00571 1.28182 0.74991
vn 4.73554 3.20813 1.22856
vt 0 0
v 4.96919 1.31195 0.776381
vn 3.18745 4.87145 0.579553
vt 0 0
v 4.99352 1.2973 0.746449
vn 4.05161 4.11985 0.915475
vt 0 0
v 4.97879 1.30955 0.742263
vn 3.14273 4.90851 0.506472
vt 0 0
v 4.96919 1.31195 0.776381
vn 3.18745 4.87145 0.579553
vt 0 0
v 4.97879 1.30955 0.742263
vn 3.14273 4.90851 0.506472
vt 0 0
v 4.95242 1.32113 0.771786
vn 2.22218 5.40907 0.175071
vt 0 0
v 5.01088 1.24434 0.787802
vn -1.54567 -2.49353e-015 5.64249
vt 0 0
v 5.01088 1.20213 0.787802
vn -1.54567 -2.49353e-015 5.64249
vt 0 0
v 5.01278 1.22324 0.788321
vn -1.54567 -2.49353e-015 5.64249
vt 0 0
v 5.00527 1.26457 0.786265
vn -1.54567 -2.49353e-015 5.64249
vt 0 0
v 5.01088 1.20213 0.787802
vn -1.54567 -2.49353e-015 5.64249
vt 0 0
v 5.01088 1.24434 0.787802
vn -1.54567 -2.49353e-015 5.64249
vt 0 0
v 5.00527 1.26457 0.786265
vn -1.54567 -2.49353e-015 5.64249
vt 0 0
v 5.00527 1.18191 0.786265
vn -1.54567 -2.49353e-015 5.64249
vt 0 0
v 5.01088 1.20213 0.787802
vn -1.54567 -2.49353e-015 5.64249
vt 0 0
v 4.99618 1.28307 0.783774
vn -1.54567 -2.49353e-015 5.64249
vt 0 0
v 5.00527 1.18191 0.786265
vn -1.54567 -2.49353e-015 5.64249
vt 0 0
v 5.00527 1.26457 0.786265
vn -1.54567 -2.49353e-015 5.64249
vt 0 0
v 4.99618 1.28307 0.783774
vn -1.54567 -2.49353e-015 5.64249
vt 0 0
v 4.99618 1.1634 0.783774
vn -1.54567 -2.49353e-015 5.64249
vt 0 0
v 5.00527 1.18191 0.786265
vn -1.54567 -2.49353e-015 5.64249
vt 0 0
v 4.98398 1.29909 0.780433
vn -1.54567 -2.49353e-015 5.64249
vt 0 0
v 4.99618 1.1634 0.783774
vn -1.54567 -2.49353e-015 5.64249
vt 0 0
v 4.99618 1.28307 0.783774
vn -1.54567 -2.49353e-015 5.64249
vt 0 0
v 4.98398 1.29909 0.780433
vn -1.54567 -2.49353e-015 5.64249
vt 0 0
v 4.98398 1.14738 0.780433
vn -1.54567 -2.49353e-015 5.64249
vt 0 0
v 4.99618 1.1634 0.783774
vn -1.54567 -2.49353e-015 5.64249
vt 0 0
v 4.96919 1.31195 0.776381
vn -1.54567 -2.49353e-015 5.64249
vt 0 0
v 4.98398 1.14738 0.780433
vn -1.54567 -2.49353e-015 5.64249
vt 0 0
v 4.98398 1.29909 0.780433
vn -1.54567 -2.49353e-015 5.64249
vt 0 0
v 4.96919 1.31195 0.776381
vn -1.54567 -2.49353e-015 5.64249
vt 0 0
v 4.96919 1.13452 0.776381
vn -1.54567 -2.49353e-015 5.64249
vt 0 0
v 4.98398 1.14738 0.780433
vn -1.54567 -2.49353e-015 5.64249
vt 0 0
v 4.95242 1.32113 0.771786
vn -1.57903 -9.18645e-016 5.63325
vt 0 0
v 4.96919 1.13452 0.776381
vn -1.54567 -2.49353e-015 5.64249
vt 0 0
v 4.96919 1.31195 0.776381
vn -1.54567 -2.49353e-015 5.64249
vt 0 0
v 4.96919 1.13452 0.776381
vn -1.54567 -2.49353e-015 5.64249
vt 0 0
v 4.95242 1.32113 0.771786
vn -1.57903 -9.18645e-016 5.63325
vt 0 0
v 4.95242 1.12535 0.771786
vn -1.57903 -9.18645e-016 5.63325
vt 0 0
v 4.95242 1.12535 0.771786
vn 2.22218 -5.40907 0.175071
vt 0 0
v 4.96215 1.12844 0.737537
vn 2.19767 -5.42022 0.135299
vt 0 0
v 4.97879 1.13692 0.742263
vn 3.14273 -4.90851 0.506472
vt 0 0
v 5.02045 1.20252 0.754095
vn 1.59839 -1.57809e-015 -5.62778
vt 0 0
v 5.02045 1.24396 0.754095
vn 1.59839 -1.57809e-015 -5.62778
vt 0 0
v 5.02235 1.22324 0.754636
vn 1.59839 -1.57809e-015 -5.62778
vt 0 0
v 5.01482 1.1827 0.752497
vn 1.59839 -1.57809e-015 -5.62778
vt 0 0
v 5.02045 1.24396 0.754095
vn 1.59839 -1.57809e-015 -5.62778
vt 0 0
v 5.02045 1.20252 0.754095
vn 1.59839 -1.57809e-015 -5.62778
vt 0 0
v 5.01482 1.1827 0.752497
vn 1.59839 -1.57809e-015 -5.62778
vt 0 0
v 5.01482 1.26377 0.752497
vn 1.59839 -1.57809e-015 -5.62778
vt 0 0
v 5.02045 1.24396 0.754095
vn 1.59839 -1.57809e-015 -5.62778
vt 0 0
v 5.00571 1.16466 0.74991
vn 1.59839 -1.57809e-015 -5.62778
vt 0 0
v 5.01482 1.26377 0.752497
vn 1.59839 -1.57809e-015 -5.62778
vt 0 0
v 5.01482 1.1827 0.752497
vn 1.59839 -1.57809e-015 -5.62778
vt 0 0
v 5.00571 1.16466 0.74991
vn 1.59839 -1.57809e-015 -5.62778
vt 0 0
v 5.00571 1.28182 0.74991
vn 1.59839 -1.57809e-015 -5.62778
vt 0 0
v 5.01482 1.26377 0.752497
vn 1.59839 -1.57809e-015 -5.62778
vt 0 0
v 4.99352 1.14917 0.746449
vn 1.59839 -1.57809e-015 -5.62778
vt 0 0
v 5.00571 1.28182 0.74991
vn 1.59839 -1.57809e-015 -5.62778
vt 0 0
v 5.00571 1.16466 0.74991
vn 1.59839 -1.57809e-015 -5.62778
vt 0 0
v 4.99352 1.14917 0.746449
vn 1.59839 -1.57809e-015 -5.62778
vt 0 0
v 4.99352 1.2973 0.746449
vn 1.59839 -1.57809e-015 -5.62778
vt 0 0
v 5.00571 1.28182 0.74991
vn 1.59839 -1.57809e-015 -5.62778
vt 0 0
v 4.97879 1.13692 0.742263
vn 1.59839 -1.57809e-015 -5.62778
vt 0 0
v 4.99352 1.2973 0.746449
vn 1.59839 -1.57809e-015 -5.62778
vt 0 0
v 4.99352 1.14917 0.746449
vn 1.59839 -1.57809e-015 -5.62778
vt 0 0
v 4.97879 1.13692 0.742263
vn 1.59839 -1.57809e-015 -5.62778
vt 0 0
v 4.97879 1.30955 0.742263
vn 1.59839 -1.57809e-015 -5.62778
vt 0 0
v 4.99352 1.2973 0.746449
vn 1.59839 -1.57809e-015 -5.62778
vt 0 0
v 4.96215 1.12844 0.737537
vn 1.59839 -1.57809e-015 -5.62778
vt 0 0
v 4.97879 1.30955 0.742263
vn 1.59839 -1.57809e-015 -5.62778
vt 0 0
v 4.97879 1.13692 0.742263
vn 1.59839 -1.57809e-015 -5.62778
vt 0 0
v 4.96215 1.12844 0.737537
vn 1.59839 -1.57809e-015 -5.62778
vt 0 0
v 4.96215 1.31804 0.737537
vn 1.59839 -1.57809e-015 -5.62778
vt 0 0
v 4.97879 1.30955 0.742263
vn 1.59839 -1.57809e-015 -5.62778
vt 0 0
v 4.9487 1.12417 0.733718
vn 1.55721 -6.29401e-016 -5.63932
vt 0 0
v 4.96215 1.31804 0.737537
vn 1.59839 -1.57809e-015 -5.62778
vt 0 0
v 4.96215 1.12844 0.737537
vn 1.59839 -1.57809e-015 -5.62778
vt 0 0
v 4.96215 1.31804 0.737537
vn 1.59839 -1.57809e-015 -5.62778
vt 0 0
v 4.9487 1.12417 0.733718
vn 1.55721 -6.29401e-016 -5.63932
vt 0 0
v 4.9487 1.32231 0.733718
vn 1.55721 -6.29401e-016 -5.63932
vt 0 0
v 4.95242 1.32113 0.771786
vn 2.22218 5.40907 0.175071
vt 0 0
v 4.97879 1.30955 0.742263
vn 3.14273 4.90851 0.506472
vt 0 0
v 4.96215 1.31804 0.737537
vn 2.19767 5.42022 0.135299
vt 0 0
v 4.93918 1.32533 0.768027
vn -1.55721 -6.46826e-019 5.63932
vt 0 0
v 4.95242 1.12535 0.771786
vn -1.57903 -9.18645e-016 5.63325
vt 0 0
v 4.95242 1.32113 0.771786
vn -1.57903 -9.18645e-016 5.63325
vt 0 0
v 4.95242 1.12535 0.771786
vn -1.57903 -9.18645e-016 5.63325
vt 0 0
v 4.93918 1.32533 0.768027
vn -1.55721 -6.46826e-019 5.63932
vt 0 0
v 4.93918 1.12115 0.768027
vn -1.55721 -6.46826e-019 5.63932
vt 0 0
v 4.89692 1.33875 0.756585
vn -1.47286 1.07855e-018 5.66193
vt 0 0
v 4.93918 1.12115 0.768027
vn -1.55721 -6.46826e-019 5.63932
vt 0 0
v 4.93918 1.32533 0.768027
vn -1.55721 -6.46826e-019 5.63932
vt 0 0
v 4.93918 1.12115 0.768027
vn -1.55721 -6.46826e-019 5.63932
vt 0 0
v 4.89692 1.33875 0.756585
vn -1.47286 1.07855e-018 5.66193
vt 0 0
v 4.89692 1.10772 0.756585
vn -1.47286 1.07855e-018 5.66193
vt 0 0
v 4.90594 1.11059 0.72214
vn 1.47286 4.35908e-018 -5.66193
vt 0 0
v 4.9487 1.32231 0.733718
vn 1.55721 -6.29401e-016 -5.63932
vt 0 0
v 4.9487 1.12417 0.733718
vn 1.55721 -6.29401e-016 -5.63932
vt 0 0
v 4.9487 1.32231 0.733718
vn 1.55721 -6.29401e-016 -5.63932
vt 0 0
v 4.90594 1.11059 0.72214
vn 1.47286 4.35908e-018 -5.66193
vt 0 0
v 4.90594 1.33588 0.72214
vn 1.47286 4.35908e-018 -5.66193
vt 0 0
v 4.93918 1.12115 0.768027
vn 1.77075 -5.57595 -1.66602e-014
vt 0 0
v 4.96215 1.12844 0.737537
vn 2.19767 -5.42022 0.135299
vt 0 0
v 4.95242 1.12535 0.771786
vn 2.22218 -5.40907 0.175071
vt 0 0
v 4.89692 1.10772 0.756585
vn 1.77075 -5.57595 -1.66602e-014
vt 0 0
v 4.96215 1.12844 0.737537
vn 2.19767 -5.42022 0.135299
vt 0 0
v 4.93918 1.12115 0.768027
vn 1.77075 -5.57595 -1.66602e-014
vt 0 0
v 4.8938 1.10673 0.755794
vn 1.69432 -5.59965 -9.27453e-015
vt 0 0
v 4.96215 1.12844 0.737537
vn 2.19767 -5.42022 0.135299
vt 0 0
v 4.89692 1.10772 0.756585
vn 1.77075 -5.57595 -1.66602e-014
vt 0 0
v 4.8938 1.10673 0.755794
vn 1.69432 -5.59965 -9.27453e-015
vt 0 0
v 4.9487 1.12417 0.733718
vn 1.77075 -5.57595 -1.66602e-014
vt 0 0
v 4.96215 1.12844 0.737537
vn 2.19767 -5.42022 0.135299
vt 0 0
v 4.8938 1.10673 0.755794
vn 1.69432 -5.59965 -9.27453e-015
vt 0 0
v 4.90594 1.11059 0.72214
vn 1.77075 -5.57595 -1.66602e-014
vt 0 0
v 4.9487 1.12417 0.733718
vn 1.77075 -5.57595 -1.66602e-014
vt 0 0
v 4.90594 1.11059 0.72214
vn 1.77075 -5.57595 -1.66602e-014
vt 0 0
v 4.8938 1.10673 0.755794
vn 1.69432 -5.59965 -9.27453e-015
vt 0 0
v 4.8938 1.10673 0.719069
vn 1.66699 -5.60785 -6.64028e-015
vt 0 0
v 4.96215 1.31804 0.737537
vn 2.19767 5.42022 0.135299
vt 0 0
v 4.93918 1.32533 0.768027
vn 1.77075 5.57595 -2.20284e-014
vt 0 0
v 4.95242 1.32113 0.771786
vn 2.22218 5.40907 0.175071
vt 0 0
v 4.96215 1.31804 0.737537
vn 2.19767 5.42022 0.135299
vt 0 0
v 4.89692 1.33875 0.756585
vn 1.77075 5.57595 -2.20284e-014
vt 0 0
v 4.93918 1.32533 0.768027
vn 1.77075 5.57595 -2.20284e-014
vt 0 0
v 4.96215 1.31804 0.737537
vn 2.19767 5.42022 0.135299
vt 0 0
v 4.8938 1.33974 0.755794
vn 1.69432 5.59965 -1.23654e-014
vt 0 0
v 4.89692 1.33875 0.756585
vn 1.77075 5.57595 -2.20284e-014
vt 0 0
v 4.9487 1.32231 0.733718
vn 1.77075 5.57595 -2.20284e-014
vt 0 0
v 4.8938 1.33974 0.755794
vn 1.69432 5.59965 -1.23654e-014
vt 0 0
v 4.96215 1.31804 0.737537
vn 2.19767 5.42022 0.135299
vt 0 0
v 4.90594 1.33588 0.72214
vn 1.77075 5.57595 -2.20284e-014
vt 0 0
v 4.8938 1.33974 0.755794
vn 1.69432 5.59965 -1.23654e-014
vt 0 0
v 4.9487 1.32231 0.733718
vn 1.77075 5.57595 -2.20284e-014
vt 0 0
v 4.8938 1.33974 0.755794
vn 1.69432 5.59965 -1.23654e-014
vt 0 0
v 4.90594 1.33588 0.72214
vn 1.77075 5.57595 -2.20284e-014
vt 0 0
v 4.8938 1.33974 0.719069
vn 1.66699 5.60785 -8.91887e-015
vt 0 0
v 4.8938 1.33974 0.755794
vn -1.43449 1.08866e-018 5.67177
vt 0 0
v 4.89692 1.10772 0.756585
vn -1.47286 1.07855e-018 5.66193
vt 0 0
v 4.89692 1.33875 0.756585
vn -1.47286 1.07855e-018 5.66193
vt 0 0
v 4.8938 1.33974 0.755794
vn -1.43449 1.08866e-018 5.67177
vt 0 0
v 4.8938 1.10673 0.755794
vn -1.43449 1.08866e-018 5.67177
vt 0 0
v 4.89692 1.10772 0.756585
vn -1.47286 1.07855e-018 5.66193
vt 0 0
v 4.8502 1.35206 0.744766
vn -1.37135 5.45392e-019 5.68737
vt 0 0
v 4.8938 1.10673 0.755794
vn -1.43449 1.08866e-018 5.67177
vt 0 0
v 4.8938 1.33974 0.755794
vn -1.43449 1.08866e-018 5.67177
vt 0 0
v 4.8938 1.10673 0.755794
vn -1.43449 1.08866e-018 5.67177
vt 0 0
v 4.8502 1.35206 0.744766
vn -1.37135 5.45392e-019 5.68737
vt 0 0
v 4.8502 1.09442 0.744766
vn -1.37135 5.45392e-019 5.68737
vt 0 0
v 4.8938 1.10673 0.719069
vn 1.43449 -4.73685e-018 -5.67177
vt 0 0
v 4.90594 1.33588 0.72214
vn 1.47286 4.35908e-018 -5.66193
vt 0 0
v 4.90594 1.11059 0.72214
vn 1.47286 4.35908e-018 -5.66193
vt 0 0
v 4.8938 1.10673 0.719069
vn 1.43449 -4.73685e-018 -5.67177
vt 0 0
v 4.8938 1.33974 0.719069
vn 1.43449 -4.73685e-018 -5.67177
vt 0 0
v 4.90594 1.33588 0.72214
vn 1.47286 4.35908e-018 -5.66193
vt 0 0
v 4.8586 1.09679 0.710166
vn 1.37135 -9.31584e-019 -5.68737
vt 0 0
v 4.8938 1.33974 0.719069
vn 1.43449 -4.73685e-018 -5.67177
vt 0 0
v 4.8938 1.10673 0.719069
vn 1.43449 -4.73685e-018 -5.67177
vt 0 0
v 4.8938 1.33974 0.719069
vn 1.43449 -4.73685e-018 -5.67177
vt 0 0
v 4.8586 1.09679 0.710166
vn 1.37135 -9.31584e-019 -5.68737
vt 0 0
v 4.8586 1.34968 0.710166
vn 1.37135 -9.31584e-019 -5.68737
vt 0 0
v 4.8502 1.09442 0.744766
vn 1.59011 -5.63013 7.49296e-016
vt 0 0
v 4.8938 1.10673 0.719069
vn 1.66699 -5.60785 -6.64028e-015
vt 0 0
v 4.8938 1.10673 0.755794
vn 1.69432 -5.59965 -9.27453e-015
vt 0 0
v 4.82245 1.08658 0.738307
vn 1.51265 -5.65143 -6.50021e-015
vt 0 0
v 4.8938 1.10673 0.719069
vn 1.66699 -5.60785 -6.64028e-015
vt 0 0
v 4.8502 1.09442 0.744766
vn 1.59011 -5.63013 7.49296e-016
vt 0 0
v 4.82245 1.08658 0.738307
vn 1.51265 -5.65143 -6.50021e-015
vt 0 0
v 4.8586 1.09679 0.710166
vn 1.59011 -5.63013 7.49296e-016
vt 0 0
v 4.8938 1.10673 0.719069
vn 1.66699 -5.60785 -6.64028e-015
vt 0 0
v 4.8586 1.09679 0.710166
vn 1.59011 -5.63013 7.49296e-016
vt 0 0
v 4.82245 1.08658 0.738307
vn 1.51265 -5.65143 -6.50021e-015
vt 0 0
v 4.82245 1.08658 0.70175
vn 1.48717 -5.65819 -8.8782e-015
vt 0 0
v 4.8938 1.33974 0.719069
vn 1.66699 5.60785 -8.91887e-015
vt 0 0
v 4.8502 1.35206 0.744766
vn 1.59011 5.63013 7.49296e-016
vt 0 0
v 4.8938 1.33974 0.755794
vn 1.69432 5.59965 -1.23654e-014
vt 0 0
v 4.8938 1.33974 0.719069
vn 1.66699 5.60785 -8.91887e-015
vt 0 0
v 4.82245 1.35989 0.738307
vn 1.51265 5.65143 -6.50021e-015
vt 0 0
v 4.8502 1.35206 0.744766
vn 1.59011 5.63013 7.49296e-016
vt 0 0
v 4.8586 1.34968 0.710166
vn 1.59011 5.63013 7.49296e-016
vt 0 0
v 4.82245 1.35989 0.738307
vn 1.51265 5.65143 -6.50021e-015
vt 0 0
v 4.8938 1.33974 0.719069
vn 1.66699 5.60785 -8.91887e-015
vt 0 0
v 4.82245 1.35989 0.738307
vn 1.51265 5.65143 -6.50021e-015
vt 0 0
v 4.8586 1.34968 0.710166
vn 1.59011 5.63013 7.49296e-016
vt 0 0
v 4.82245 1.35989 0.70175
vn 1.48717 5.65819 -8.8782e-015
vt 0 0
v 4.82245 1.35989 0.738307
vn -1.3265 1.60311e-019 5.698
vt 0 0
v 4.8502 1.09442 0.744766
vn -1.37135 5.45392e-019 5.68737
vt 0 0
v 4.8502 1.35206 0.744766
vn -1.37135 5.45392e-019 5.68737
vt 0 0
v 4.82245 1.35989 0.738307
vn -1.3265 1.60311e-019 5.698
vt 0 0
v 4.82245 1.08658 0.738307
vn -1.3265 1.60311e-019 5.698
vt 0 0
v 4.8502 1.09442 0.744766
vn -1.37135 5.45392e-019 5.68737
vt 0 0
v 4.79778 1.36601 0.732564
vn -1.26214 -6.39319e-019 5.7126
vt 0 0
v 4.82245 1.08658 0.738307
vn -1.3265 1.60311e-019 5.698
vt 0 0
v 4.82245 1.35989 0.738307
vn -1.3265 1.60311e-019 5.698
vt 0 0
v 4.82245 1.08658 0.738307
vn -1.3265 1.60311e-019 5.698
vt 0 0
v 4.79778 1.36601 0.732564
vn -1.26214 -6.39319e-019 5.7126
vt 0 0
v 4.79778 1.08046 0.732564
vn -1.26214 -6.39319e-019 5.7126
vt 0 0
v 4.82245 1.08658 0.70175
vn 1.3265 1.76543e-018 -5.698
vt 0 0
v 4.8586 1.34968 0.710166
vn 1.37135 -9.31584e-019 -5.68737
vt 0 0
v 4.8586 1.09679 0.710166
vn 1.37135 -9.31584e-019 -5.68737
vt 0 0
v 4.82245 1.08658 0.70175
vn 1.3265 1.76543e-018 -5.698
vt 0 0
v 4.82245 1.35989 0.70175
vn 1.3265 1.76543e-018 -5.698
vt 0 0
v 4.8586 1.34968 0.710166
vn 1.37135 -9.31584e-019 -5.68737
vt 0 0
v 4.80551 1.08238 0.697808
vn 1.26214 8.39287e-019 -5.7126
vt 0 0
v 4.82245 1.35989 0.70175
vn 1.3265 1.76543e-018 -5.698
vt 0 0
v 4.82245 1.08658 0.70175
vn 1.3265 1.76543e-018 -5.698
vt 0 0
v 4.82245 1.35989 0.70175
vn 1.3265 1.76543e-018 -5.698
vt 0 0
v 4.80551 1.08238 0.697808
vn 1.26214 8.39287e-019 -5.7126
vt 0 0
v 4.80551 1.3641 0.697808
vn 1.26214 8.39287e-019 -5.7126
vt 0 0
v 4.79778 1.08046 0.732564
vn 1.40932 -5.67808 -1.61271e-014
vt 0 0
v 4.82245 1.08658 0.70175
vn 1.48717 -5.65819 -8.8782e-015
vt 0 0
v 4.82245 1.08658 0.738307
vn 1.51265 -5.65143 -6.50021e-015
vt 0 0
v 4.75021 1.06865 0.722467
vn 1.33078 -5.697 -1.64274e-014
vt 0 0
v 4.82245 1.08658 0.70175
vn 1.48717 -5.65819 -8.8782e-015
vt 0 0
v 4.79778 1.08046 0.732564
vn 1.40932 -5.67808 -1.61271e-014
vt 0 0
v 4.75021 1.06865 0.722467
vn 1.33078 -5.697 -1.64274e-014
vt 0 0
v 4.80551 1.08238 0.697808
vn 1.40932 -5.67808 -1.61271e-014
vt 0 0
v 4.82245 1.08658 0.70175
vn 1.48717 -5.65819 -8.8782e-015
vt 0 0
v 4.80551 1.08238 0.697808
vn 1.40932 -5.67808 -1.61271e-014
vt 0 0
v 4.75021 1.06865 0.722467
vn 1.33078 -5.697 -1.64274e-014
vt 0 0
v 4.75021 1.06865 0.68607
vn 1.3073 -5.70243 -1.65164e-014
vt 0 0
v 4.82245 1.35989 0.70175
vn 1.48717 5.65819 -8.8782e-015
vt 0 0
v 4.79778 1.36601 0.732564
vn 1.40932 5.67808 -1.61271e-014
vt 0 0
v 4.82245 1.35989 0.738307
vn 1.51265 5.65143 -6.50021e-015
vt 0 0
v 4.82245 1.35989 0.70175
vn 1.48717 5.65819 -8.8782e-015
vt 0 0
v 4.75021 1.37782 0.722467
vn 1.33078 5.697 -1.64274e-014
vt 0 0
v 4.79778 1.36601 0.732564
vn 1.40932 5.67808 -1.61271e-014
vt 0 0
v 4.80551 1.3641 0.697808
vn 1.40932 5.67808 -1.61271e-014
vt 0 0
v 4.75021 1.37782 0.722467
vn 1.33078 5.697 -1.64274e-014
vt 0 0
v 4.82245 1.35989 0.70175
vn 1.48717 5.65819 -8.8782e-015
vt 0 0
v 4.75021 1.37782 0.722467
vn 1.33078 5.697 -1.64274e-014
vt 0 0
v 4.80551 1.3641 0.697808
vn 1.40932 5.67808 -1.61271e-014
vt 0 0
v 4.75021 1.37782 0.68607
vn 1.3073 5.70243 -1.65164e-014
vt 0 0
v 4.75021 1.37782 0.722467
vn -1.2146 -1.22876e-018 5.7229
vt 0 0
v 4.79778 1.08046 0.732564
vn -1.26214 -6.39319e-019 5.7126
vt 0 0
v 4.79778 1.36601 0.732564
vn -1.26214 -6.39319e-019 5.7126
vt 0 0
v 4.75021 1.37782 0.722467
vn -1.2146 -1.22876e-018 5.7229
vt 0 0
v 4.75021 1.06865 0.722467
vn -1.2146 -1.22876e-018 5.7229
vt 0 0
v 4.79778 1.08046 0.732564
vn -1.26214 -6.39319e-019 5.7126
vt 0 0
v 4.73848 1.38034 0.719978
vn -1.1528 9.45361e-019 5.73566
vt 0 0
v 4.75021 1.06865 0.722467
vn -1.2146 -1.22876e-018 5.7229
vt 0 0
v 4.75021 1.37782 0.722467
vn -1.2146 -1.22876e-018 5.7229
vt 0 0
v 4.75021 1.06865 0.722467
vn -1.2146 -1.22876e-018 5.7229
vt 0 0
v 4.73848 1.38034 0.719978
vn -1.1528 9.45361e-019 5.73566
vt 0 0
v 4.73848 1.06613 0.719978
vn -1.1528 9.45361e-019 5.73566
vt 0 0
v 4.75021 1.06865 0.68607
vn 1.2146 1.56449e-019 -5.7229
vt 0 0
v 4.80551 1.3641 0.697808
vn 1.26214 8.39287e-019 -5.7126
vt 0 0
v 4.80551 1.08238 0.697808
vn 1.26214 8.39287e-019 -5.7126
vt 0 0
v 4.75021 1.06865 0.68607
vn 1.2146 1.56449e-019 -5.7229
vt 0 0
v 4.75021 1.37782 0.68607
vn 1.2146 1.56449e-019 -5.7229
vt 0 0
v 4.80551 1.3641 0.697808
vn 1.26214 8.39287e-019 -5.7126
vt 0 0
v 4.74554 1.06765 0.685079
vn 1.15252 8.59996e-018 -5.73572
vt 0 0
v 4.75021 1.37782 0.68607
vn 1.2146 1.56449e-019 -5.7229
vt 0 0
v 4.75021 1.06865 0.68607
vn 1.2146 1.56449e-019 -5.7229
vt 0 0
v 4.75021 1.37782 0.68607
vn 1.2146 1.56449e-019 -5.7229
vt 0 0
v 4.74554 1.06765 0.685079
vn 1.15252 8.59996e-018 -5.73572
vt 0 0
v 4.74554 1.37883 0.685079
vn 1.15252 8.59996e-018 -5.73572
vt 0 0
v 4.73848 1.06613 0.719978
vn 1.22843 -5.71994 -1.68126e-014
vt 0 0
v 4.75021 1.06865 0.68607
vn 1.3073 -5.70243 -1.65164e-014
vt 0 0
v 4.75021 1.06865 0.722467
vn 1.33078 -5.697 -1.64274e-014
vt 0 0
v 4.67718 1.05297 0.708185
vn 1.14884 -5.73646 -1.78609e-014
vt 0 0
v 4.75021 1.06865 0.68607
vn 1.3073 -5.70243 -1.65164e-014
vt 0 0
v 4.73848 1.06613 0.719978
vn 1.22843 -5.71994 -1.68126e-014
vt 0 0
v 4.67718 1.05297 0.708185
vn 1.14884 -5.73646 -1.78609e-014
vt 0 0
v 4.74554 1.06765 0.685079
vn 1.22843 -5.71994 -1.68126e-014
vt 0 0
v 4.75021 1.06865 0.68607
vn 1.3073 -5.70243 -1.65164e-014
vt 0 0
v 4.74554 1.06765 0.685079
vn 1.22843 -5.71994 -1.68126e-014
vt 0 0
v 4.67718 1.05297 0.708185
vn 1.14884 -5.73646 -1.78609e-014
vt 0 0
v 4.67718 1.05297 0.671934
vn 1.1278 -5.74063 -1.81369e-014
vt 0 0
v 4.75021 1.37782 0.68607
vn 1.3073 5.70243 -1.65164e-014
vt 0 0
v 4.73848 1.38034 0.719978
vn 1.22843 5.71994 -1.68126e-014
vt 0 0
v 4.75021 1.37782 0.722467
vn 1.33078 5.697 -1.64274e-014
vt 0 0
v 4.75021 1.37782 0.68607
vn 1.3073 5.70243 -1.65164e-014
vt 0 0
v 4.67718 1.39351 0.708185
vn 1.14884 5.73646 -1.78609e-014
vt 0 0
v 4.73848 1.38034 0.719978
vn 1.22843 5.71994 -1.68126e-014
vt 0 0
v 4.74554 1.37883 0.685079
vn 1.22843 5.71994 -1.68126e-014
vt 0 0
v 4.67718 1.39351 0.708185
vn 1.14884 5.73646 -1.78609e-014
vt 0 0
v 4.75021 1.37782 0.68607
vn 1.3073 5.70243 -1.65164e-014
vt 0 0
v 4.67718 1.39351 0.708185
vn 1.14884 5.73646 -1.78609e-014
vt 0 0
v 4.74554 1.37883 0.685079
vn 1.22843 5.71994 -1.68126e-014
vt 0 0
v 4.67718 1.39351 0.671934
vn 1.1278 5.74063 -1.81369e-014
vt 0 0
v 0.576883 1.22306 0.0229656
vn -0.155782 -2.03594e-016 5.84829
vt 0 0
v 0.64897 1.20426 0.0265681
vn -0.418905 0.164918 5.83302
vt 0 0
v 0.652538 1.22306 0.0265681
vn -0.434314 1.74549e-016 5.83422
vt 0 0
v 0.64897 1.20426 0.0265681
vn -0.418905 0.164918 5.83302
vt 0 0
v 0.576883 1.22306 0.0229656
vn -0.155782 -2.03594e-016 5.84829
vt 0 0
v 0.575692 1.21679 0.0229656
vn -0.149221 0.0609139 5.84815
vt 0 0
v 0.575692 1.22933 0.0229656
vn -0.149221 -0.0609139 5.84815
vt 0 0
v 0.575692 1.21679 0.0229656
vn -0.149221 0.0609139 5.84815
vt 0 0
v 0.576883 1.22306 0.0229656
vn -0.155782 -2.03594e-016 5.84829
vt 0 0
v 0.572194 1.23521 0.0229656
vn -0.131481 -0.114975 5.84776
vt 0 0
v 0.575692 1.21679 0.0229656
vn -0.149221 0.0609139 5.84815
vt 0 0
v 0.575692 1.22933 0.0229656
vn -0.149221 -0.0609139 5.84815
vt 0 0
v 0.572194 1.23521 0.0229656
vn -0.131481 -0.114975 5.84776
vt 0 0
v 0.572194 1.21091 0.0229656
vn -0.131481 0.114975 5.84776
vt 0 0
v 0.575692 1.21679 0.0229656
vn -0.149221 0.0609139 5.84815
vt 0 0
v 0.572194 1.23521 0.0229656
vn -0.131481 -0.114975 5.84776
vt 0 0
v 0.566609 1.20579 0.0229656
vn -0.106104 0.158688 5.84725
vt 0 0
v 0.572194 1.21091 0.0229656
vn -0.131481 0.114975 5.84776
vt 0 0
v 0.566609 1.24033 0.0229656
vn -0.106104 -0.158688 5.84725
vt 0 0
v 0.566609 1.20579 0.0229656
vn -0.106104 0.158688 5.84725
vt 0 0
v 0.572194 1.23521 0.0229656
vn -0.131481 -0.114975 5.84776
vt 0 0
v 0.566609 1.24033 0.0229656
vn -0.106104 -0.158688 5.84725
vt 0 0
v 0.559288 1.20176 0.0229656
vn -0.0758725 0.190855 5.84676
vt 0 0
v 0.566609 1.20579 0.0229656
vn -0.106104 0.158688 5.84725
vt 0 0
v 0.559288 1.24436 0.0229656
vn -0.0758725 -0.190855 5.84676
vt 0 0
v 0.559288 1.20176 0.0229656
vn -0.0758725 0.190855 5.84676
vt 0 0
v 0.566609 1.24033 0.0229656
vn -0.106104 -0.158688 5.84725
vt 0 0
v 0.559288 1.24436 0.0229656
vn -0.0758725 -0.190855 5.84676
vt 0 0
v 0.55069 1.19907 0.0229656
vn -0.0428479 0.211128 5.8464
vt 0 0
v 0.559288 1.20176 0.0229656
vn -0.0758725 0.190855 5.84676
vt 0 0
v 0.55069 1.24705 0.0229656
vn -0.0428479 -0.211128 5.8464
vt 0 0
v 0.55069 1.19907 0.0229656
vn -0.0428479 0.211128 5.8464
vt 0 0
v 0.559288 1.24436 0.0229656
vn -0.0758725 -0.190855 5.84676
vt 0 0
v 0.541357 1.24824 0.0229656
vn -0.0086171 -0.219688 5.84623
vt 0 0
v 0.55069 1.19907 0.0229656
vn -0.0428479 0.211128 5.8464
vt 0 0
v 0.55069 1.24705 0.0229656
vn -0.0428479 -0.211128 5.8464
vt 0 0
v 0.541357 1.24824 0.0229656
vn -0.0086171 -0.219688 5.84623
vt 0 0
v 0.541357 1.19788 0.0229656
vn -0.0086171 0.219688 5.84623
vt 0 0
v 0.55069 1.19907 0.0229656
vn -0.0428479 0.211128 5.8464
vt 0 0
v 0.531874 1.24784 0.0229656
vn 0.0258069 -0.216847 5.84629
vt 0 0
v 0.541357 1.19788 0.0229656
vn -0.0086171 0.219688 5.84623
vt 0 0
v 0.541357 1.24824 0.0229656
vn -0.0086171 -0.219688 5.84623
vt 0 0
v 0.531874 1.24784 0.0229656
vn 0.0258069 -0.216847 5.84629
vt 0 0
v 0.531874 1.19828 0.0229656
vn 0.0258069 0.216847 5.84629
vt 0 0
v 0.541357 1.19788 0.0229656
vn -0.0086171 0.219688 5.84623
vt 0 0
v 0.522837 1.24589 0.0229656
vn 0.0595977 -0.202478 5.84656
vt 0 0
v 0.531874 1.19828 0.0229656
vn 0.0258069 0.216847 5.84629
vt 0 0
v 0.531874 1.24784 0.0229656
vn 0.0258069 -0.216847 5.84629
vt 0 0
v 0.522837 1.24589 0.0229656
vn 0.0595977 -0.202478 5.84656
vt 0 0
v 0.522837 1.20023 0.0229656
vn 0.0595977 0.202478 5.84656
vt 0 0
v 0.531874 1.19828 0.0229656
vn 0.0258069 0.216847 5.84629
vt 0 0
v 0.522837 1.24589 0.0229656
vn 0.0595977 -0.202478 5.84656
vt 0 0
v 0.514815 1.20362 0.0229656
vn 0.0914553 0.17625 5.847
vt 0 0
v 0.522837 1.20023 0.0229656
vn 0.0595977 0.202478 5.84656
vt 0 0
v 0.514815 1.2425 0.0229656
vn 0.0914553 -0.17625 5.847
vt 0 0
v 0.514815 1.20362 0.0229656
vn 0.0914553 0.17625 5.847
vt 0 0
v 0.522837 1.24589 0.0229656
vn 0.0595977 -0.202478 5.84656
vt 0 0
v 0.514815 1.2425 0.0229656
vn 0.0914553 -0.17625 5.847
vt 0 0
v 0.50831 1.20823 0.0229656
vn 0.11955 0.138229 5.84751
vt 0 0
v 0.514815 1.20362 0.0229656
vn 0.0914553 0.17625 5.847
vt 0 0
v 0.50831 1.23789 0.0229656
vn 0.11955 -0.138229 5.84751
vt 0 0
v 0.50831 1.20823 0.0229656
vn 0.11955 0.138229 5.84751
vt 0 0
v 0.514815 1.2425 0.0229656
vn 0.0914553 -0.17625 5.847
vt 0 0
v 0.503733 1.23235 0.0229656
vn 0.141522 -0.0890999 5.84798
vt 0 0
v 0.50831 1.20823 0.0229656
vn 0.11955 0.138229 5.84751
vt 0 0
v 0.50831 1.23789 0.0229656
vn 0.11955 -0.138229 5.84751
vt 0 0
v 0.503733 1.23235 0.0229656
vn 0.141522 -0.0890999 5.84798
vt 0 0
v 0.503733 1.21377 0.0229656
vn 0.141522 0.0890999 5.84798
vt 0 0
v 0.50831 1.20823 0.0229656
vn 0.11955 0.138229 5.84751
vt 0 0
v 0.50137 1.22622 0.0229656
vn 0.154104 -0.0309489 5.84826
vt 0 0
v 0.503733 1.21377 0.0229656
vn 0.141522 0.0890999 5.84798
vt 0 0
v 0.503733 1.23235 0.0229656
vn 0.141522 -0.0890999 5.84798
vt 0 0
v 0.503733 1.21377 0.0229656
vn 0.141522 0.0890999 5.84798
vt 0 0
v 0.50137 1.22622 0.0229656
vn 0.154104 -0.0309489 5.84826
vt 0 0
v 0.50137 1.2199 0.0229656
vn 0.154104 0.0309489 5.84826
vt 0 0
v 0.638491 1.25947 0.0265681
vn -0.375243 -0.316246 5.82975
vt 0 0
v 0.575692 1.22933 0.0229656
vn -0.149221 -0.0609139 5.84815
vt 0 0
v 0.64897 1.24185 0.0265681
vn -0.418905 -0.164918 5.83302
vt 0 0
v 0.575692 1.22933 0.0229656
vn -0.149221 -0.0609139 5.84815
vt 0 0
v 0.638491 1.25947 0.0265681
vn -0.375243 -0.316246 5.82975
vt 0 0
v 0.572194 1.23521 0.0229656
vn -0.131481 -0.114975 5.84776
vt 0 0
v 0.62176 1.27479 0.0265681
vn -0.30864 -0.444313 5.8253
vt 0 0
v 0.572194 1.23521 0.0229656
vn -0.131481 -0.114975 5.84776
vt 0 0
v 0.638491 1.25947 0.0265681
vn -0.375243 -0.316246 5.82975
vt 0 0
v 0.572194 1.23521 0.0229656
vn -0.131481 -0.114975 5.84776
vt 0 0
v 0.62176 1.27479 0.0265681
vn -0.30864 -0.444313 5.8253
vt 0 0
v 0.566609 1.24033 0.0229656
vn -0.106104 -0.158688 5.84725
vt 0 0
v 0.599826 1.28687 0.0265681
vn -0.224583 -0.542715 5.82081
vt 0 0
v 0.566609 1.24033 0.0229656
vn -0.106104 -0.158688 5.84725
vt 0 0
v 0.62176 1.27479 0.0265681
vn -0.30864 -0.444313 5.8253
vt 0 0
v 0.566609 1.24033 0.0229656
vn -0.106104 -0.158688 5.84725
vt 0 0
v 0.599826 1.28687 0.0265681
vn -0.224583 -0.542715 5.82081
vt 0 0
v 0.559288 1.24436 0.0229656
vn -0.0758725 -0.190855 5.84676
vt 0 0
v 0.574069 1.29494 0.0265681
vn -0.128547 -0.607118 5.81736
vt 0 0
v 0.559288 1.24436 0.0229656
vn -0.0758725 -0.190855 5.84676
vt 0 0
v 0.599826 1.28687 0.0265681
vn -0.224583 -0.542715 5.82081
vt 0 0
v 0.559288 1.24436 0.0229656
vn -0.0758725 -0.190855 5.84676
vt 0 0
v 0.574069 1.29494 0.0265681
vn -0.128547 -0.607118 5.81736
vt 0 0
v 0.55069 1.24705 0.0229656
vn -0.0428479 -0.211128 5.8464
vt 0 0
v 0.546107 1.29849 0.0265681
vn -0.0260253 -0.635073 5.81574
vt 0 0
v 0.55069 1.24705 0.0229656
vn -0.0428479 -0.211128 5.8464
vt 0 0
v 0.574069 1.29494 0.0265681
vn -0.128547 -0.607118 5.81736
vt 0 0
v 0.55069 1.24705 0.0229656
vn -0.0428479 -0.211128 5.8464
vt 0 0
v 0.546107 1.29849 0.0265681
vn -0.0260253 -0.635073 5.81574
vt 0 0
v 0.541357 1.24824 0.0229656
vn -0.0086171 -0.219688 5.84623
vt 0 0
v 0.546107 1.29849 0.0265681
vn -0.0260253 -0.635073 5.81574
vt 0 0
v 0.531874 1.24784 0.0229656
vn 0.0258069 -0.216847 5.84629
vt 0 0
v 0.541357 1.24824 0.0229656
vn -0.0086171 -0.219688 5.84623
vt 0 0
v 0.531874 1.24784 0.0229656
vn 0.0258069 -0.216847 5.84629
vt 0 0
v 0.546107 1.29849 0.0265681
vn -0.0260253 -0.635073 5.81574
vt 0 0
v 0.517698 1.2973 0.0265681
vn 0.0777623 -0.625734 5.81629
vt 0 0
v 0.517698 1.2973 0.0265681
vn 0.0777623 -0.625734 5.81629
vt 0 0
v 0.522837 1.24589 0.0229656
vn 0.0595977 -0.202478 5.84656
vt 0 0
v 0.531874 1.24784 0.0229656
vn 0.0258069 -0.216847 5.84629
vt 0 0
v 0.522837 1.24589 0.0229656
vn 0.0595977 -0.202478 5.84656
vt 0 0
v 0.517698 1.2973 0.0265681
vn 0.0777623 -0.625734 5.81629
vt 0 0
v 0.490625 1.29144 0.0265681
vn 0.177716 -0.579363 5.8189
vt 0 0
v 0.490625 1.29144 0.0265681
vn 0.177716 -0.579363 5.8189
vt 0 0
v 0.514815 1.2425 0.0229656
vn 0.0914553 -0.17625 5.847
vt 0 0
v 0.522837 1.24589 0.0229656
vn 0.0595977 -0.202478 5.84656
vt 0 0
v 0.514815 1.2425 0.0229656
vn 0.0914553 -0.17625 5.847
vt 0 0
v 0.490625 1.29144 0.0265681
vn 0.177716 -0.579363 5.8189
vt 0 0
v 0.46659 1.28129 0.0265681
vn 0.268454 -0.497537 5.82299
vt 0 0
v 0.46659 1.28129 0.0265681
vn 0.268454 -0.497537 5.82299
vt 0 0
v 0.50831 1.23789 0.0229656
vn 0.11955 -0.138229 5.84751
vt 0 0
v 0.514815 1.2425 0.0229656
vn 0.0914553 -0.17625 5.847
vt 0 0
v 0.50831 1.23789 0.0229656
vn 0.11955 -0.138229 5.84751
vt 0 0
v 0.46659 1.28129 0.0265681
vn 0.268454 -0.497537 5.82299
vt 0 0
v 0.447104 1.26748 0.0265681
vn 0.344462 -0.383642 5.8276
vt 0 0
v 0.447104 1.26748 0.0265681
vn 0.344462 -0.383642 5.8276
vt 0 0
v 0.503733 1.23235 0.0229656
vn 0.141522 -0.0890999 5.84798
vt 0 0
v 0.50831 1.23789 0.0229656
vn 0.11955 -0.138229 5.84751
vt 0 0
v 0.503733 1.23235 0.0229656
vn 0.141522 -0.0890999 5.84798
vt 0 0
v 0.447104 1.26748 0.0265681
vn 0.344462 -0.383642 5.8276
vt 0 0
v 0.43339 1.25088 0.0265681
vn 0.400293 -0.242985 5.8316
vt 0 0
v 0.43339 1.25088 0.0265681
vn 0.400293 -0.242985 5.8316
vt 0 0
v 0.50137 1.22622 0.0229656
vn 0.154104 -0.0309489 5.84826
vt 0 0
v 0.503733 1.23235 0.0229656
vn 0.141522 -0.0890999 5.84798
vt 0 0
v 0.50137 1.22622 0.0229656
vn 0.154104 -0.0309489 5.84826
vt 0 0
v 0.43339 1.25088 0.0265681
vn 0.400293 -0.242985 5.8316
vt 0 0
v 0.426311 1.23253 0.0265681
vn 0.430414 -0.0833795 5.83392
vt 0 0
v 0.426311 1.23253 0.0265681
vn 0.430414 -0.0833795 5.83392
vt 0 0
v 0.50137 1.2199 0.0229656
vn 0.154104 0.0309489 5.84826
vt 0 0
v 0.50137 1.22622 0.0229656
vn 0.154104 -0.0309489 5.84826
vt 0 0
v 0.50137 1.2199 0.0229656
vn 0.154104 0.0309489 5.84826
vt 0 0
v 0.426311 1.23253 0.0265681
vn 0.430414 -0.0833795 5.83392
vt 0 0
v 0.426311 1.21359 0.0265681
vn 0.430414 0.0833795 5.83392
vt 0 0
v 0.50137 1.2199 0.0229656
vn 0.154104 0.0309489 5.84826
vt 0 0
v 0.43339 1.19524 0.0265681
vn 0.400293 0.242985 5.8316
vt 0 0
v 0.503733 1.21377 0.0229656
vn 0.141522 0.0890999 5.84798
vt 0 0
v 0.43339 1.19524 0.0265681
vn 0.400293 0.242985 5.8316
vt 0 0
v 0.50137 1.2199 0.0229656
vn 0.154104 0.0309489 5.84826
vt 0 0
v 0.426311 1.21359 0.0265681
vn 0.430414 0.0833795 5.83392
vt 0 0
v 0.503733 1.21377 0.0229656
vn 0.141522 0.0890999 5.84798
vt 0 0
v 0.447104 1.17864 0.0265681
vn 0.344462 0.383642 5.8276
vt 0 0
v 0.50831 1.20823 0.0229656
vn 0.11955 0.138229 5.84751
vt 0 0
v 0.447104 1.17864 0.0265681
vn 0.344462 0.383642 5.8276
vt 0 0
v 0.503733 1.21377 0.0229656
vn 0.141522 0.0890999 5.84798
vt 0 0
v 0.43339 1.19524 0.0265681
vn 0.400293 0.242985 5.8316
vt 0 0
v 0.50831 1.20823 0.0229656
vn 0.11955 0.138229 5.84751
vt 0 0
v 0.46659 1.16483 0.0265681
vn 0.268454 0.497537 5.82299
vt 0 0
v 0.514815 1.20362 0.0229656
vn 0.0914553 0.17625 5.847
vt 0 0
v 0.46659 1.16483 0.0265681
vn 0.268454 0.497537 5.82299
vt 0 0
v 0.50831 1.20823 0.0229656
vn 0.11955 0.138229 5.84751
vt 0 0
v 0.447104 1.17864 0.0265681
vn 0.344462 0.383642 5.8276
vt 0 0
v 0.514815 1.20362 0.0229656
vn 0.0914553 0.17625 5.847
vt 0 0
v 0.490625 1.15468 0.0265681
vn 0.177716 0.579363 5.8189
vt 0 0
v 0.522837 1.20023 0.0229656
vn 0.0595977 0.202478 5.84656
vt 0 0
v 0.490625 1.15468 0.0265681
vn 0.177716 0.579363 5.8189
vt 0 0
v 0.514815 1.20362 0.0229656
vn 0.0914553 0.17625 5.847
vt 0 0
v 0.46659 1.16483 0.0265681
vn 0.268454 0.497537 5.82299
vt 0 0
v 0.522837 1.20023 0.0229656
vn 0.0595977 0.202478 5.84656
vt 0 0
v 0.517698 1.14882 0.0265681
vn 0.0777623 0.625734 5.81629
vt 0 0
v 0.531874 1.19828 0.0229656
vn 0.0258069 0.216847 5.84629
vt 0 0
v 0.517698 1.14882 0.0265681
vn 0.0777623 0.625734 5.81629
vt 0 0
v 0.522837 1.20023 0.0229656
vn 0.0595977 0.202478 5.84656
vt 0 0
v 0.490625 1.15468 0.0265681
vn 0.177716 0.579363 5.8189
vt 0 0
v 0.531874 1.19828 0.0229656
vn 0.0258069 0.216847 5.84629
vt 0 0
v 0.546107 1.14763 0.0265681
vn -0.0260253 0.635073 5.81574
vt 0 0
v 0.541357 1.19788 0.0229656
vn -0.0086171 0.219688 5.84623
vt 0 0
v 0.546107 1.14763 0.0265681
vn -0.0260253 0.635073 5.81574
vt 0 0
v 0.531874 1.19828 0.0229656
vn 0.0258069 0.216847 5.84629
vt 0 0
v 0.517698 1.14882 0.0265681
vn 0.0777623 0.625734 5.81629
vt 0 0
v 0.55069 1.19907 0.0229656
vn -0.0428479 0.211128 5.8464
vt 0 0
v 0.546107 1.14763 0.0265681
vn -0.0260253 0.635073 5.81574
vt 0 0
v 0.574069 1.15118 0.0265681
vn -0.128547 0.607118 5.81736
vt 0 0
v 0.546107 1.14763 0.0265681
vn -0.0260253 0.635073 5.81574
vt 0 0
v 0.55069 1.19907 0.0229656
vn -0.0428479 0.211128 5.8464
vt 0 0
v 0.541357 1.19788 0.0229656
vn -0.0086171 0.219688 5.84623
vt 0 0
v 0.559288 1.20176 0.0229656
vn -0.0758725 0.190855 5.84676
vt 0 0
v 0.574069 1.15118 0.0265681
vn -0.128547 0.607118 5.81736
vt 0 0
v 0.599826 1.15925 0.0265681
vn -0.224583 0.542715 5.82081
vt 0 0
v 0.574069 1.15118 0.0265681
vn -0.128547 0.607118 5.81736
vt 0 0
v 0.559288 1.20176 0.0229656
vn -0.0758725 0.190855 5.84676
vt 0 0
v 0.55069 1.19907 0.0229656
vn -0.0428479 0.211128 5.8464
vt 0 0
v 0.566609 1.20579 0.0229656
vn -0.106104 0.158688 5.84725
vt 0 0
v 0.599826 1.15925 0.0265681
vn -0.224583 0.542715 5.82081
vt 0 0
v 0.62176 1.17133 0.0265681
vn -0.30864 0.444313 5.8253
vt 0 0
v 0.599826 1.15925 0.0265681
vn -0.224583 0.542715 5.82081
vt 0 0
v 0.566609 1.20579 0.0229656
vn -0.106104 0.158688 5.84725
vt 0 0
v 0.559288 1.20176 0.0229656
vn -0.0758725 0.190855 5.84676
vt 0 0
v 0.572194 1.21091 0.0229656
vn -0.131481 0.114975 5.84776
vt 0 0
v 0.62176 1.17133 0.0265681
vn -0.30864 0.444313 5.8253
vt 0 0
v 0.638491 1.18665 0.0265681
vn -0.375243 0.316246 5.82975
vt 0 0
v 0.62176 1.17133 0.0265681
vn -0.30864 0.444313 5.8253
vt 0 0
v 0.572194 1.21091 0.0229656
vn -0.131481 0.114975 5.84776
vt 0 0
v 0.566609 1.20579 0.0229656
vn -0.106104 0.158688 5.84725
vt 0 0
v 0.575692 1.21679 0.0229656
vn -0.149221 0.0609139 5.84815
vt 0 0
v 0.638491 1.18665 0.0265681
vn -0.375243 0.316246 5.82975
vt 0 0
v 0.64897 1.20426 0.0265681
vn -0.418905 0.164918 5.83302
vt 0 0
v 0.638491 1.18665 0.0265681
vn -0.375243 0.316246 5.82975
vt 0 0
v 0.575692 1.21679 0.0229656
vn -0.149221 0.0609139 5.84815
vt 0 0
v 0.572194 1.21091 0.0229656
vn -0.131481 0.114975 5.84776
vt 0 0
v 0.651865 1.20377 0.00369736
vn 0.418905 -0.164918 -5.83302
vt 0 0
v 0.57788 1.22306 2.06197e-015
vn 0.155782 4.71821e-016 -5.84829
vt 0 0
v 0.655527 1.22306 0.00369736
vn 0.434314 7.24053e-016 -5.83422
vt 0 0
v 0.57788 1.22306 2.06197e-015
vn 0.155782 4.71821e-016 -5.84829
vt 0 0
v 0.651865 1.20377 0.00369736
vn 0.418905 -0.164918 -5.83302
vt 0 0
v 0.576658 1.21662 2.06197e-015
vn 0.149221 -0.0609139 -5.84815
vt 0 0
v 0.64111 1.18569 0.00369736
vn 0.375243 -0.316246 -5.82975
vt 0 0
v 0.576658 1.21662 2.06197e-015
vn 0.149221 -0.0609139 -5.84815
vt 0 0
v 0.651865 1.20377 0.00369736
vn 0.418905 -0.164918 -5.83302
vt 0 0
v 0.576658 1.21662 2.06197e-015
vn 0.149221 -0.0609139 -5.84815
vt 0 0
v 0.64111 1.18569 0.00369736
vn 0.375243 -0.316246 -5.82975
vt 0 0
v 0.573068 1.21059 2.06197e-015
vn 0.131481 -0.114975 -5.84776
vt 0 0
v 0.623938 1.16996 0.00369736
vn 0.30864 -0.444313 -5.8253
vt 0 0
v 0.573068 1.21059 2.06197e-015
vn 0.131481 -0.114975 -5.84776
vt 0 0
v 0.64111 1.18569 0.00369736
vn 0.375243 -0.316246 -5.82975
vt 0 0
v 0.573068 1.21059 2.06197e-015
vn 0.131481 -0.114975 -5.84776
vt 0 0
v 0.623938 1.16996 0.00369736
vn 0.30864 -0.444313 -5.8253
vt 0 0
v 0.567336 1.20534 2.06197e-015
vn 0.106104 -0.158688 -5.84725
vt 0 0
v 0.601427 1.15757 0.00369736
vn 0.224583 -0.542715 -5.82081
vt 0 0
v 0.567336 1.20534 2.06197e-015
vn 0.106104 -0.158688 -5.84725
vt 0 0
v 0.623938 1.16996 0.00369736
vn 0.30864 -0.444313 -5.8253
vt 0 0
v 0.567336 1.20534 2.06197e-015
vn 0.106104 -0.158688 -5.84725
vt 0 0
v 0.601427 1.15757 0.00369736
vn 0.224583 -0.542715 -5.82081
vt 0 0
v 0.559822 1.2012 2.06197e-015
vn 0.0758725 -0.190855 -5.84676
vt 0 0
v 0.574993 1.14929 0.00369736
vn 0.128547 -0.607118 -5.81736
vt 0 0
v 0.559822 1.2012 2.06197e-015
vn 0.0758725 -0.190855 -5.84676
vt 0 0
v 0.601427 1.15757 0.00369736
vn 0.224583 -0.542715 -5.82081
vt 0 0
v 0.559822 1.2012 2.06197e-015
vn 0.0758725 -0.190855 -5.84676
vt 0 0
v 0.574993 1.14929 0.00369736
vn 0.128547 -0.607118 -5.81736
vt 0 0
v 0.550999 1.19844 2.06197e-015
vn 0.0428479 -0.211128 -5.8464
vt 0 0
v 0.546295 1.14565 0.00369736
vn 0.0260253 -0.635073 -5.81574
vt 0 0
v 0.550999 1.19844 2.06197e-015
vn 0.0428479 -0.211128 -5.8464
vt 0 0
v 0.574993 1.14929 0.00369736
vn 0.128547 -0.607118 -5.81736
vt 0 0
v 0.550999 1.19844 2.06197e-015
vn 0.0428479 -0.211128 -5.8464
vt 0 0
v 0.546295 1.14565 0.00369736
vn 0.0260253 -0.635073 -5.81574
vt 0 0
v 0.54142 1.19722 2.06197e-015
vn 0.0086171 -0.219688 -5.84623
vt 0 0
v 0.546295 1.14565 0.00369736
vn 0.0260253 -0.635073 -5.81574
vt 0 0
v 0.531687 1.19763 2.06197e-015
vn -0.0258069 -0.216847 -5.84629
vt 0 0
v 0.54142 1.19722 2.06197e-015
vn 0.0086171 -0.219688 -5.84623
vt 0 0
v 0.531687 1.19763 2.06197e-015
vn -0.0258069 -0.216847 -5.84629
vt 0 0
v 0.546295 1.14565 0.00369736
vn 0.0260253 -0.635073 -5.81574
vt 0 0
v 0.517138 1.14687 0.00369736
vn -0.0777623 -0.625734 -5.81629
vt 0 0
v 0.517138 1.14687 0.00369736
vn -0.0777623 -0.625734 -5.81629
vt 0 0
v 0.522413 1.19963 2.06197e-015
vn -0.0595977 -0.202478 -5.84656
vt 0 0
v 0.531687 1.19763 2.06197e-015
vn -0.0258069 -0.216847 -5.84629
vt 0 0
v 0.522413 1.19963 2.06197e-015
vn -0.0595977 -0.202478 -5.84656
vt 0 0
v 0.517138 1.14687 0.00369736
vn -0.0777623 -0.625734 -5.81629
vt 0 0
v 0.489352 1.15288 0.00369736
vn -0.177716 -0.579363 -5.8189
vt 0 0
v 0.489352 1.15288 0.00369736
vn -0.177716 -0.579363 -5.8189
vt 0 0
v 0.514179 1.20311 2.06197e-015
vn -0.0914553 -0.17625 -5.847
vt 0 0
v 0.522413 1.19963 2.06197e-015
vn -0.0595977 -0.202478 -5.84656
vt 0 0
v 0.514179 1.20311 2.06197e-015
vn -0.0914553 -0.17625 -5.847
vt 0 0
v 0.489352 1.15288 0.00369736
vn -0.177716 -0.579363 -5.8189
vt 0 0
v 0.464685 1.1633 0.00369736
vn -0.268454 -0.497537 -5.82299
vt 0 0
v 0.464685 1.1633 0.00369736
vn -0.268454 -0.497537 -5.82299
vt 0 0
v 0.507503 1.20784 2.06197e-015
vn -0.11955 -0.138229 -5.84751
vt 0 0
v 0.514179 1.20311 2.06197e-015
vn -0.0914553 -0.17625 -5.847
vt 0 0
v 0.507503 1.20784 2.06197e-015
vn -0.11955 -0.138229 -5.84751
vt 0 0
v 0.464685 1.1633 0.00369736
vn -0.268454 -0.497537 -5.82299
vt 0 0
v 0.444686 1.17747 0.00369736
vn -0.344462 -0.383642 -5.8276
vt 0 0
v 0.444686 1.17747 0.00369736
vn -0.344462 -0.383642 -5.8276
vt 0 0
v 0.502805 1.21353 2.06197e-015
vn -0.141522 -0.0890999 -5.84798
vt 0 0
v 0.507503 1.20784 2.06197e-015
vn -0.11955 -0.138229 -5.84751
vt 0 0
v 0.502805 1.21353 2.06197e-015
vn -0.141522 -0.0890999 -5.84798
vt 0 0
v 0.444686 1.17747 0.00369736
vn -0.344462 -0.383642 -5.8276
vt 0 0
v 0.430612 1.19451 0.00369736
vn -0.400293 -0.242985 -5.8316
vt 0 0
v 0.430612 1.19451 0.00369736
vn -0.400293 -0.242985 -5.8316
vt 0 0
v 0.50038 1.21981 2.06197e-015
vn -0.154104 -0.0309489 -5.84826
vt 0 0
v 0.502805 1.21353 2.06197e-015
vn -0.141522 -0.0890999 -5.84798
vt 0 0
v 0.50038 1.21981 2.06197e-015
vn -0.154104 -0.0309489 -5.84826
vt 0 0
v 0.430612 1.19451 0.00369736
vn -0.400293 -0.242985 -5.8316
vt 0 0
v 0.423346 1.21334 0.00369736
vn -0.430414 -0.0833795 -5.83392
vt 0 0
v 0.514179 1.24301 2.06197e-015
vn -0.0914553 0.17625 -5.847
vt 0 0
v 0.489352 1.29324 0.00369736
vn -0.177716 0.579363 -5.8189
vt 0 0
v 0.522413 1.24649 2.06197e-015
vn -0.0595977 0.202478 -5.84656
vt 0 0
v 0.489352 1.29324 0.00369736
vn -0.177716 0.579363 -5.8189
vt 0 0
v 0.514179 1.24301 2.06197e-015
vn -0.0914553 0.17625 -5.847
vt 0 0
v 0.464685 1.28282 0.00369736
vn -0.268454 0.497537 -5.82299
vt 0 0
v 0.522413 1.24649 2.06197e-015
vn -0.0595977 0.202478 -5.84656
vt 0 0
v 0.517138 1.29925 0.00369736
vn -0.0777623 0.625734 -5.81629
vt 0 0
v 0.531687 1.24849 2.06197e-015
vn -0.0258069 0.216847 -5.84629
vt 0 0
v 0.517138 1.29925 0.00369736
vn -0.0777623 0.625734 -5.81629
vt 0 0
v 0.522413 1.24649 2.06197e-015
vn -0.0595977 0.202478 -5.84656
vt 0 0
v 0.489352 1.29324 0.00369736
vn -0.177716 0.579363 -5.8189
vt 0 0
v 0.531687 1.24849 2.06197e-015
vn -0.0258069 0.216847 -5.84629
vt 0 0
v 0.546295 1.30047 0.00369736
vn 0.0260253 0.635073 -5.81574
vt 0 0
v 0.54142 1.2489 2.06197e-015
vn 0.0086171 0.219688 -5.84623
vt 0 0
v 0.546295 1.30047 0.00369736
vn 0.0260253 0.635073 -5.81574
vt 0 0
v 0.531687 1.24849 2.06197e-015
vn -0.0258069 0.216847 -5.84629
vt 0 0
v 0.517138 1.29925 0.00369736
vn -0.0777623 0.625734 -5.81629
vt 0 0
v 0.550999 1.24768 2.06197e-015
vn 0.0428479 0.211128 -5.8464
vt 0 0
v 0.546295 1.30047 0.00369736
vn 0.0260253 0.635073 -5.81574
vt 0 0
v 0.574993 1.29683 0.00369736
vn 0.128547 0.607118 -5.81736
vt 0 0
v 0.546295 1.30047 0.00369736
vn 0.0260253 0.635073 -5.81574
vt 0 0
v 0.550999 1.24768 2.06197e-015
vn 0.0428479 0.211128 -5.8464
vt 0 0
v 0.54142 1.2489 2.06197e-015
vn 0.0086171 0.219688 -5.84623
vt 0 0
v 0.559822 1.24492 2.06197e-015
vn 0.0758725 0.190855 -5.84676
vt 0 0
v 0.574993 1.29683 0.00369736
vn 0.128547 0.607118 -5.81736
vt 0 0
v 0.601427 1.28855 0.00369736
vn 0.224583 0.542715 -5.82081
vt 0 0
v 0.574993 1.29683 0.00369736
vn 0.128547 0.607118 -5.81736
vt 0 0
v 0.559822 1.24492 2.06197e-015
vn 0.0758725 0.190855 -5.84676
vt 0 0
v 0.550999 1.24768 2.06197e-015
vn 0.0428479 0.211128 -5.8464
vt 0 0
v 0.567336 1.24078 2.06197e-015
vn 0.106104 0.158688 -5.84725
vt 0 0
v 0.601427 1.28855 0.00369736
vn 0.224583 0.542715 -5.82081
vt 0 0
v 0.623938 1.27616 0.00369736
vn 0.30864 0.444313 -5.8253
vt 0 0
v 0.601427 1.28855 0.00369736
vn 0.224583 0.542715 -5.82081
vt 0 0
v 0.567336 1.24078 2.06197e-015
vn 0.106104 0.158688 -5.84725
vt 0 0
v 0.559822 1.24492 2.06197e-015
vn 0.0758725 0.190855 -5.84676
vt 0 0
v 0.573068 1.23553 2.06197e-015
vn 0.131481 0.114975 -5.84776
vt 0 0
v 0.623938 1.27616 0.00369736
vn 0.30864 0.444313 -5.8253
vt 0 0
v 0.64111 1.26043 0.00369736
vn 0.375243 0.316246 -5.82975
vt 0 0
v 0.623938 1.27616 0.00369736
vn 0.30864 0.444313 -5.8253
vt 0 0
v 0.573068 1.23553 2.06197e-015
vn 0.131481 0.114975 -5.84776
vt 0 0
v 0.567336 1.24078 2.06197e-015
vn 0.106104 0.158688 -5.84725
vt 0 0
v 0.576658 1.2295 2.06197e-015
vn 0.149221 0.0609139 -5.84815
vt 0 0
v 0.64111 1.26043 0.00369736
vn 0.375243 0.316246 -5.82975
vt 0 0
v 0.651865 1.24235 0.00369736
vn 0.418905 0.164918 -5.83302
vt 0 0
v 0.64111 1.26043 0.00369736
vn 0.375243 0.316246 -5.82975
vt 0 0
v 0.576658 1.2295 2.06197e-015
vn 0.149221 0.0609139 -5.84815
vt 0 0
v 0.573068 1.23553 2.06197e-015
vn 0.131481 0.114975 -5.84776
vt 0 0
v 0.57788 1.22306 2.06197e-015
vn 0.155782 4.71821e-016 -5.84829
vt 0 0
v 0.651865 1.24235 0.00369736
vn 0.418905 0.164918 -5.83302
vt 0 0
v 0.655527 1.22306 0.00369736
vn 0.434314 7.24053e-016 -5.83422
vt 0 0
v 0.651865 1.24235 0.00369736
vn 0.418905 0.164918 -5.83302
vt 0 0
v 0.57788 1.22306 2.06197e-015
vn 0.155782 4.71821e-016 -5.84829
vt 0 0
v 0.576658 1.2295 2.06197e-015
vn 0.149221 0.0609139 -5.84815
vt 0 0
v 4.67718 1.39351 0.708185
vn -1.10533 2.61223e-018 5.745
vt 0 0
v 4.73848 1.06613 0.719978
vn -1.1528 9.45361e-019 5.73566
vt 0 0
v 4.73848 1.38034 0.719978
vn -1.1528 9.45361e-019 5.73566
vt 0 0
v 4.67718 1.39351 0.708185
vn -1.10533 2.61223e-018 5.745
vt 0 0
v 4.67718 1.05297 0.708185
vn -1.10533 2.61223e-018 5.745
vt 0 0
v 4.73848 1.06613 0.719978
vn -1.1528 9.45361e-019 5.73566
vt 0 0
v 4.67111 1.39461 0.707016
vn -1.04824 3.06115e-018 5.75569
vt 0 0
v 4.67718 1.05297 0.708185
vn -1.10533 2.61223e-018 5.745
vt 0 0
v 4.67718 1.39351 0.708185
vn -1.10533 2.61223e-018 5.745
vt 0 0
v 4.67718 1.05297 0.708185
vn -1.10533 2.61223e-018 5.745
vt 0 0
v 4.67111 1.39461 0.707016
vn -1.04824 3.06115e-018 5.75569
vt 0 0
v 4.67111 1.05186 0.707016
vn -1.04824 3.06115e-018 5.75569
vt 0 0
v 4.67111 1.05186 0.707016
vn 1.04748 -5.75583 -1.91867e-014
vt 0 0
v 4.67718 1.05297 0.671934
vn 1.1278 -5.74063 -1.81369e-014
vt 0 0
v 4.67718 1.05297 0.708185
vn 1.14884 -5.73646 -1.78609e-014
vt 0 0
v 4.60348 1.03955 0.695252
vn 0.966897 -5.76991 -1.72154e-014
vt 0 0
v 4.67718 1.05297 0.671934
vn 1.1278 -5.74063 -1.81369e-014
vt 0 0
v 4.67111 1.05186 0.707016
vn 1.04748 -5.75583 -1.91867e-014
vt 0 0
v 4.67718 1.05297 0.671934
vn 1.1278 -5.74063 -1.81369e-014
vt 0 0
v 4.60348 1.03955 0.695252
vn 0.966897 -5.76991 -1.72154e-014
vt 0 0
v 4.60348 1.03955 0.659113
vn 0.947316 -5.77316 -1.67365e-014
vt 0 0
v 4.67718 1.05297 0.671934
vn 1.04745 8.89444e-018 -5.75584
vt 0 0
v 4.74554 1.37883 0.685079
vn 1.15252 8.59996e-018 -5.73572
vt 0 0
v 4.74554 1.06765 0.685079
vn 1.15252 8.59996e-018 -5.73572
vt 0 0
v 4.74554 1.37883 0.685079
vn 1.15252 8.59996e-018 -5.73572
vt 0 0
v 4.67718 1.05297 0.671934
vn 1.04745 8.89444e-018 -5.75584
vt 0 0
v 4.67718 1.39351 0.671934
vn 1.04745 8.89444e-018 -5.75584
vt 0 0
v 4.67718 1.39351 0.671934
vn 1.1278 5.74063 -1.81369e-014
vt 0 0
v 4.67111 1.39461 0.707016
vn 1.04748 5.75583 -1.91867e-014
vt 0 0
v 4.67718 1.39351 0.708185
vn 1.14884 5.73646 -1.78609e-014
vt 0 0
v 4.67718 1.39351 0.671934
vn 1.1278 5.74063 -1.81369e-014
vt 0 0
v 4.60348 1.40692 0.695252
vn 0.966897 5.76991 -1.72154e-014
vt 0 0
v 4.67111 1.39461 0.707016
vn 1.04748 5.75583 -1.91867e-014
vt 0 0
v 4.60348 1.40692 0.695252
vn 0.966897 5.76991 -1.72154e-014
vt 0 0
v 4.67718 1.39351 0.671934
vn 1.1278 5.74063 -1.81369e-014
vt 0 0
v 4.60348 1.40692 0.659113
vn 0.947316 5.77316 -1.67365e-014
vt 0 0
v 0.652538 1.22306 0.0265681
vn -0.434314 1.74549e-016 5.83422
vt 0 0
v 0.721795 1.19182 0.0337584
vn -0.68894 0.268991 5.80343
vt 0 0
v 0.727725 1.22306 0.0337584
vn -0.713435 -2.58671e-017 5.8067
vt 0 0
v 0.721795 1.19182 0.0337584
vn -0.68894 0.268991 5.80343
vt 0 0
v 0.652538 1.22306 0.0265681
vn -0.434314 1.74549e-016 5.83422
vt 0 0
v 0.64897 1.20426 0.0265681
vn -0.418905 0.164918 5.83302
vt 0 0
v 0.64897 1.24185 0.0265681
vn -0.418905 -0.164918 5.83302
vt 0 0
v 0.576883 1.22306 0.0229656
vn -0.155782 -2.03594e-016 5.84829
vt 0 0
v 0.652538 1.22306 0.0265681
vn -0.434314 1.74549e-016 5.83422
vt 0 0
v 0.576883 1.22306 0.0229656
vn -0.155782 -2.03594e-016 5.84829
vt 0 0
v 0.64897 1.24185 0.0265681
vn -0.418905 -0.164918 5.83302
vt 0 0
v 0.575692 1.22933 0.0229656
vn -0.149221 -0.0609139 5.84815
vt 0 0
v 0.50038 1.21981 2.06197e-015
vn -0.154104 -0.0309489 -5.84826
vt 0 0
v 0.423346 1.23278 0.00369736
vn -0.430414 0.0833795 -5.83392
vt 0 0
v 0.50038 1.2263 2.06197e-015
vn -0.154104 0.0309489 -5.84826
vt 0 0
v 0.423346 1.23278 0.00369736
vn -0.430414 0.0833795 -5.83392
vt 0 0
v 0.50038 1.21981 2.06197e-015
vn -0.154104 -0.0309489 -5.84826
vt 0 0
v 0.423346 1.21334 0.00369736
vn -0.430414 -0.0833795 -5.83392
vt 0 0
v 0.576658 1.21662 2.06197e-015
vn 0.149221 -0.0609139 -5.84815
vt 0 0
v 0.576658 1.2295 2.06197e-015
vn 0.149221 0.0609139 -5.84815
vt 0 0
v 0.57788 1.22306 2.06197e-015
vn 0.155782 4.71821e-016 -5.84829
vt 0 0
v 0.576658 1.21662 2.06197e-015
vn 0.149221 -0.0609139 -5.84815
vt 0 0
v 0.573068 1.23553 2.06197e-015
vn 0.131481 0.114975 -5.84776
vt 0 0
v 0.576658 1.2295 2.06197e-015
vn 0.149221 0.0609139 -5.84815
vt 0 0
v 0.573068 1.21059 2.06197e-015
vn 0.131481 -0.114975 -5.84776
vt 0 0
v 0.573068 1.23553 2.06197e-015
vn 0.131481 0.114975 -5.84776
vt 0 0
v 0.576658 1.21662 2.06197e-015
vn 0.149221 -0.0609139 -5.84815
vt 0 0
v 0.573068 1.21059 2.06197e-015
vn 0.131481 -0.114975 -5.84776
vt 0 0
v 0.567336 1.24078 2.06197e-015
vn 0.106104 0.158688 -5.84725
vt 0 0
v 0.573068 1.23553 2.06197e-015
vn 0.131481 0.114975 -5.84776
vt 0 0
v 0.567336 1.20534 2.06197e-015
vn 0.106104 -0.158688 -5.84725
vt 0 0
v 0.567336 1.24078 2.06197e-015
vn 0.106104 0.158688 -5.84725
vt 0 0
v 0.573068 1.21059 2.06197e-015
vn 0.131481 -0.114975 -5.84776
vt 0 0
v 0.559822 1.2012 2.06197e-015
vn 0.0758725 -0.190855 -5.84676
vt 0 0
v 0.567336 1.24078 2.06197e-015
vn 0.106104 0.158688 -5.84725
vt 0 0
v 0.567336 1.20534 2.06197e-015
vn 0.106104 -0.158688 -5.84725
vt 0 0
v 0.559822 1.2012 2.06197e-015
vn 0.0758725 -0.190855 -5.84676
vt 0 0
v 0.559822 1.24492 2.06197e-015
vn 0.0758725 0.190855 -5.84676
vt 0 0
v 0.567336 1.24078 2.06197e-015
vn 0.106104 0.158688 -5.84725
vt 0 0
v 0.550999 1.19844 2.06197e-015
vn 0.0428479 -0.211128 -5.8464
vt 0 0
v 0.559822 1.24492 2.06197e-015
vn 0.0758725 0.190855 -5.84676
vt 0 0
v 0.559822 1.2012 2.06197e-015
vn 0.0758725 -0.190855 -5.84676
vt 0 0
v 0.550999 1.19844 2.06197e-015
vn 0.0428479 -0.211128 -5.8464
vt 0 0
v 0.550999 1.24768 2.06197e-015
vn 0.0428479 0.211128 -5.8464
vt 0 0
v 0.559822 1.24492 2.06197e-015
vn 0.0758725 0.190855 -5.84676
vt 0 0
v 0.550999 1.19844 2.06197e-015
vn 0.0428479 -0.211128 -5.8464
vt 0 0
v 0.54142 1.2489 2.06197e-015
vn 0.0086171 0.219688 -5.84623
vt 0 0
v 0.550999 1.24768 2.06197e-015
vn 0.0428479 0.211128 -5.8464
vt 0 0
v 0.54142 1.19722 2.06197e-015
vn 0.0086171 -0.219688 -5.84623
vt 0 0
v 0.54142 1.2489 2.06197e-015
vn 0.0086171 0.219688 -5.84623
vt 0 0
v 0.550999 1.19844 2.06197e-015
vn 0.0428479 -0.211128 -5.8464
vt 0 0
v 0.54142 1.19722 2.06197e-015
vn 0.0086171 -0.219688 -5.84623
vt 0 0
v 0.531687 1.24849 2.06197e-015
vn -0.0258069 0.216847 -5.84629
vt 0 0
v 0.54142 1.2489 2.06197e-015
vn 0.0086171 0.219688 -5.84623
vt 0 0
v 0.531687 1.19763 2.06197e-015
vn -0.0258069 -0.216847 -5.84629
vt 0 0
v 0.531687 1.24849 2.06197e-015
vn -0.0258069 0.216847 -5.84629
vt 0 0
v 0.54142 1.19722 2.06197e-015
vn 0.0086171 -0.219688 -5.84623
vt 0 0
v 0.531687 1.19763 2.06197e-015
vn -0.0258069 -0.216847 -5.84629
vt 0 0
v 0.522413 1.24649 2.06197e-015
vn -0.0595977 0.202478 -5.84656
vt 0 0
v 0.531687 1.24849 2.06197e-015
vn -0.0258069 0.216847 -5.84629
vt 0 0
v 0.522413 1.19963 2.06197e-015
vn -0.0595977 -0.202478 -5.84656
vt 0 0
v 0.522413 1.24649 2.06197e-015
vn -0.0595977 0.202478 -5.84656
vt 0 0
v 0.531687 1.19763 2.06197e-015
vn -0.0258069 -0.216847 -5.84629
vt 0 0
v 0.514179 1.20311 2.06197e-015
vn -0.0914553 -0.17625 -5.847
vt 0 0
v 0.522413 1.24649 2.06197e-015
vn -0.0595977 0.202478 -5.84656
vt 0 0
v 0.522413 1.19963 2.06197e-015
vn -0.0595977 -0.202478 -5.84656
vt 0 0
v 0.514179 1.20311 2.06197e-015
vn -0.0914553 -0.17625 -5.847
vt 0 0
v 0.514179 1.24301 2.06197e-015
vn -0.0914553 0.17625 -5.847
vt 0 0
v 0.522413 1.24649 2.06197e-015
vn -0.0595977 0.202478 -5.84656
vt 0 0
v 0.507503 1.20784 2.06197e-015
vn -0.11955 -0.138229 -5.84751
vt 0 0
v 0.514179 1.24301 2.06197e-015
vn -0.0914553 0.17625 -5.847
vt 0 0
v 0.514179 1.20311 2.06197e-015
vn -0.0914553 -0.17625 -5.847
vt 0 0
v 0.507503 1.20784 2.06197e-015
vn -0.11955 -0.138229 -5.84751
vt 0 0
v 0.507503 1.23828 2.06197e-015
vn -0.11955 0.138229 -5.84751
vt 0 0
v 0.514179 1.24301 2.06197e-015
vn -0.0914553 0.17625 -5.847
vt 0 0
v 0.507503 1.20784 2.06197e-015
vn -0.11955 -0.138229 -5.84751
vt 0 0
v 0.502805 1.23259 2.06197e-015
vn -0.141522 0.0890999 -5.84798
vt 0 0
v 0.507503 1.23828 2.06197e-015
vn -0.11955 0.138229 -5.84751
vt 0 0
v 0.502805 1.21353 2.06197e-015
vn -0.141522 -0.0890999 -5.84798
vt 0 0
v 0.502805 1.23259 2.06197e-015
vn -0.141522 0.0890999 -5.84798
vt 0 0
v 0.507503 1.20784 2.06197e-015
vn -0.11955 -0.138229 -5.84751
vt 0 0
v 0.502805 1.21353 2.06197e-015
vn -0.141522 -0.0890999 -5.84798
vt 0 0
v 0.50038 1.2263 2.06197e-015
vn -0.154104 0.0309489 -5.84826
vt 0 0
v 0.502805 1.23259 2.06197e-015
vn -0.141522 0.0890999 -5.84798
vt 0 0
v 0.50038 1.2263 2.06197e-015
vn -0.154104 0.0309489 -5.84826
vt 0 0
v 0.502805 1.21353 2.06197e-015
vn -0.141522 -0.0890999 -5.84798
vt 0 0
v 0.50038 1.21981 2.06197e-015
vn -0.154104 -0.0309489 -5.84826
vt 0 0
v 0.507503 1.23828 2.06197e-015
vn -0.11955 0.138229 -5.84751
vt 0 0
v 0.464685 1.28282 0.00369736
vn -0.268454 0.497537 -5.82299
vt 0 0
v 0.514179 1.24301 2.06197e-015
vn -0.0914553 0.17625 -5.847
vt 0 0
v 0.464685 1.28282 0.00369736
vn -0.268454 0.497537 -5.82299
vt 0 0
v 0.507503 1.23828 2.06197e-015
vn -0.11955 0.138229 -5.84751
vt 0 0
v 0.444686 1.26865 0.00369736
vn -0.344462 0.383642 -5.8276
vt 0 0
v 0.704378 1.28357 0.0337584
vn -0.618793 -0.517199 5.79451
vt 0 0
v 0.64897 1.24185 0.0265681
vn -0.418905 -0.164918 5.83302
vt 0 0
v 0.721795 1.2543 0.0337584
vn -0.68894 -0.268991 5.80343
vt 0 0
v 0.64897 1.24185 0.0265681
vn -0.418905 -0.164918 5.83302
vt 0 0
v 0.704378 1.28357 0.0337584
vn -0.618793 -0.517199 5.79451
vt 0 0
v 0.638491 1.25947 0.0265681
vn -0.375243 -0.316246 5.82975
vt 0 0
v 0.676568 1.30905 0.0337584
vn -0.510415 -0.728635 5.78233
vt 0 0
v 0.638491 1.25947 0.0265681
vn -0.375243 -0.316246 5.82975
vt 0 0
v 0.704378 1.28357 0.0337584
vn -0.618793 -0.517199 5.79451
vt 0 0
v 0.638491 1.25947 0.0265681
vn -0.375243 -0.316246 5.82975
vt 0 0
v 0.676568 1.30905 0.0337584
vn -0.510415 -0.728635 5.78233
vt 0 0
v 0.62176 1.27479 0.0265681
vn -0.30864 -0.444313 5.8253
vt 0 0
v 0.640113 1.32912 0.0337584
vn -0.372314 -0.891933 5.76998
vt 0 0
v 0.62176 1.27479 0.0265681
vn -0.30864 -0.444313 5.8253
vt 0 0
v 0.676568 1.30905 0.0337584
vn -0.510415 -0.728635 5.78233
vt 0 0
v 0.62176 1.27479 0.0265681
vn -0.30864 -0.444313 5.8253
vt 0 0
v 0.640113 1.32912 0.0337584
vn -0.372314 -0.891933 5.76998
vt 0 0
v 0.599826 1.28687 0.0265681
vn -0.224583 -0.542715 5.82081
vt 0 0
v 0.597303 1.34252 0.0337584
vn -0.213502 -0.999253 5.76044
vt 0 0
v 0.599826 1.28687 0.0265681
vn -0.224583 -0.542715 5.82081
vt 0 0
v 0.640113 1.32912 0.0337584
vn -0.372314 -0.891933 5.76998
vt 0 0
v 0.599826 1.28687 0.0265681
vn -0.224583 -0.542715 5.82081
vt 0 0
v 0.597303 1.34252 0.0337584
vn -0.213502 -0.999253 5.76044
vt 0 0
v 0.574069 1.29494 0.0265681
vn -0.128547 -0.607118 5.81736
vt 0 0
v 0.550828 1.34842 0.0337584
vn -0.0432658 -1.04599 5.75594
vt 0 0
v 0.574069 1.29494 0.0265681
vn -0.128547 -0.607118 5.81736
vt 0 0
v 0.597303 1.34252 0.0337584
vn -0.213502 -0.999253 5.76044
vt 0 0
v 0.574069 1.29494 0.0265681
vn -0.128547 -0.607118 5.81736
vt 0 0
v 0.550828 1.34842 0.0337584
vn -0.0432658 -1.04599 5.75594
vt 0 0
v 0.546107 1.29849 0.0265681
vn -0.0260253 -0.635073 5.81574
vt 0 0
v 0.550828 1.34842 0.0337584
vn -0.0432658 -1.04599 5.75594
vt 0 0
v 0.517698 1.2973 0.0265681
vn 0.0777623 -0.625734 5.81629
vt 0 0
v 0.546107 1.29849 0.0265681
vn -0.0260253 -0.635073 5.81574
vt 0 0
v 0.517698 1.2973 0.0265681
vn 0.0777623 -0.625734 5.81629
vt 0 0
v 0.550828 1.34842 0.0337584
vn -0.0432658 -1.04599 5.75594
vt 0 0
v 0.503609 1.34645 0.0337584
vn 0.129234 -1.03036 5.75747
vt 0 0
v 0.503609 1.34645 0.0337584
vn 0.129234 -1.03036 5.75747
vt 0 0
v 0.490625 1.29144 0.0265681
vn 0.177716 -0.579363 5.8189
vt 0 0
v 0.517698 1.2973 0.0265681
vn 0.0777623 -0.625734 5.81629
vt 0 0
v 0.490625 1.29144 0.0265681
vn 0.177716 -0.579363 5.8189
vt 0 0
v 0.503609 1.34645 0.0337584
vn 0.129234 -1.03036 5.75747
vt 0 0
v 0.458612 1.33672 0.0337584
vn 0.294918 -0.952951 5.76469
vt 0 0
v 0.458612 1.33672 0.0337584
vn 0.294918 -0.952951 5.76469
vt 0 0
v 0.46659 1.28129 0.0265681
vn 0.268454 -0.497537 5.82299
vt 0 0
v 0.490625 1.29144 0.0265681
vn 0.177716 -0.579363 5.8189
vt 0 0
v 0.46659 1.28129 0.0265681
vn 0.268454 -0.497537 5.82299
vt 0 0
v 0.458612 1.33672 0.0337584
vn 0.294918 -0.952951 5.76469
vt 0 0
v 0.418664 1.31985 0.0337584
vn 0.444528 -0.816868 5.77598
vt 0 0
v 0.418664 1.31985 0.0337584
vn 0.444528 -0.816868 5.77598
vt 0 0
v 0.447104 1.26748 0.0265681
vn 0.344462 -0.383642 5.8276
vt 0 0
v 0.46659 1.28129 0.0265681
vn 0.268454 -0.497537 5.82299
vt 0 0
v 0.447104 1.26748 0.0265681
vn 0.344462 -0.383642 5.8276
vt 0 0
v 0.418664 1.31985 0.0337584
vn 0.444528 -0.816868 5.77598
vt 0 0
v 0.386277 1.29689 0.0337584
vn 0.568863 -0.628314 5.78865
vt 0 0
v 0.386277 1.29689 0.0337584
vn 0.568863 -0.628314 5.78865
vt 0 0
v 0.43339 1.25088 0.0265681
vn 0.400293 -0.242985 5.8316
vt 0 0
v 0.447104 1.26748 0.0265681
vn 0.344462 -0.383642 5.8276
vt 0 0
v 0.43339 1.25088 0.0265681
vn 0.400293 -0.242985 5.8316
vt 0 0
v 0.386277 1.29689 0.0337584
vn 0.568863 -0.628314 5.78865
vt 0 0
v 0.363483 1.2693 0.0337584
vn 0.659155 -0.39682 5.79956
vt 0 0
v 0.363483 1.2693 0.0337584
vn 0.659155 -0.39682 5.79956
vt 0 0
v 0.426311 1.23253 0.0265681
vn 0.430414 -0.0833795 5.83392
vt 0 0
v 0.43339 1.25088 0.0265681
vn 0.400293 -0.242985 5.8316
vt 0 0
v 0.426311 1.23253 0.0265681
vn 0.430414 -0.0833795 5.83392
vt 0 0
v 0.363483 1.2693 0.0337584
vn 0.659155 -0.39682 5.79956
vt 0 0
v 0.351717 1.2388 0.0337584
vn 0.707251 -0.135877 5.80587
vt 0 0
v 0.351717 1.2388 0.0337584
vn 0.707251 -0.135877 5.80587
vt 0 0
v 0.426311 1.21359 0.0265681
vn 0.430414 0.0833795 5.83392
vt 0 0
v 0.426311 1.23253 0.0265681
vn 0.430414 -0.0833795 5.83392
vt 0 0
v 0.426311 1.21359 0.0265681
vn 0.430414 0.0833795 5.83392
vt 0 0
v 0.351717 1.2388 0.0337584
vn 0.707251 -0.135877 5.80587
vt 0 0
v 0.351717 1.20732 0.0337584
vn 0.707251 0.135877 5.80587
vt 0 0
v 0.426311 1.21359 0.0265681
vn 0.430414 0.0833795 5.83392
vt 0 0
v 0.363483 1.17682 0.0337584
vn 0.659155 0.39682 5.79956
vt 0 0
v 0.43339 1.19524 0.0265681
vn 0.400293 0.242985 5.8316
vt 0 0
v 0.363483 1.17682 0.0337584
vn 0.659155 0.39682 5.79956
vt 0 0
v 0.426311 1.21359 0.0265681
vn 0.430414 0.0833795 5.83392
vt 0 0
v 0.351717 1.20732 0.0337584
vn 0.707251 0.135877 5.80587
vt 0 0
v 0.43339 1.19524 0.0265681
vn 0.400293 0.242985 5.8316
vt 0 0
v 0.386277 1.14923 0.0337584
vn 0.568863 0.628314 5.78865
vt 0 0
v 0.447104 1.17864 0.0265681
vn 0.344462 0.383642 5.8276
vt 0 0
v 0.386277 1.14923 0.0337584
vn 0.568863 0.628314 5.78865
vt 0 0
v 0.43339 1.19524 0.0265681
vn 0.400293 0.242985 5.8316
vt 0 0
v 0.363483 1.17682 0.0337584
vn 0.659155 0.39682 5.79956
vt 0 0
v 0.447104 1.17864 0.0265681
vn 0.344462 0.383642 5.8276
vt 0 0
v 0.418664 1.12627 0.0337584
vn 0.444528 0.816868 5.77598
vt 0 0
v 0.46659 1.16483 0.0265681
vn 0.268454 0.497537 5.82299
vt 0 0
v 0.418664 1.12627 0.0337584
vn 0.444528 0.816868 5.77598
vt 0 0
v 0.447104 1.17864 0.0265681
vn 0.344462 0.383642 5.8276
vt 0 0
v 0.386277 1.14923 0.0337584
vn 0.568863 0.628314 5.78865
vt 0 0
v 0.46659 1.16483 0.0265681
vn 0.268454 0.497537 5.82299
vt 0 0
v 0.458612 1.1094 0.0337584
vn 0.294918 0.952951 5.76469
vt 0 0
v 0.490625 1.15468 0.0265681
vn 0.177716 0.579363 5.8189
vt 0 0
v 0.458612 1.1094 0.0337584
vn 0.294918 0.952951 5.76469
vt 0 0
v 0.46659 1.16483 0.0265681
vn 0.268454 0.497537 5.82299
vt 0 0
v 0.418664 1.12627 0.0337584
vn 0.444528 0.816868 5.77598
vt 0 0
v 0.490625 1.15468 0.0265681
vn 0.177716 0.579363 5.8189
vt 0 0
v 0.503609 1.09967 0.0337584
vn 0.129234 1.03036 5.75747
vt 0 0
v 0.517698 1.14882 0.0265681
vn 0.0777623 0.625734 5.81629
vt 0 0
v 0.503609 1.09967 0.0337584
vn 0.129234 1.03036 5.75747
vt 0 0
v 0.490625 1.15468 0.0265681
vn 0.177716 0.579363 5.8189
vt 0 0
v 0.458612 1.1094 0.0337584
vn 0.294918 0.952951 5.76469
vt 0 0
v 0.517698 1.14882 0.0265681
vn 0.0777623 0.625734 5.81629
vt 0 0
v 0.550828 1.0977 0.0337584
vn -0.0432658 1.04599 5.75594
vt 0 0
v 0.546107 1.14763 0.0265681
vn -0.0260253 0.635073 5.81574
vt 0 0
v 0.550828 1.0977 0.0337584
vn -0.0432658 1.04599 5.75594
vt 0 0
v 0.517698 1.14882 0.0265681
vn 0.0777623 0.625734 5.81629
vt 0 0
v 0.503609 1.09967 0.0337584
vn 0.129234 1.03036 5.75747
vt 0 0
v 0.574069 1.15118 0.0265681
vn -0.128547 0.607118 5.81736
vt 0 0
v 0.550828 1.0977 0.0337584
vn -0.0432658 1.04599 5.75594
vt 0 0
v 0.597303 1.1036 0.0337584
vn -0.213502 0.999253 5.76044
vt 0 0
v 0.550828 1.0977 0.0337584
vn -0.0432658 1.04599 5.75594
vt 0 0
v 0.574069 1.15118 0.0265681
vn -0.128547 0.607118 5.81736
vt 0 0
v 0.546107 1.14763 0.0265681
vn -0.0260253 0.635073 5.81574
vt 0 0
v 0.599826 1.15925 0.0265681
vn -0.224583 0.542715 5.82081
vt 0 0
v 0.597303 1.1036 0.0337584
vn -0.213502 0.999253 5.76044
vt 0 0
v 0.640113 1.117 0.0337584
vn -0.372314 0.891933 5.76998
vt 0 0
v 0.597303 1.1036 0.0337584
vn -0.213502 0.999253 5.76044
vt 0 0
v 0.599826 1.15925 0.0265681
vn -0.224583 0.542715 5.82081
vt 0 0
v 0.574069 1.15118 0.0265681
vn -0.128547 0.607118 5.81736
vt 0 0
v 0.62176 1.17133 0.0265681
vn -0.30864 0.444313 5.8253
vt 0 0
v 0.640113 1.117 0.0337584
vn -0.372314 0.891933 5.76998
vt 0 0
v 0.676568 1.13707 0.0337584
vn -0.510415 0.728635 5.78233
vt 0 0
v 0.640113 1.117 0.0337584
vn -0.372314 0.891933 5.76998
vt 0 0
v 0.62176 1.17133 0.0265681
vn -0.30864 0.444313 5.8253
vt 0 0
v 0.599826 1.15925 0.0265681
vn -0.224583 0.542715 5.82081
vt 0 0
v 0.638491 1.18665 0.0265681
vn -0.375243 0.316246 5.82975
vt 0 0
v 0.676568 1.13707 0.0337584
vn -0.510415 0.728635 5.78233
vt 0 0
v 0.704378 1.16255 0.0337584
vn -0.618793 0.517199 5.79451
vt 0 0
v 0.676568 1.13707 0.0337584
vn -0.510415 0.728635 5.78233
vt 0 0
v 0.638491 1.18665 0.0265681
vn -0.375243 0.316246 5.82975
vt 0 0
v 0.62176 1.17133 0.0265681
vn -0.30864 0.444313 5.8253
vt 0 0
v 0.64897 1.20426 0.0265681
vn -0.418905 0.164918 5.83302
vt 0 0
v 0.704378 1.16255 0.0337584
vn -0.618793 0.517199 5.79451
vt 0 0
v 0.721795 1.19182 0.0337584
vn -0.68894 0.268991 5.80343
vt 0 0
v 0.704378 1.16255 0.0337584
vn -0.618793 0.517199 5.79451
vt 0 0
v 0.64897 1.20426 0.0265681
vn -0.418905 0.164918 5.83302
vt 0 0
v 0.638491 1.18665 0.0265681
vn -0.375243 0.316246 5.82975
vt 0 0
v 0.726606 1.191 0.0110768
vn 0.68894 -0.268991 -5.80343
vt 0 0
v 0.655527 1.22306 0.00369736
vn 0.434314 7.24053e-016 -5.83422
vt 0 0
v 0.732692 1.22306 0.0110768
vn 0.713435 4.59142e-016 -5.8067
vt 0 0
v 0.655527 1.22306 0.00369736
vn 0.434314 7.24053e-016 -5.83422
vt 0 0
v 0.726606 1.191 0.0110768
vn 0.68894 -0.268991 -5.80343
vt 0 0
v 0.651865 1.20377 0.00369736
vn 0.418905 -0.164918 -5.83302
vt 0 0
v 0.70873 1.16095 0.0110768
vn 0.618793 -0.517199 -5.79451
vt 0 0
v 0.651865 1.20377 0.00369736
vn 0.418905 -0.164918 -5.83302
vt 0 0
v 0.726606 1.191 0.0110768
vn 0.68894 -0.268991 -5.80343
vt 0 0
v 0.651865 1.20377 0.00369736
vn 0.418905 -0.164918 -5.83302
vt 0 0
v 0.70873 1.16095 0.0110768
vn 0.618793 -0.517199 -5.79451
vt 0 0
v 0.64111 1.18569 0.00369736
vn 0.375243 -0.316246 -5.82975
vt 0 0
v 0.680189 1.13481 0.0110768
vn 0.510415 -0.728635 -5.78233
vt 0 0
v 0.64111 1.18569 0.00369736
vn 0.375243 -0.316246 -5.82975
vt 0 0
v 0.70873 1.16095 0.0110768
vn 0.618793 -0.517199 -5.79451
vt 0 0
v 0.64111 1.18569 0.00369736
vn 0.375243 -0.316246 -5.82975
vt 0 0
v 0.680189 1.13481 0.0110768
vn 0.510415 -0.728635 -5.78233
vt 0 0
v 0.623938 1.16996 0.00369736
vn 0.30864 -0.444313 -5.8253
vt 0 0
v 0.642774 1.11421 0.0110768
vn 0.372314 -0.891933 -5.76998
vt 0 0
v 0.623938 1.16996 0.00369736
vn 0.30864 -0.444313 -5.8253
vt 0 0
v 0.680189 1.13481 0.0110768
vn 0.510415 -0.728635 -5.78233
vt 0 0
v 0.623938 1.16996 0.00369736
vn 0.30864 -0.444313 -5.8253
vt 0 0
v 0.642774 1.11421 0.0110768
vn 0.372314 -0.891933 -5.76998
vt 0 0
v 0.601427 1.15757 0.00369736
vn 0.224583 -0.542715 -5.82081
vt 0 0
v 0.598838 1.10045 0.0110768
vn 0.213502 -0.999253 -5.76044
vt 0 0
v 0.601427 1.15757 0.00369736
vn 0.224583 -0.542715 -5.82081
vt 0 0
v 0.642774 1.11421 0.0110768
vn 0.372314 -0.891933 -5.76998
vt 0 0
v 0.601427 1.15757 0.00369736
vn 0.224583 -0.542715 -5.82081
vt 0 0
v 0.598838 1.10045 0.0110768
vn 0.213502 -0.999253 -5.76044
vt 0 0
v 0.574993 1.14929 0.00369736
vn 0.128547 -0.607118 -5.81736
vt 0 0
v 0.55114 1.0944 0.0110768
vn 0.0432658 -1.04599 -5.75594
vt 0 0
v 0.574993 1.14929 0.00369736
vn 0.128547 -0.607118 -5.81736
vt 0 0
v 0.598838 1.10045 0.0110768
vn 0.213502 -0.999253 -5.76044
vt 0 0
v 0.574993 1.14929 0.00369736
vn 0.128547 -0.607118 -5.81736
vt 0 0
v 0.55114 1.0944 0.0110768
vn 0.0432658 -1.04599 -5.75594
vt 0 0
v 0.546295 1.14565 0.00369736
vn 0.0260253 -0.635073 -5.81574
vt 0 0
v 0.55114 1.0944 0.0110768
vn 0.0432658 -1.04599 -5.75594
vt 0 0
v 0.517138 1.14687 0.00369736
vn -0.0777623 -0.625734 -5.81629
vt 0 0
v 0.546295 1.14565 0.00369736
vn 0.0260253 -0.635073 -5.81574
vt 0 0
v 0.517138 1.14687 0.00369736
vn -0.0777623 -0.625734 -5.81629
vt 0 0
v 0.55114 1.0944 0.0110768
vn 0.0432658 -1.04599 -5.75594
vt 0 0
v 0.502678 1.09643 0.0110768
vn -0.129234 -1.03036 -5.75747
vt 0 0
v 0.502678 1.09643 0.0110768
vn -0.129234 -1.03036 -5.75747
vt 0 0
v 0.489352 1.15288 0.00369736
vn -0.177716 -0.579363 -5.8189
vt 0 0
v 0.517138 1.14687 0.00369736
vn -0.0777623 -0.625734 -5.81629
vt 0 0
v 0.489352 1.15288 0.00369736
vn -0.177716 -0.579363 -5.8189
vt 0 0
v 0.502678 1.09643 0.0110768
vn -0.129234 -1.03036 -5.75747
vt 0 0
v 0.456497 1.10641 0.0110768
vn -0.294918 -0.952951 -5.76469
vt 0 0
v 0.456497 1.10641 0.0110768
vn -0.294918 -0.952951 -5.76469
vt 0 0
v 0.464685 1.1633 0.00369736
vn -0.268454 -0.497537 -5.82299
vt 0 0
v 0.489352 1.15288 0.00369736
vn -0.177716 -0.579363 -5.8189
vt 0 0
v 0.464685 1.1633 0.00369736
vn -0.268454 -0.497537 -5.82299
vt 0 0
v 0.456497 1.10641 0.0110768
vn -0.294918 -0.952951 -5.76469
vt 0 0
v 0.415498 1.12373 0.0110768
vn -0.444528 -0.816868 -5.77598
vt 0 0
v 0.415498 1.12373 0.0110768
vn -0.444528 -0.816868 -5.77598
vt 0 0
v 0.444686 1.17747 0.00369736
vn -0.344462 -0.383642 -5.8276
vt 0 0
v 0.464685 1.1633 0.00369736
vn -0.268454 -0.497537 -5.82299
vt 0 0
v 0.444686 1.17747 0.00369736
vn -0.344462 -0.383642 -5.8276
vt 0 0
v 0.415498 1.12373 0.0110768
vn -0.444528 -0.816868 -5.77598
vt 0 0
v 0.382258 1.14728 0.0110768
vn -0.568863 -0.628314 -5.78865
vt 0 0
v 0.382258 1.14728 0.0110768
vn -0.568863 -0.628314 -5.78865
vt 0 0
v 0.430612 1.19451 0.00369736
vn -0.400293 -0.242985 -5.8316
vt 0 0
v 0.444686 1.17747 0.00369736
vn -0.344462 -0.383642 -5.8276
vt 0 0
v 0.430612 1.19451 0.00369736
vn -0.400293 -0.242985 -5.8316
vt 0 0
v 0.382258 1.14728 0.0110768
vn -0.568863 -0.628314 -5.78865
vt 0 0
v 0.358865 1.1756 0.0110768
vn -0.659155 -0.39682 -5.79956
vt 0 0
v 0.358865 1.1756 0.0110768
vn -0.659155 -0.39682 -5.79956
vt 0 0
v 0.423346 1.21334 0.00369736
vn -0.430414 -0.0833795 -5.83392
vt 0 0
v 0.430612 1.19451 0.00369736
vn -0.400293 -0.242985 -5.8316
vt 0 0
v 0.423346 1.21334 0.00369736
vn -0.430414 -0.0833795 -5.83392
vt 0 0
v 0.358865 1.1756 0.0110768
vn -0.659155 -0.39682 -5.79956
vt 0 0
v 0.346789 1.2069 0.0110768
vn -0.707251 -0.135877 -5.80587
vt 0 0
v 0.464685 1.28282 0.00369736
vn -0.268454 0.497537 -5.82299
vt 0 0
v 0.456497 1.33971 0.0110768
vn -0.294918 0.952951 -5.76469
vt 0 0
v 0.489352 1.29324 0.00369736
vn -0.177716 0.579363 -5.8189
vt 0 0
v 0.456497 1.33971 0.0110768
vn -0.294918 0.952951 -5.76469
vt 0 0
v 0.464685 1.28282 0.00369736
vn -0.268454 0.497537 -5.82299
vt 0 0
v 0.415498 1.32239 0.0110768
vn -0.444528 0.816868 -5.77598
vt 0 0
v 0.489352 1.29324 0.00369736
vn -0.177716 0.579363 -5.8189
vt 0 0
v 0.502678 1.34969 0.0110768
vn -0.129234 1.03036 -5.75747
vt 0 0
v 0.517138 1.29925 0.00369736
vn -0.0777623 0.625734 -5.81629
vt 0 0
v 0.502678 1.34969 0.0110768
vn -0.129234 1.03036 -5.75747
vt 0 0
v 0.489352 1.29324 0.00369736
vn -0.177716 0.579363 -5.8189
vt 0 0
v 0.456497 1.33971 0.0110768
vn -0.294918 0.952951 -5.76469
vt 0 0
v 0.517138 1.29925 0.00369736
vn -0.0777623 0.625734 -5.81629
vt 0 0
v 0.55114 1.35172 0.0110768
vn 0.0432658 1.04599 -5.75594
vt 0 0
v 0.546295 1.30047 0.00369736
vn 0.0260253 0.635073 -5.81574
vt 0 0
v 0.55114 1.35172 0.0110768
vn 0.0432658 1.04599 -5.75594
vt 0 0
v 0.517138 1.29925 0.00369736
vn -0.0777623 0.625734 -5.81629
vt 0 0
v 0.502678 1.34969 0.0110768
vn -0.129234 1.03036 -5.75747
vt 0 0
v 0.574993 1.29683 0.00369736
vn 0.128547 0.607118 -5.81736
vt 0 0
v 0.55114 1.35172 0.0110768
vn 0.0432658 1.04599 -5.75594
vt 0 0
v 0.598838 1.34567 0.0110768
vn 0.213502 0.999253 -5.76044
vt 0 0
v 0.55114 1.35172 0.0110768
vn 0.0432658 1.04599 -5.75594
vt 0 0
v 0.574993 1.29683 0.00369736
vn 0.128547 0.607118 -5.81736
vt 0 0
v 0.546295 1.30047 0.00369736
vn 0.0260253 0.635073 -5.81574
vt 0 0
v 0.601427 1.28855 0.00369736
vn 0.224583 0.542715 -5.82081
vt 0 0
v 0.598838 1.34567 0.0110768
vn 0.213502 0.999253 -5.76044
vt 0 0
v 0.642774 1.33191 0.0110768
vn 0.372314 0.891933 -5.76998
vt 0 0
v 0.598838 1.34567 0.0110768
vn 0.213502 0.999253 -5.76044
vt 0 0
v 0.601427 1.28855 0.00369736
vn 0.224583 0.542715 -5.82081
vt 0 0
v 0.574993 1.29683 0.00369736
vn 0.128547 0.607118 -5.81736
vt 0 0
v 0.623938 1.27616 0.00369736
vn 0.30864 0.444313 -5.8253
vt 0 0
v 0.642774 1.33191 0.0110768
vn 0.372314 0.891933 -5.76998
vt 0 0
v 0.680189 1.31131 0.0110768
vn 0.510415 0.728635 -5.78233
vt 0 0
v 0.642774 1.33191 0.0110768
vn 0.372314 0.891933 -5.76998
vt 0 0
v 0.623938 1.27616 0.00369736
vn 0.30864 0.444313 -5.8253
vt 0 0
v 0.601427 1.28855 0.00369736
vn 0.224583 0.542715 -5.82081
vt 0 0
v 0.64111 1.26043 0.00369736
vn 0.375243 0.316246 -5.82975
vt 0 0
v 0.680189 1.31131 0.0110768
vn 0.510415 0.728635 -5.78233
vt 0 0
v 0.70873 1.28517 0.0110768
vn 0.618793 0.517199 -5.79451
vt 0 0
v 0.680189 1.31131 0.0110768
vn 0.510415 0.728635 -5.78233
vt 0 0
v 0.64111 1.26043 0.00369736
vn 0.375243 0.316246 -5.82975
vt 0 0
v 0.623938 1.27616 0.00369736
vn 0.30864 0.444313 -5.8253
vt 0 0
v 0.651865 1.24235 0.00369736
vn 0.418905 0.164918 -5.83302
vt 0 0
v 0.70873 1.28517 0.0110768
vn 0.618793 0.517199 -5.79451
vt 0 0
v 0.726606 1.25512 0.0110768
vn 0.68894 0.268991 -5.80343
vt 0 0
v 0.70873 1.28517 0.0110768
vn 0.618793 0.517199 -5.79451
vt 0 0
v 0.651865 1.24235 0.00369736
vn 0.418905 0.164918 -5.83302
vt 0 0
v 0.64111 1.26043 0.00369736
vn 0.375243 0.316246 -5.82975
vt 0 0
v 0.655527 1.22306 0.00369736
vn 0.434314 7.24053e-016 -5.83422
vt 0 0
v 0.726606 1.25512 0.0110768
vn 0.68894 0.268991 -5.80343
vt 0 0
v 0.732692 1.22306 0.0110768
vn 0.713435 4.59142e-016 -5.8067
vt 0 0
v 0.726606 1.25512 0.0110768
vn 0.68894 0.268991 -5.80343
vt 0 0
v 0.655527 1.22306 0.00369736
vn 0.434314 7.24053e-016 -5.83422
vt 0 0
v 0.651865 1.24235 0.00369736
vn 0.418905 0.164918 -5.83302
vt 0 0
v 4.60348 1.40692 0.695252
vn -1.00264 3.41889e-018 5.76381
vt 0 0
v 4.67111 1.05186 0.707016
vn -1.04824 3.06115e-018 5.75569
vt 0 0
v 4.67111 1.39461 0.707016
vn -1.04824 3.06115e-018 5.75569
vt 0 0
v 4.60348 1.40692 0.695252
vn -1.00264 3.41889e-018 5.76381
vt 0 0
v 4.60348 1.03955 0.695252
vn -1.00264 3.41889e-018 5.76381
vt 0 0
v 4.67111 1.05186 0.707016
vn -1.04824 3.06115e-018 5.75569
vt 0 0
v 4.59449 1.40826 0.693688
vn -0.951186 2.3877e-018 5.77252
vt 0 0
v 4.60348 1.03955 0.695252
vn -1.00264 3.41889e-018 5.76381
vt 0 0
v 4.60348 1.40692 0.695252
vn -1.00264 3.41889e-018 5.76381
vt 0 0
v 4.60348 1.03955 0.695252
vn -1.00264 3.41889e-018 5.76381
vt 0 0
v 4.59449 1.40826 0.693688
vn -0.951186 2.3877e-018 5.77252
vt 0 0
v 4.59449 1.03821 0.693688
vn -0.951186 2.3877e-018 5.77252
vt 0 0
v 4.59449 1.03821 0.693688
vn 0.866496 -5.78584 -1.47609e-014
vt 0 0
v 4.60348 1.03955 0.659113
vn 0.947316 -5.77316 -1.67365e-014
vt 0 0
v 4.60348 1.03955 0.695252
vn 0.966897 -5.76991 -1.72154e-014
vt 0 0
v 4.5292 1.02843 0.683425
vn 0.784998 -5.79746 -5.82918e-015
vt 0 0
v 4.60348 1.03955 0.659113
vn 0.947316 -5.77316 -1.67365e-014
vt 0 0
v 4.59449 1.03821 0.693688
vn 0.866496 -5.78584 -1.47609e-014
vt 0 0
v 4.5292 1.02843 0.683425
vn 0.784998 -5.79746 -5.82918e-015
vt 0 0
v 4.60031 1.03908 0.658561
vn 0.866496 -5.78584 -1.47609e-014
vt 0 0
v 4.60348 1.03955 0.659113
vn 0.947316 -5.77316 -1.67365e-014
vt 0 0
v 4.60031 1.03908 0.658561
vn 0.866496 -5.78584 -1.47609e-014
vt 0 0
v 4.5292 1.02843 0.683425
vn 0.784998 -5.79746 -5.82918e-015
vt 0 0
v 4.5292 1.02843 0.647384
vn 0.767189 -5.79985 -3.87952e-015
vt 0 0
v 4.60348 1.03955 0.659113
vn 1.00264 4.0768e-018 -5.76381
vt 0 0
v 4.67718 1.39351 0.671934
vn 1.04745 8.89444e-018 -5.75584
vt 0 0
v 4.67718 1.05297 0.671934
vn 1.04745 8.89444e-018 -5.75584
vt 0 0
v 4.60348 1.03955 0.659113
vn 1.00264 4.0768e-018 -5.76381
vt 0 0
v 4.60348 1.40692 0.659113
vn 1.00264 4.0768e-018 -5.76381
vt 0 0
v 4.67718 1.39351 0.671934
vn 1.04745 8.89444e-018 -5.75584
vt 0 0
v 4.60031 1.03908 0.658561
vn 0.951186 1.76878e-018 -5.77252
vt 0 0
v 4.60348 1.40692 0.659113
vn 1.00264 4.0768e-018 -5.76381
vt 0 0
v 4.60348 1.03955 0.659113
vn 1.00264 4.0768e-018 -5.76381
vt 0 0
v 4.60348 1.40692 0.659113
vn 1.00264 4.0768e-018 -5.76381
vt 0 0
v 4.60031 1.03908 0.658561
vn 0.951186 1.76878e-018 -5.77252
vt 0 0
v 4.60031 1.40739 0.658561
vn 0.951186 1.76878e-018 -5.77252
vt 0 0
v 4.60348 1.40692 0.659113
vn 0.947316 5.77316 -1.67365e-014
vt 0 0
v 4.59449 1.40826 0.693688
vn 0.866496 5.78584 -1.47609e-014
vt 0 0
v 4.60348 1.40692 0.695252
vn 0.966897 5.76991 -1.72154e-014
vt 0 0
v 4.60348 1.40692 0.659113
vn 0.947316 5.77316 -1.67365e-014
vt 0 0
v 4.5292 1.41804 0.683425
vn 0.784998 5.79746 -5.82918e-015
vt 0 0
v 4.59449 1.40826 0.693688
vn 0.866496 5.78584 -1.47609e-014
vt 0 0
v 4.60031 1.40739 0.658561
vn 0.866496 5.78584 -1.47609e-014
vt 0 0
v 4.5292 1.41804 0.683425
vn 0.784998 5.79746 -5.82918e-015
vt 0 0
v 4.60348 1.40692 0.659113
vn 0.947316 5.77316 -1.67365e-014
vt 0 0
v 4.5292 1.41804 0.683425
vn 0.784998 5.79746 -5.82918e-015
vt 0 0
v 4.60031 1.40739 0.658561
vn 0.866496 5.78584 -1.47609e-014
vt 0 0
v 4.5292 1.41804 0.647384
vn 0.767189 5.79985 -3.87952e-015
vt 0 0
v 0.727725 1.22306 0.0337584
vn -0.713435 -2.58671e-017 5.8067
vt 0 0
v 0.793865 1.17951 0.0445066
vn -0.959546 0.373187 5.75906
vt 0 0
v 0.802132 1.22306 0.0445066
vn -0.993515 -9.83347e-016 5.76539
vt 0 0
v 0.793865 1.17951 0.0445066
vn -0.959546 0.373187 5.75906
vt 0 0
v 0.727725 1.22306 0.0337584
vn -0.713435 -2.58671e-017 5.8067
vt 0 0
v 0.721795 1.19182 0.0337584
vn -0.68894 0.268991 5.80343
vt 0 0
v 0.721795 1.2543 0.0337584
vn -0.68894 -0.268991 5.80343
vt 0 0
v 0.652538 1.22306 0.0265681
vn -0.434314 1.74549e-016 5.83422
vt 0 0
v 0.727725 1.22306 0.0337584
vn -0.713435 -2.58671e-017 5.8067
vt 0 0
v 0.652538 1.22306 0.0265681
vn -0.434314 1.74549e-016 5.83422
vt 0 0
v 0.721795 1.2543 0.0337584
vn -0.68894 -0.268991 5.80343
vt 0 0
v 0.64897 1.24185 0.0265681
vn -0.418905 -0.164918 5.83302
vt 0 0
v 0.50038 1.2263 2.06197e-015
vn -0.154104 0.0309489 -5.84826
vt 0 0
v 0.430612 1.25161 0.00369736
vn -0.400293 0.242985 -5.8316
vt 0 0
v 0.502805 1.23259 2.06197e-015
vn -0.141522 0.0890999 -5.84798
vt 0 0
v 0.430612 1.25161 0.00369736
vn -0.400293 0.242985 -5.8316
vt 0 0
v 0.50038 1.2263 2.06197e-015
vn -0.154104 0.0309489 -5.84826
vt 0 0
v 0.423346 1.23278 0.00369736
vn -0.430414 0.0833795 -5.83392
vt 0 0
v 0.346789 1.2069 0.0110768
vn -0.707251 -0.135877 -5.80587
vt 0 0
v 0.423346 1.23278 0.00369736
vn -0.430414 0.0833795 -5.83392
vt 0 0
v 0.423346 1.21334 0.00369736
vn -0.430414 -0.0833795 -5.83392
vt 0 0
v 0.423346 1.23278 0.00369736
vn -0.430414 0.0833795 -5.83392
vt 0 0
v 0.346789 1.2069 0.0110768
vn -0.707251 -0.135877 -5.80587
vt 0 0
v 0.346789 1.23922 0.0110768
vn -0.707251 0.135877 -5.80587
vt 0 0
v 0.502805 1.23259 2.06197e-015
vn -0.141522 0.0890999 -5.84798
vt 0 0
v 0.444686 1.26865 0.00369736
vn -0.344462 0.383642 -5.8276
vt 0 0
v 0.507503 1.23828 2.06197e-015
vn -0.11955 0.138229 -5.84751
vt 0 0
v 0.444686 1.26865 0.00369736
vn -0.344462 0.383642 -5.8276
vt 0 0
v 0.502805 1.23259 2.06197e-015
vn -0.141522 0.0890999 -5.84798
vt 0 0
v 0.430612 1.25161 0.00369736
vn -0.400293 0.242985 -5.8316
vt 0 0
v 0.444686 1.26865 0.00369736
vn -0.344462 0.383642 -5.8276
vt 0 0
v 0.415498 1.32239 0.0110768
vn -0.444528 0.816868 -5.77598
vt 0 0
v 0.464685 1.28282 0.00369736
vn -0.268454 0.497537 -5.82299
vt 0 0
v 0.415498 1.32239 0.0110768
vn -0.444528 0.816868 -5.77598
vt 0 0
v 0.444686 1.26865 0.00369736
vn -0.344462 0.383642 -5.8276
vt 0 0
v 0.382258 1.29884 0.0110768
vn -0.568863 0.628314 -5.78865
vt 0 0
v 0.769582 1.30743 0.0445066
vn -0.86199 -0.717662 5.74184
vt 0 0
v 0.721795 1.2543 0.0337584
vn -0.68894 -0.268991 5.80343
vt 0 0
v 0.793865 1.26661 0.0445066
vn -0.959546 -0.373187 5.75906
vt 0 0
v 0.721795 1.2543 0.0337584
vn -0.68894 -0.268991 5.80343
vt 0 0
v 0.769582 1.30743 0.0445066
vn -0.86199 -0.717662 5.74184
vt 0 0
v 0.704378 1.28357 0.0337584
vn -0.618793 -0.517199 5.79451
vt 0 0
v 0.730809 1.34294 0.0445066
vn -0.710931 -1.01088 5.71835
vt 0 0
v 0.704378 1.28357 0.0337584
vn -0.618793 -0.517199 5.79451
vt 0 0
v 0.769582 1.30743 0.0445066
vn -0.86199 -0.717662 5.74184
vt 0 0
v 0.704378 1.28357 0.0337584
vn -0.618793 -0.517199 5.79451
vt 0 0
v 0.730809 1.34294 0.0445066
vn -0.710931 -1.01088 5.71835
vt 0 0
v 0.676568 1.30905 0.0337584
vn -0.510415 -0.728635 5.78233
vt 0 0
v 0.679983 1.37093 0.0445066
vn -0.518421 -1.2369 5.69457
vt 0 0
v 0.676568 1.30905 0.0337584
vn -0.510415 -0.728635 5.78233
vt 0 0
v 0.730809 1.34294 0.0445066
vn -0.710931 -1.01088 5.71835
vt 0 0
v 0.676568 1.30905 0.0337584
vn -0.510415 -0.728635 5.78233
vt 0 0
v 0.679983 1.37093 0.0445066
vn -0.518421 -1.2369 5.69457
vt 0 0
v 0.640113 1.32912 0.0337584
vn -0.372314 -0.891933 5.76998
vt 0 0
v 0.620296 1.38962 0.0445066
vn -0.297218 -1.38516 5.67625
vt 0 0
v 0.640113 1.32912 0.0337584
vn -0.372314 -0.891933 5.76998
vt 0 0
v 0.679983 1.37093 0.0445066
vn -0.518421 -1.2369 5.69457
vt 0 0
v 0.640113 1.32912 0.0337584
vn -0.372314 -0.891933 5.76998
vt 0 0
v 0.620296 1.38962 0.0445066
vn -0.297218 -1.38516 5.67625
vt 0 0
v 0.597303 1.34252 0.0337584
vn -0.213502 -0.999253 5.76044
vt 0 0
v 0.555501 1.39784 0.0445066
vn -0.060226 -1.44967 5.66759
vt 0 0
v 0.597303 1.34252 0.0337584
vn -0.213502 -0.999253 5.76044
vt 0 0
v 0.620296 1.38962 0.0445066
vn -0.297218 -1.38516 5.67625
vt 0 0
v 0.597303 1.34252 0.0337584
vn -0.213502 -0.999253 5.76044
vt 0 0
v 0.555501 1.39784 0.0445066
vn -0.060226 -1.44967 5.66759
vt 0 0
v 0.550828 1.34842 0.0337584
vn -0.0432658 -1.04599 5.75594
vt 0 0
v 0.555501 1.39784 0.0445066
vn -0.060226 -1.44967 5.66759
vt 0 0
v 0.503609 1.34645 0.0337584
vn 0.129234 -1.03036 5.75747
vt 0 0
v 0.550828 1.34842 0.0337584
vn -0.0432658 -1.04599 5.75594
vt 0 0
v 0.503609 1.34645 0.0337584
vn 0.129234 -1.03036 5.75747
vt 0 0
v 0.555501 1.39784 0.0445066
vn -0.060226 -1.44967 5.66759
vt 0 0
v 0.489666 1.39509 0.0445066
vn 0.179897 -1.42811 5.67053
vt 0 0
v 0.489666 1.39509 0.0445066
vn 0.179897 -1.42811 5.67053
vt 0 0
v 0.458612 1.33672 0.0337584
vn 0.294918 -0.952951 5.76469
vt 0 0
v 0.503609 1.34645 0.0337584
vn 0.129234 -1.03036 5.75747
vt 0 0
v 0.458612 1.33672 0.0337584
vn 0.294918 -0.952951 5.76469
vt 0 0
v 0.489666 1.39509 0.0445066
vn 0.179897 -1.42811 5.67053
vt 0 0
v 0.426931 1.38152 0.0445066
vn 0.410597 -1.32122 5.68442
vt 0 0
v 0.426931 1.38152 0.0445066
vn 0.410597 -1.32122 5.68442
vt 0 0
v 0.418664 1.31985 0.0337584
vn 0.444528 -0.816868 5.77598
vt 0 0
v 0.458612 1.33672 0.0337584
vn 0.294918 -0.952951 5.76469
vt 0 0
v 0.418664 1.31985 0.0337584
vn 0.444528 -0.816868 5.77598
vt 0 0
v 0.426931 1.38152 0.0445066
vn 0.410597 -1.32122 5.68442
vt 0 0
v 0.371235 1.358 0.0445066
vn 0.61907 -1.13306 5.70611
vt 0 0
v 0.371235 1.358 0.0445066
vn 0.61907 -1.13306 5.70611
vt 0 0
v 0.386277 1.29689 0.0337584
vn 0.568863 -0.628314 5.78865
vt 0 0
v 0.418664 1.31985 0.0337584
vn 0.444528 -0.816868 5.77598
vt 0 0
v 0.386277 1.29689 0.0337584
vn 0.568863 -0.628314 5.78865
vt 0 0
v 0.371235 1.358 0.0445066
vn 0.61907 -1.13306 5.70611
vt 0 0
v 0.32608 1.326 0.0445066
vn 0.792418 -0.87181 5.73052
vt 0 0
v 0.32608 1.326 0.0445066
vn 0.792418 -0.87181 5.73052
vt 0 0
v 0.363483 1.2693 0.0337584
vn 0.659155 -0.39682 5.79956
vt 0 0
v 0.386277 1.29689 0.0337584
vn 0.568863 -0.628314 5.78865
vt 0 0
v 0.363483 1.2693 0.0337584
vn 0.659155 -0.39682 5.79956
vt 0 0
v 0.32608 1.326 0.0445066
vn 0.792418 -0.87181 5.73052
vt 0 0
v 0.294301 1.28753 0.0445066
vn 0.918162 -0.550594 5.75158
vt 0 0
v 0.294301 1.28753 0.0445066
vn 0.918162 -0.550594 5.75158
vt 0 0
v 0.351717 1.2388 0.0337584
vn 0.707251 -0.135877 5.80587
vt 0 0
v 0.363483 1.2693 0.0337584
vn 0.659155 -0.39682 5.79956
vt 0 0
v 0.351717 1.2388 0.0337584
vn 0.707251 -0.135877 5.80587
vt 0 0
v 0.294301 1.28753 0.0445066
vn 0.918162 -0.550594 5.75158
vt 0 0
v 0.277896 1.24501 0.0445066
vn 0.984946 -0.188489 5.76378
vt 0 0
v 0.277896 1.24501 0.0445066
vn 0.984946 -0.188489 5.76378
vt 0 0
v 0.351717 1.20732 0.0337584
vn 0.707251 0.135877 5.80587
vt 0 0
v 0.351717 1.2388 0.0337584
vn 0.707251 -0.135877 5.80587
vt 0 0
v 0.351717 1.20732 0.0337584
vn 0.707251 0.135877 5.80587
vt 0 0
v 0.277896 1.24501 0.0445066
vn 0.984946 -0.188489 5.76378
vt 0 0
v 0.277896 1.20111 0.0445066
vn 0.984946 0.188489 5.76378
vt 0 0
v 0.351717 1.20732 0.0337584
vn 0.707251 0.135877 5.80587
vt 0 0
v 0.294301 1.15859 0.0445066
vn 0.918162 0.550594 5.75158
vt 0 0
v 0.363483 1.17682 0.0337584
vn 0.659155 0.39682 5.79956
vt 0 0
v 0.294301 1.15859 0.0445066
vn 0.918162 0.550594 5.75158
vt 0 0
v 0.351717 1.20732 0.0337584
vn 0.707251 0.135877 5.80587
vt 0 0
v 0.277896 1.20111 0.0445066
vn 0.984946 0.188489 5.76378
vt 0 0
v 0.363483 1.17682 0.0337584
vn 0.659155 0.39682 5.79956
vt 0 0
v 0.32608 1.12012 0.0445066
vn 0.792418 0.87181 5.73052
vt 0 0
v 0.386277 1.14923 0.0337584
vn 0.568863 0.628314 5.78865
vt 0 0
v 0.32608 1.12012 0.0445066
vn 0.792418 0.87181 5.73052
vt 0 0
v 0.363483 1.17682 0.0337584
vn 0.659155 0.39682 5.79956
vt 0 0
v 0.294301 1.15859 0.0445066
vn 0.918162 0.550594 5.75158
vt 0 0
v 0.386277 1.14923 0.0337584
vn 0.568863 0.628314 5.78865
vt 0 0
v 0.371235 1.08812 0.0445066
vn 0.61907 1.13306 5.70611
vt 0 0
v 0.418664 1.12627 0.0337584
vn 0.444528 0.816868 5.77598
vt 0 0
v 0.371235 1.08812 0.0445066
vn 0.61907 1.13306 5.70611
vt 0 0
v 0.386277 1.14923 0.0337584
vn 0.568863 0.628314 5.78865
vt 0 0
v 0.32608 1.12012 0.0445066
vn 0.792418 0.87181 5.73052
vt 0 0
v 0.418664 1.12627 0.0337584
vn 0.444528 0.816868 5.77598
vt 0 0
v 0.426931 1.0646 0.0445066
vn 0.410597 1.32122 5.68442
vt 0 0
v 0.458612 1.1094 0.0337584
vn 0.294918 0.952951 5.76469
vt 0 0
v 0.426931 1.0646 0.0445066
vn 0.410597 1.32122 5.68442
vt 0 0
v 0.418664 1.12627 0.0337584
vn 0.444528 0.816868 5.77598
vt 0 0
v 0.371235 1.08812 0.0445066
vn 0.61907 1.13306 5.70611
vt 0 0
v 0.458612 1.1094 0.0337584
vn 0.294918 0.952951 5.76469
vt 0 0
v 0.489666 1.05103 0.0445066
vn 0.179897 1.42811 5.67053
vt 0 0
v 0.503609 1.09967 0.0337584
vn 0.129234 1.03036 5.75747
vt 0 0
v 0.489666 1.05103 0.0445066
vn 0.179897 1.42811 5.67053
vt 0 0
v 0.458612 1.1094 0.0337584
vn 0.294918 0.952951 5.76469
vt 0 0
v 0.426931 1.0646 0.0445066
vn 0.410597 1.32122 5.68442
vt 0 0
v 0.503609 1.09967 0.0337584
vn 0.129234 1.03036 5.75747
vt 0 0
v 0.555501 1.04828 0.0445066
vn -0.060226 1.44967 5.66759
vt 0 0
v 0.550828 1.0977 0.0337584
vn -0.0432658 1.04599 5.75594
vt 0 0
v 0.555501 1.04828 0.0445066
vn -0.060226 1.44967 5.66759
vt 0 0
v 0.503609 1.09967 0.0337584
vn 0.129234 1.03036 5.75747
vt 0 0
v 0.489666 1.05103 0.0445066
vn 0.179897 1.42811 5.67053
vt 0 0
v 0.597303 1.1036 0.0337584
vn -0.213502 0.999253 5.76044
vt 0 0
v 0.555501 1.04828 0.0445066
vn -0.060226 1.44967 5.66759
vt 0 0
v 0.620296 1.0565 0.0445066
vn -0.297218 1.38516 5.67625
vt 0 0
v 0.555501 1.04828 0.0445066
vn -0.060226 1.44967 5.66759
vt 0 0
v 0.597303 1.1036 0.0337584
vn -0.213502 0.999253 5.76044
vt 0 0
v 0.550828 1.0977 0.0337584
vn -0.0432658 1.04599 5.75594
vt 0 0
v 0.640113 1.117 0.0337584
vn -0.372314 0.891933 5.76998
vt 0 0
v 0.620296 1.0565 0.0445066
vn -0.297218 1.38516 5.67625
vt 0 0
v 0.679983 1.07519 0.0445066
vn -0.518421 1.2369 5.69457
vt 0 0
v 0.620296 1.0565 0.0445066
vn -0.297218 1.38516 5.67625
vt 0 0
v 0.640113 1.117 0.0337584
vn -0.372314 0.891933 5.76998
vt 0 0
v 0.597303 1.1036 0.0337584
vn -0.213502 0.999253 5.76044
vt 0 0
v 0.676568 1.13707 0.0337584
vn -0.510415 0.728635 5.78233
vt 0 0
v 0.679983 1.07519 0.0445066
vn -0.518421 1.2369 5.69457
vt 0 0
v 0.730809 1.10318 0.0445066
vn -0.710931 1.01088 5.71835
vt 0 0
v 0.679983 1.07519 0.0445066
vn -0.518421 1.2369 5.69457
vt 0 0
v 0.676568 1.13707 0.0337584
vn -0.510415 0.728635 5.78233
vt 0 0
v 0.640113 1.117 0.0337584
vn -0.372314 0.891933 5.76998
vt 0 0
v 0.704378 1.16255 0.0337584
vn -0.618793 0.517199 5.79451
vt 0 0
v 0.730809 1.10318 0.0445066
vn -0.710931 1.01088 5.71835
vt 0 0
v 0.769582 1.13869 0.0445066
vn -0.86199 0.717662 5.74184
vt 0 0
v 0.730809 1.10318 0.0445066
vn -0.710931 1.01088 5.71835
vt 0 0
v 0.704378 1.16255 0.0337584
vn -0.618793 0.517199 5.79451
vt 0 0
v 0.676568 1.13707 0.0337584
vn -0.510415 0.728635 5.78233
vt 0 0
v 0.721795 1.19182 0.0337584
vn -0.68894 0.268991 5.80343
vt 0 0
v 0.769582 1.13869 0.0445066
vn -0.86199 0.717662 5.74184
vt 0 0
v 0.793865 1.17951 0.0445066
vn -0.959546 0.373187 5.75906
vt 0 0
v 0.769582 1.13869 0.0445066
vn -0.86199 0.717662 5.74184
vt 0 0
v 0.721795 1.19182 0.0337584
vn -0.68894 0.268991 5.80343
vt 0 0
v 0.704378 1.16255 0.0337584
vn -0.618793 0.517199 5.79451
vt 0 0
v 0.800572 1.17836 0.0221079
vn 0.959546 -0.373187 -5.75906
vt 0 0
v 0.732692 1.22306 0.0110768
vn 0.713435 4.59142e-016 -5.8067
vt 0 0
v 0.809057 1.22306 0.0221079
vn 0.993515 1.56559e-015 -5.76539
vt 0 0
v 0.732692 1.22306 0.0110768
vn 0.713435 4.59142e-016 -5.8067
vt 0 0
v 0.800572 1.17836 0.0221079
vn 0.959546 -0.373187 -5.75906
vt 0 0
v 0.726606 1.191 0.0110768
vn 0.68894 -0.268991 -5.80343
vt 0 0
v 0.77565 1.13647 0.0221079
vn 0.86199 -0.717662 -5.74184
vt 0 0
v 0.726606 1.191 0.0110768
vn 0.68894 -0.268991 -5.80343
vt 0 0
v 0.800572 1.17836 0.0221079
vn 0.959546 -0.373187 -5.75906
vt 0 0
v 0.726606 1.191 0.0110768
vn 0.68894 -0.268991 -5.80343
vt 0 0
v 0.77565 1.13647 0.0221079
vn 0.86199 -0.717662 -5.74184
vt 0 0
v 0.70873 1.16095 0.0110768
vn 0.618793 -0.517199 -5.79451
vt 0 0
v 0.735857 1.10002 0.0221079
vn 0.710931 -1.01088 -5.71835
vt 0 0
v 0.70873 1.16095 0.0110768
vn 0.618793 -0.517199 -5.79451
vt 0 0
v 0.77565 1.13647 0.0221079
vn 0.86199 -0.717662 -5.74184
vt 0 0
v 0.70873 1.16095 0.0110768
vn 0.618793 -0.517199 -5.79451
vt 0 0
v 0.735857 1.10002 0.0221079
vn 0.710931 -1.01088 -5.71835
vt 0 0
v 0.680189 1.13481 0.0110768
vn 0.510415 -0.728635 -5.78233
vt 0 0
v 0.683693 1.0713 0.0221079
vn 0.518421 -1.2369 -5.69457
vt 0 0
v 0.680189 1.13481 0.0110768
vn 0.510415 -0.728635 -5.78233
vt 0 0
v 0.735857 1.10002 0.0221079
vn 0.710931 -1.01088 -5.71835
vt 0 0
v 0.680189 1.13481 0.0110768
vn 0.510415 -0.728635 -5.78233
vt 0 0
v 0.683693 1.0713 0.0221079
vn 0.518421 -1.2369 -5.69457
vt 0 0
v 0.642774 1.11421 0.0110768
vn 0.372314 -0.891933 -5.76998
vt 0 0
v 0.622436 1.05212 0.0221079
vn 0.297218 -1.38516 -5.67625
vt 0 0
v 0.642774 1.11421 0.0110768
vn 0.372314 -0.891933 -5.76998
vt 0 0
v 0.683693 1.0713 0.0221079
vn 0.518421 -1.2369 -5.69457
vt 0 0
v 0.642774 1.11421 0.0110768
vn 0.372314 -0.891933 -5.76998
vt 0 0
v 0.622436 1.05212 0.0221079
vn 0.297218 -1.38516 -5.67625
vt 0 0
v 0.598838 1.10045 0.0110768
vn 0.213502 -0.999253 -5.76044
vt 0 0
v 0.555935 1.04368 0.0221079
vn 0.060226 -1.44967 -5.66759
vt 0 0
v 0.598838 1.10045 0.0110768
vn 0.213502 -0.999253 -5.76044
vt 0 0
v 0.622436 1.05212 0.0221079
vn 0.297218 -1.38516 -5.67625
vt 0 0
v 0.598838 1.10045 0.0110768
vn 0.213502 -0.999253 -5.76044
vt 0 0
v 0.555935 1.04368 0.0221079
vn 0.060226 -1.44967 -5.66759
vt 0 0
v 0.55114 1.0944 0.0110768
vn 0.0432658 -1.04599 -5.75594
vt 0 0
v 0.555935 1.04368 0.0221079
vn 0.060226 -1.44967 -5.66759
vt 0 0
v 0.502678 1.09643 0.0110768
vn -0.129234 -1.03036 -5.75747
vt 0 0
v 0.55114 1.0944 0.0110768
vn 0.0432658 -1.04599 -5.75594
vt 0 0
v 0.502678 1.09643 0.0110768
vn -0.129234 -1.03036 -5.75747
vt 0 0
v 0.555935 1.04368 0.0221079
vn 0.060226 -1.44967 -5.66759
vt 0 0
v 0.488369 1.0465 0.0221079
vn -0.179897 -1.42811 -5.67053
vt 0 0
v 0.488369 1.0465 0.0221079
vn -0.179897 -1.42811 -5.67053
vt 0 0
v 0.456497 1.10641 0.0110768
vn -0.294918 -0.952951 -5.76469
vt 0 0
v 0.502678 1.09643 0.0110768
vn -0.129234 -1.03036 -5.75747
vt 0 0
v 0.456497 1.10641 0.0110768
vn -0.294918 -0.952951 -5.76469
vt 0 0
v 0.488369 1.0465 0.0221079
vn -0.179897 -1.42811 -5.67053
vt 0 0
v 0.423982 1.06043 0.0221079
vn -0.410597 -1.32122 -5.68442
vt 0 0
v 0.423982 1.06043 0.0221079
vn -0.410597 -1.32122 -5.68442
vt 0 0
v 0.415498 1.12373 0.0110768
vn -0.444528 -0.816868 -5.77598
vt 0 0
v 0.456497 1.10641 0.0110768
vn -0.294918 -0.952951 -5.76469
vt 0 0
v 0.415498 1.12373 0.0110768
vn -0.444528 -0.816868 -5.77598
vt 0 0
v 0.423982 1.06043 0.0221079
vn -0.410597 -1.32122 -5.68442
vt 0 0
v 0.366821 1.08457 0.0221079
vn -0.61907 -1.13306 -5.70611
vt 0 0
v 0.366821 1.08457 0.0221079
vn -0.61907 -1.13306 -5.70611
vt 0 0
v 0.382258 1.14728 0.0110768
vn -0.568863 -0.628314 -5.78865
vt 0 0
v 0.415498 1.12373 0.0110768
vn -0.444528 -0.816868 -5.77598
vt 0 0
v 0.382258 1.14728 0.0110768
vn -0.568863 -0.628314 -5.78865
vt 0 0
v 0.366821 1.08457 0.0221079
vn -0.61907 -1.13306 -5.70611
vt 0 0
v 0.320477 1.11741 0.0221079
vn -0.792418 -0.87181 -5.73052
vt 0 0
v 0.320477 1.11741 0.0221079
vn -0.792418 -0.87181 -5.73052
vt 0 0
v 0.358865 1.1756 0.0110768
vn -0.659155 -0.39682 -5.79956
vt 0 0
v 0.382258 1.14728 0.0110768
vn -0.568863 -0.628314 -5.78865
vt 0 0
v 0.358865 1.1756 0.0110768
vn -0.659155 -0.39682 -5.79956
vt 0 0
v 0.320477 1.11741 0.0221079
vn -0.792418 -0.87181 -5.73052
vt 0 0
v 0.287862 1.15689 0.0221079
vn -0.918162 -0.550594 -5.75158
vt 0 0
v 0.287862 1.15689 0.0221079
vn -0.918162 -0.550594 -5.75158
vt 0 0
v 0.346789 1.2069 0.0110768
vn -0.707251 -0.135877 -5.80587
vt 0 0
v 0.358865 1.1756 0.0110768
vn -0.659155 -0.39682 -5.79956
vt 0 0
v 0.346789 1.2069 0.0110768
vn -0.707251 -0.135877 -5.80587
vt 0 0
v 0.287862 1.15689 0.0221079
vn -0.918162 -0.550594 -5.75158
vt 0 0
v 0.271026 1.20053 0.0221079
vn -0.984946 -0.188489 -5.76378
vt 0 0
v 0.415498 1.32239 0.0110768
vn -0.444528 0.816868 -5.77598
vt 0 0
v 0.423982 1.38569 0.0221079
vn -0.410597 1.32122 -5.68442
vt 0 0
v 0.456497 1.33971 0.0110768
vn -0.294918 0.952951 -5.76469
vt 0 0
v 0.423982 1.38569 0.0221079
vn -0.410597 1.32122 -5.68442
vt 0 0
v 0.415498 1.32239 0.0110768
vn -0.444528 0.816868 -5.77598
vt 0 0
v 0.366821 1.36155 0.0221079
vn -0.61907 1.13306 -5.70611
vt 0 0
v 0.456497 1.33971 0.0110768
vn -0.294918 0.952951 -5.76469
vt 0 0
v 0.488369 1.39961 0.0221079
vn -0.179897 1.42811 -5.67053
vt 0 0
v 0.502678 1.34969 0.0110768
vn -0.129234 1.03036 -5.75747
vt 0 0
v 0.488369 1.39961 0.0221079
vn -0.179897 1.42811 -5.67053
vt 0 0
v 0.456497 1.33971 0.0110768
vn -0.294918 0.952951 -5.76469
vt 0 0
v 0.423982 1.38569 0.0221079
vn -0.410597 1.32122 -5.68442
vt 0 0
v 0.502678 1.34969 0.0110768
vn -0.129234 1.03036 -5.75747
vt 0 0
v 0.555935 1.40244 0.0221079
vn 0.060226 1.44967 -5.66759
vt 0 0
v 0.55114 1.35172 0.0110768
vn 0.0432658 1.04599 -5.75594
vt 0 0
v 0.555935 1.40244 0.0221079
vn 0.060226 1.44967 -5.66759
vt 0 0
v 0.502678 1.34969 0.0110768
vn -0.129234 1.03036 -5.75747
vt 0 0
v 0.488369 1.39961 0.0221079
vn -0.179897 1.42811 -5.67053
vt 0 0
v 0.598838 1.34567 0.0110768
vn 0.213502 0.999253 -5.76044
vt 0 0
v 0.555935 1.40244 0.0221079
vn 0.060226 1.44967 -5.66759
vt 0 0
v 0.622436 1.394 0.0221079
vn 0.297218 1.38516 -5.67625
vt 0 0
v 0.555935 1.40244 0.0221079
vn 0.060226 1.44967 -5.66759
vt 0 0
v 0.598838 1.34567 0.0110768
vn 0.213502 0.999253 -5.76044
vt 0 0
v 0.55114 1.35172 0.0110768
vn 0.0432658 1.04599 -5.75594
vt 0 0
v 0.642774 1.33191 0.0110768
vn 0.372314 0.891933 -5.76998
vt 0 0
v 0.622436 1.394 0.0221079
vn 0.297218 1.38516 -5.67625
vt 0 0
v 0.683693 1.37482 0.0221079
vn 0.518421 1.2369 -5.69457
vt 0 0
v 0.622436 1.394 0.0221079
vn 0.297218 1.38516 -5.67625
vt 0 0
v 0.642774 1.33191 0.0110768
vn 0.372314 0.891933 -5.76998
vt 0 0
v 0.598838 1.34567 0.0110768
vn 0.213502 0.999253 -5.76044
vt 0 0
v 0.680189 1.31131 0.0110768
vn 0.510415 0.728635 -5.78233
vt 0 0
v 0.683693 1.37482 0.0221079
vn 0.518421 1.2369 -5.69457
vt 0 0
v 0.735857 1.3461 0.0221079
vn 0.710931 1.01088 -5.71835
vt 0 0
v 0.683693 1.37482 0.0221079
vn 0.518421 1.2369 -5.69457
vt 0 0
v 0.680189 1.31131 0.0110768
vn 0.510415 0.728635 -5.78233
vt 0 0
v 0.642774 1.33191 0.0110768
vn 0.372314 0.891933 -5.76998
vt 0 0
v 0.70873 1.28517 0.0110768
vn 0.618793 0.517199 -5.79451
vt 0 0
v 0.735857 1.3461 0.0221079
vn 0.710931 1.01088 -5.71835
vt 0 0
v 0.77565 1.30965 0.0221079
vn 0.86199 0.717662 -5.74184
vt 0 0
v 0.735857 1.3461 0.0221079
vn 0.710931 1.01088 -5.71835
vt 0 0
v 0.70873 1.28517 0.0110768
vn 0.618793 0.517199 -5.79451
vt 0 0
v 0.680189 1.31131 0.0110768
vn 0.510415 0.728635 -5.78233
vt 0 0
v 0.726606 1.25512 0.0110768
vn 0.68894 0.268991 -5.80343
vt 0 0
v 0.77565 1.30965 0.0221079
vn 0.86199 0.717662 -5.74184
vt 0 0
v 0.800572 1.26776 0.0221079
vn 0.959546 0.373187 -5.75906
vt 0 0
v 0.77565 1.30965 0.0221079
vn 0.86199 0.717662 -5.74184
vt 0 0
v 0.726606 1.25512 0.0110768
vn 0.68894 0.268991 -5.80343
vt 0 0
v 0.70873 1.28517 0.0110768
vn 0.618793 0.517199 -5.79451
vt 0 0
v 0.732692 1.22306 0.0110768
vn 0.713435 4.59142e-016 -5.8067
vt 0 0
v 0.800572 1.26776 0.0221079
vn 0.959546 0.373187 -5.75906
vt 0 0
v 0.809057 1.22306 0.0221079
vn 0.993515 1.56559e-015 -5.76539
vt 0 0
v 0.800572 1.26776 0.0221079
vn 0.959546 0.373187 -5.75906
vt 0 0
v 0.732692 1.22306 0.0110768
vn 0.713435 4.59142e-016 -5.8067
vt 0 0
v 0.726606 1.25512 0.0110768
vn 0.68894 0.268991 -5.80343
vt 0 0
v 4.5292 1.41804 0.683425
vn -0.908463 1.53249e-018 5.7794
vt 0 0
v 4.59449 1.03821 0.693688
vn -0.951186 2.3877e-018 5.77252
vt 0 0
v 4.59449 1.40826 0.693688
vn -0.951186 2.3877e-018 5.77252
vt 0 0
v 4.5292 1.41804 0.683425
vn -0.908463 1.53249e-018 5.7794
vt 0 0
v 4.5292 1.02843 0.683425
vn -0.908463 1.53249e-018 5.7794
vt 0 0
v 4.59449 1.03821 0.693688
vn -0.951186 2.3877e-018 5.77252
vt 0 0
v 4.50748 1.42061 0.680011
vn -0.862828 3.77656e-018 5.78639
vt 0 0
v 4.5292 1.02843 0.683425
vn -0.908463 1.53249e-018 5.7794
vt 0 0
v 4.5292 1.41804 0.683425
vn -0.908463 1.53249e-018 5.7794
vt 0 0
v 4.5292 1.02843 0.683425
vn -0.908463 1.53249e-018 5.7794
vt 0 0
v 4.50748 1.42061 0.680011
vn -0.862828 3.77656e-018 5.78639
vt 0 0
v 4.50748 1.02587 0.680011
vn -0.862828 3.77656e-018 5.78639
vt 0 0
v 4.50748 1.02587 0.680011
vn 0.685501 -5.81007 5.05379e-015
vt 0 0
v 4.5292 1.02843 0.647384
vn 0.767189 -5.79985 -3.87952e-015
vt 0 0
v 4.5292 1.02843 0.683425
vn 0.784998 -5.79746 -5.82918e-015
vt 0 0
v 4.45446 1.01961 0.672473
vn 0.603169 -5.81919 4.34402e-016
vt 0 0
v 4.5292 1.02843 0.647384
vn 0.767189 -5.79985 -3.87952e-015
vt 0 0
v 4.50748 1.02587 0.680011
vn 0.685501 -5.81007 5.05379e-015
vt 0 0
v 4.45446 1.01961 0.672473
vn 0.603169 -5.81919 4.34402e-016
vt 0 0
v 4.51275 1.02649 0.644798
vn 0.685501 -5.81007 5.05379e-015
vt 0 0
v 4.5292 1.02843 0.647384
vn 0.767189 -5.79985 -3.87952e-015
vt 0 0
v 4.51275 1.02649 0.644798
vn 0.685501 -5.81007 5.05379e-015
vt 0 0
v 4.45446 1.01961 0.672473
vn 0.603169 -5.81919 4.34402e-016
vt 0 0
v 4.45446 1.01961 0.636511
vn 0.58698 -5.82085 -4.73115e-016
vt 0 0
v 4.5292 1.02843 0.647384
vn 0.908463 -1.45154e-019 -5.7794
vt 0 0
v 4.60031 1.40739 0.658561
vn 0.951186 1.76878e-018 -5.77252
vt 0 0
v 4.60031 1.03908 0.658561
vn 0.951186 1.76878e-018 -5.77252
vt 0 0
v 4.5292 1.02843 0.647384
vn 0.908463 -1.45154e-019 -5.7794
vt 0 0
v 4.5292 1.41804 0.647384
vn 0.908463 -1.45154e-019 -5.7794
vt 0 0
v 4.60031 1.40739 0.658561
vn 0.951186 1.76878e-018 -5.77252
vt 0 0
v 4.51275 1.02649 0.644798
vn 0.862828 -3.54648e-018 -5.78639
vt 0 0
v 4.5292 1.41804 0.647384
vn 0.908463 -1.45154e-019 -5.7794
vt 0 0
v 4.5292 1.02843 0.647384
vn 0.908463 -1.45154e-019 -5.7794
vt 0 0
v 4.5292 1.41804 0.647384
vn 0.908463 -1.45154e-019 -5.7794
vt 0 0
v 4.51275 1.02649 0.644798
vn 0.862828 -3.54648e-018 -5.78639
vt 0 0
v 4.51275 1.41998 0.644798
vn 0.862828 -3.54648e-018 -5.78639
vt 0 0
v 4.5292 1.41804 0.647384
vn 0.767189 5.79985 -3.87952e-015
vt 0 0
v 4.50748 1.42061 0.680011
vn 0.685501 5.81007 5.05379e-015
vt 0 0
v 4.5292 1.41804 0.683425
vn 0.784998 5.79746 -5.82918e-015
vt 0 0
v 4.5292 1.41804 0.647384
vn 0.767189 5.79985 -3.87952e-015
vt 0 0
v 4.45446 1.42686 0.672473
vn 0.603169 5.81919 4.34402e-016
vt 0 0
v 4.50748 1.42061 0.680011
vn 0.685501 5.81007 5.05379e-015
vt 0 0
v 4.51275 1.41998 0.644798
vn 0.685501 5.81007 5.05379e-015
vt 0 0
v 4.45446 1.42686 0.672473
vn 0.603169 5.81919 4.34402e-016
vt 0 0
v 4.5292 1.41804 0.647384
vn 0.767189 5.79985 -3.87952e-015
vt 0 0
v 4.45446 1.42686 0.672473
vn 0.603169 5.81919 4.34402e-016
vt 0 0
v 4.51275 1.41998 0.644798
vn 0.685501 5.81007 5.05379e-015
vt 0 0
v 4.45446 1.42686 0.636511
vn 0.58698 5.82085 -4.73115e-016
vt 0 0
v 0.802132 1.22306 0.0445066
vn -0.993515 -9.83347e-016 5.76539
vt 0 0
v 0.864882 1.16737 0.0587685
vn -1.2309 0.477542 5.69944
vt 0 0
v 0.875454 1.22306 0.0587685
vn -1.27488 -2.0065e-015 5.70977
vt 0 0
v 0.864882 1.16737 0.0587685
vn -1.2309 0.477542 5.69944
vt 0 0
v 0.802132 1.22306 0.0445066
vn -0.993515 -9.83347e-016 5.76539
vt 0 0
v 0.793865 1.17951 0.0445066
vn -0.959546 0.373187 5.75906
vt 0 0
v 0.793865 1.26661 0.0445066
vn -0.959546 -0.373187 5.75906
vt 0 0
v 0.727725 1.22306 0.0337584
vn -0.713435 -2.58671e-017 5.8067
vt 0 0
v 0.802132 1.22306 0.0445066
vn -0.993515 -9.83347e-016 5.76539
vt 0 0
v 0.727725 1.22306 0.0337584
vn -0.713435 -2.58671e-017 5.8067
vt 0 0
v 0.793865 1.26661 0.0445066
vn -0.959546 -0.373187 5.75906
vt 0 0
v 0.721795 1.2543 0.0337584
vn -0.68894 -0.268991 5.80343
vt 0 0
v 0.423346 1.23278 0.00369736
vn -0.430414 0.0833795 -5.83392
vt 0 0
v 0.358865 1.27052 0.0110768
vn -0.659155 0.39682 -5.79956
vt 0 0
v 0.430612 1.25161 0.00369736
vn -0.400293 0.242985 -5.8316
vt 0 0
v 0.358865 1.27052 0.0110768
vn -0.659155 0.39682 -5.79956
vt 0 0
v 0.423346 1.23278 0.00369736
vn -0.430414 0.0833795 -5.83392
vt 0 0
v 0.346789 1.23922 0.0110768
vn -0.707251 0.135877 -5.80587
vt 0 0
v 0.346789 1.2069 0.0110768
vn -0.707251 -0.135877 -5.80587
vt 0 0
v 0.271026 1.24559 0.0221079
vn -0.984946 0.188489 -5.76378
vt 0 0
v 0.346789 1.23922 0.0110768
vn -0.707251 0.135877 -5.80587
vt 0 0
v 0.271026 1.24559 0.0221079
vn -0.984946 0.188489 -5.76378
vt 0 0
v 0.346789 1.2069 0.0110768
vn -0.707251 -0.135877 -5.80587
vt 0 0
v 0.271026 1.20053 0.0221079
vn -0.984946 -0.188489 -5.76378
vt 0 0
v 0.430612 1.25161 0.00369736
vn -0.400293 0.242985 -5.8316
vt 0 0
v 0.382258 1.29884 0.0110768
vn -0.568863 0.628314 -5.78865
vt 0 0
v 0.444686 1.26865 0.00369736
vn -0.344462 0.383642 -5.8276
vt 0 0
v 0.382258 1.29884 0.0110768
vn -0.568863 0.628314 -5.78865
vt 0 0
v 0.430612 1.25161 0.00369736
vn -0.400293 0.242985 -5.8316
vt 0 0
v 0.358865 1.27052 0.0110768
vn -0.659155 0.39682 -5.79956
vt 0 0
v 0.382258 1.29884 0.0110768
vn -0.568863 0.628314 -5.78865
vt 0 0
v 0.366821 1.36155 0.0221079
vn -0.61907 1.13306 -5.70611
vt 0 0
v 0.415498 1.32239 0.0110768
vn -0.444528 0.816868 -5.77598
vt 0 0
v 0.366821 1.36155 0.0221079
vn -0.61907 1.13306 -5.70611
vt 0 0
v 0.382258 1.29884 0.0110768
vn -0.568863 0.628314 -5.78865
vt 0 0
v 0.320477 1.32871 0.0221079
vn -0.792418 0.87181 -5.73052
vt 0 0
v 0.833834 1.33094 0.0587685
vn -1.10465 -0.917427 5.67141
vt 0 0
v 0.793865 1.26661 0.0445066
vn -0.959546 -0.373187 5.75906
vt 0 0
v 0.864882 1.27875 0.0587685
vn -1.2309 -0.477542 5.69944
vt 0 0
v 0.793865 1.26661 0.0445066
vn -0.959546 -0.373187 5.75906
vt 0 0
v 0.833834 1.33094 0.0587685
vn -1.10465 -0.917427 5.67141
vt 0 0
v 0.769582 1.30743 0.0445066
vn -0.86199 -0.717662 5.74184
vt 0 0
v 0.784258 1.37635 0.0587685
vn -0.909672 -1.29024 5.63334
vt 0 0
v 0.769582 1.30743 0.0445066
vn -0.86199 -0.717662 5.74184
vt 0 0
v 0.833834 1.33094 0.0587685
vn -1.10465 -0.917427 5.67141
vt 0 0
v 0.769582 1.30743 0.0445066
vn -0.86199 -0.717662 5.74184
vt 0 0
v 0.784258 1.37635 0.0587685
vn -0.909672 -1.29024 5.63334
vt 0 0
v 0.730809 1.34294 0.0445066
vn -0.710931 -1.01088 5.71835
vt 0 0
v 0.71927 1.41213 0.0587685
vn -0.662269 -1.57604 5.59502
vt 0 0
v 0.730809 1.34294 0.0445066
vn -0.710931 -1.01088 5.71835
vt 0 0
v 0.784258 1.37635 0.0587685
vn -0.909672 -1.29024 5.63334
vt 0 0
v 0.730809 1.34294 0.0445066
vn -0.710931 -1.01088 5.71835
vt 0 0
v 0.71927 1.41213 0.0587685
vn -0.662269 -1.57604 5.59502
vt 0 0
v 0.679983 1.37093 0.0445066
vn -0.518421 -1.2369 5.69457
vt 0 0
v 0.642954 1.43603 0.0587685
vn -0.37922 -1.7626 5.56563
vt 0 0
v 0.679983 1.37093 0.0445066
vn -0.518421 -1.2369 5.69457
vt 0 0
v 0.71927 1.41213 0.0587685
vn -0.662269 -1.57604 5.59502
vt 0 0
v 0.679983 1.37093 0.0445066
vn -0.518421 -1.2369 5.69457
vt 0 0
v 0.642954 1.43603 0.0587685
vn -0.37922 -1.7626 5.56563
vt 0 0
v 0.620296 1.38962 0.0445066
vn -0.297218 -1.38516 5.67625
vt 0 0
v 0.560104 1.44654 0.0587685
vn -0.0767993 -1.84353 5.55178
vt 0 0
v 0.620296 1.38962 0.0445066
vn -0.297218 -1.38516 5.67625
vt 0 0
v 0.642954 1.43603 0.0587685
vn -0.37922 -1.7626 5.56563
vt 0 0
v 0.620296 1.38962 0.0445066
vn -0.297218 -1.38516 5.67625
vt 0 0
v 0.560104 1.44654 0.0587685
vn -0.0767993 -1.84353 5.55178
vt 0 0
v 0.555501 1.39784 0.0445066
vn -0.060226 -1.44967 5.66759
vt 0 0
v 0.560104 1.44654 0.0587685
vn -0.0767993 -1.84353 5.55178
vt 0 0
v 0.489666 1.39509 0.0445066
vn 0.179897 -1.42811 5.67053
vt 0 0
v 0.555501 1.39784 0.0445066
vn -0.060226 -1.44967 5.66759
vt 0 0
v 0.489666 1.39509 0.0445066
vn 0.179897 -1.42811 5.67053
vt 0 0
v 0.560104 1.44654 0.0587685
vn -0.0767993 -1.84353 5.55178
vt 0 0
v 0.475927 1.44302 0.0587685
vn 0.229445 -1.81649 5.55648
vt 0 0
v 0.475927 1.44302 0.0587685
vn 0.229445 -1.81649 5.55648
vt 0 0
v 0.426931 1.38152 0.0445066
vn 0.410597 -1.32122 5.68442
vt 0 0
v 0.489666 1.39509 0.0445066
vn 0.179897 -1.42811 5.67053
vt 0 0
v 0.426931 1.38152 0.0445066
vn 0.410597 -1.32122 5.68442
vt 0 0
v 0.475927 1.44302 0.0587685
vn 0.229445 -1.81649 5.55648
vt 0 0
v 0.395712 1.42567 0.0587685
vn 0.524165 -1.68224 5.57872
vt 0 0
v 0.395712 1.42567 0.0587685
vn 0.524165 -1.68224 5.57872
vt 0 0
v 0.371235 1.358 0.0445066
vn 0.61907 -1.13306 5.70611
vt 0 0
v 0.426931 1.38152 0.0445066
vn 0.410597 -1.32122 5.68442
vt 0 0
v 0.371235 1.358 0.0445066
vn 0.61907 -1.13306 5.70611
vt 0 0
v 0.395712 1.42567 0.0587685
vn 0.524165 -1.68224 5.57872
vt 0 0
v 0.324499 1.3956 0.0587685
vn 0.791471 -1.44494 5.6136
vt 0 0
v 0.324499 1.3956 0.0587685
vn 0.791471 -1.44494 5.6136
vt 0 0
v 0.32608 1.326 0.0445066
vn 0.792418 -0.87181 5.73052
vt 0 0
v 0.371235 1.358 0.0445066
vn 0.61907 -1.13306 5.70611
vt 0 0
v 0.32608 1.326 0.0445066
vn 0.792418 -0.87181 5.73052
vt 0 0
v 0.324499 1.3956 0.0587685
vn 0.791471 -1.44494 5.6136
vt 0 0
v 0.266761 1.35468 0.0587685
vn 1.01476 -1.11367 5.65303
vt 0 0
v 0.266761 1.35468 0.0587685
vn 1.01476 -1.11367 5.65303
vt 0 0
v 0.294301 1.28753 0.0445066
vn 0.918162 -0.550594 5.75158
vt 0 0
v 0.32608 1.326 0.0445066
vn 0.792418 -0.87181 5.73052
vt 0 0
v 0.294301 1.28753 0.0445066
vn 0.918162 -0.550594 5.75158
vt 0 0
v 0.266761 1.35468 0.0587685
vn 1.01476 -1.11367 5.65303
vt 0 0
v 0.226129 1.30549 0.0587685
vn 1.17732 -0.704267 5.68724
vt 0 0
v 0.226129 1.30549 0.0587685
vn 1.17732 -0.704267 5.68724
vt 0 0
v 0.277896 1.24501 0.0445066
vn 0.984946 -0.188489 5.76378
vt 0 0
v 0.294301 1.28753 0.0445066
vn 0.918162 -0.550594 5.75158
vt 0 0
v 0.277896 1.24501 0.0445066
vn 0.984946 -0.188489 5.76378
vt 0 0
v 0.226129 1.30549 0.0587685
vn 1.17732 -0.704267 5.68724
vt 0 0
v 0.205153 1.25113 0.0587685
vn 1.26379 -0.241254 5.70714
vt 0 0
v 0.205153 1.25113 0.0587685
vn 1.26379 -0.241254 5.70714
vt 0 0
v 0.277896 1.20111 0.0445066
vn 0.984946 0.188489 5.76378
vt 0 0
v 0.277896 1.24501 0.0445066
vn 0.984946 -0.188489 5.76378
vt 0 0
v 0.277896 1.20111 0.0445066
vn 0.984946 0.188489 5.76378
vt 0 0
v 0.205153 1.25113 0.0587685
vn 1.26379 -0.241254 5.70714
vt 0 0
v 0.205153 1.19499 0.0587685
vn 1.26379 0.241254 5.70714
vt 0 0
v 0.277896 1.20111 0.0445066
vn 0.984946 0.188489 5.76378
vt 0 0
v 0.226129 1.14063 0.0587685
vn 1.17732 0.704267 5.68724
vt 0 0
v 0.294301 1.15859 0.0445066
vn 0.918162 0.550594 5.75158
vt 0 0
v 0.226129 1.14063 0.0587685
vn 1.17732 0.704267 5.68724
vt 0 0
v 0.277896 1.20111 0.0445066
vn 0.984946 0.188489 5.76378
vt 0 0
v 0.205153 1.19499 0.0587685
vn 1.26379 0.241254 5.70714
vt 0 0
v 0.294301 1.15859 0.0445066
vn 0.918162 0.550594 5.75158
vt 0 0
v 0.266761 1.09144 0.0587685
vn 1.01476 1.11367 5.65303
vt 0 0
v 0.32608 1.12012 0.0445066
vn 0.792418 0.87181 5.73052
vt 0 0
v 0.266761 1.09144 0.0587685
vn 1.01476 1.11367 5.65303
vt 0 0
v 0.294301 1.15859 0.0445066
vn 0.918162 0.550594 5.75158
vt 0 0
v 0.226129 1.14063 0.0587685
vn 1.17732 0.704267 5.68724
vt 0 0
v 0.32608 1.12012 0.0445066
vn 0.792418 0.87181 5.73052
vt 0 0
v 0.324499 1.05052 0.0587685
vn 0.791471 1.44494 5.6136
vt 0 0
v 0.371235 1.08812 0.0445066
vn 0.61907 1.13306 5.70611
vt 0 0
v 0.324499 1.05052 0.0587685
vn 0.791471 1.44494 5.6136
vt 0 0
v 0.32608 1.12012 0.0445066
vn 0.792418 0.87181 5.73052
vt 0 0
v 0.266761 1.09144 0.0587685
vn 1.01476 1.11367 5.65303
vt 0 0
v 0.371235 1.08812 0.0445066
vn 0.61907 1.13306 5.70611
vt 0 0
v 0.395712 1.02045 0.0587685
vn 0.524165 1.68224 5.57872
vt 0 0
v 0.426931 1.0646 0.0445066
vn 0.410597 1.32122 5.68442
vt 0 0
v 0.395712 1.02045 0.0587685
vn 0.524165 1.68224 5.57872
vt 0 0
v 0.371235 1.08812 0.0445066
vn 0.61907 1.13306 5.70611
vt 0 0
v 0.324499 1.05052 0.0587685
vn 0.791471 1.44494 5.6136
vt 0 0
v 0.426931 1.0646 0.0445066
vn 0.410597 1.32122 5.68442
vt 0 0
v 0.475927 1.0031 0.0587685
vn 0.229445 1.81649 5.55648
vt 0 0
v 0.489666 1.05103 0.0445066
vn 0.179897 1.42811 5.67053
vt 0 0
v 0.475927 1.0031 0.0587685
vn 0.229445 1.81649 5.55648
vt 0 0
v 0.426931 1.0646 0.0445066
vn 0.410597 1.32122 5.68442
vt 0 0
v 0.395712 1.02045 0.0587685
vn 0.524165 1.68224 5.57872
vt 0 0
v 0.489666 1.05103 0.0445066
vn 0.179897 1.42811 5.67053
vt 0 0
v 0.560104 0.999576 0.0587685
vn -0.0767993 1.84353 5.55178
vt 0 0
v 0.555501 1.04828 0.0445066
vn -0.060226 1.44967 5.66759
vt 0 0
v 0.560104 0.999576 0.0587685
vn -0.0767993 1.84353 5.55178
vt 0 0
v 0.489666 1.05103 0.0445066
vn 0.179897 1.42811 5.67053
vt 0 0
v 0.475927 1.0031 0.0587685
vn 0.229445 1.81649 5.55648
vt 0 0
v 0.620296 1.0565 0.0445066
vn -0.297218 1.38516 5.67625
vt 0 0
v 0.560104 0.999576 0.0587685
vn -0.0767993 1.84353 5.55178
vt 0 0
v 0.642954 1.01009 0.0587685
vn -0.37922 1.7626 5.56563
vt 0 0
v 0.560104 0.999576 0.0587685
vn -0.0767993 1.84353 5.55178
vt 0 0
v 0.620296 1.0565 0.0445066
vn -0.297218 1.38516 5.67625
vt 0 0
v 0.555501 1.04828 0.0445066
vn -0.060226 1.44967 5.66759
vt 0 0
v 0.679983 1.07519 0.0445066
vn -0.518421 1.2369 5.69457
vt 0 0
v 0.642954 1.01009 0.0587685
vn -0.37922 1.7626 5.56563
vt 0 0
v 0.71927 1.03399 0.0587685
vn -0.662269 1.57604 5.59502
vt 0 0
v 0.642954 1.01009 0.0587685
vn -0.37922 1.7626 5.56563
vt 0 0
v 0.679983 1.07519 0.0445066
vn -0.518421 1.2369 5.69457
vt 0 0
v 0.620296 1.0565 0.0445066
vn -0.297218 1.38516 5.67625
vt 0 0
v 0.730809 1.10318 0.0445066
vn -0.710931 1.01088 5.71835
vt 0 0
v 0.71927 1.03399 0.0587685
vn -0.662269 1.57604 5.59502
vt 0 0
v 0.784258 1.06977 0.0587685
vn -0.909672 1.29024 5.63334
vt 0 0
v 0.71927 1.03399 0.0587685
vn -0.662269 1.57604 5.59502
vt 0 0
v 0.730809 1.10318 0.0445066
vn -0.710931 1.01088 5.71835
vt 0 0
v 0.679983 1.07519 0.0445066
vn -0.518421 1.2369 5.69457
vt 0 0
v 0.769582 1.13869 0.0445066
vn -0.86199 0.717662 5.74184
vt 0 0
v 0.784258 1.06977 0.0587685
vn -0.909672 1.29024 5.63334
vt 0 0
v 0.833834 1.11518 0.0587685
vn -1.10465 0.917427 5.67141
vt 0 0
v 0.784258 1.06977 0.0587685
vn -0.909672 1.29024 5.63334
vt 0 0
v 0.769582 1.13869 0.0445066
vn -0.86199 0.717662 5.74184
vt 0 0
v 0.730809 1.10318 0.0445066
vn -0.710931 1.01088 5.71835
vt 0 0
v 0.793865 1.17951 0.0445066
vn -0.959546 0.373187 5.75906
vt 0 0
v 0.833834 1.11518 0.0587685
vn -1.10465 0.917427 5.67141
vt 0 0
v 0.864882 1.16737 0.0587685
vn -1.2309 0.477542 5.69944
vt 0 0
v 0.833834 1.11518 0.0587685
vn -1.10465 0.917427 5.67141
vt 0 0
v 0.793865 1.17951 0.0445066
vn -0.959546 0.373187 5.75906
vt 0 0
v 0.769582 1.13869 0.0445066
vn -0.86199 0.717662 5.74184
vt 0 0
v 0.873459 1.16591 0.0367451
vn 1.2309 -0.477542 -5.69944
vt 0 0
v 0.809057 1.22306 0.0221079
vn 0.993515 1.56559e-015 -5.76539
vt 0 0
v 0.884308 1.22306 0.0367451
vn 1.27488 2.18774e-015 -5.70977
vt 0 0
v 0.809057 1.22306 0.0221079
vn 0.993515 1.56559e-015 -5.76539
vt 0 0
v 0.873459 1.16591 0.0367451
vn 1.2309 -0.477542 -5.69944
vt 0 0
v 0.800572 1.17836 0.0221079
vn 0.959546 -0.373187 -5.75906
vt 0 0
v 0.841593 1.11234 0.0367451
vn 1.10465 -0.917427 -5.67141
vt 0 0
v 0.800572 1.17836 0.0221079
vn 0.959546 -0.373187 -5.75906
vt 0 0
v 0.873459 1.16591 0.0367451
vn 1.2309 -0.477542 -5.69944
vt 0 0
v 0.800572 1.17836 0.0221079
vn 0.959546 -0.373187 -5.75906
vt 0 0
v 0.841593 1.11234 0.0367451
vn 1.10465 -0.917427 -5.67141
vt 0 0
v 0.77565 1.13647 0.0221079
vn 0.86199 -0.717662 -5.74184
vt 0 0
v 0.790712 1.06574 0.0367451
vn 0.909672 -1.29024 -5.63334
vt 0 0
v 0.77565 1.13647 0.0221079
vn 0.86199 -0.717662 -5.74184
vt 0 0
v 0.841593 1.11234 0.0367451
vn 1.10465 -0.917427 -5.67141
vt 0 0
v 0.77565 1.13647 0.0221079
vn 0.86199 -0.717662 -5.74184
vt 0 0
v 0.790712 1.06574 0.0367451
vn 0.909672 -1.29024 -5.63334
vt 0 0
v 0.735857 1.10002 0.0221079
vn 0.710931 -1.01088 -5.71835
vt 0 0
v 0.724014 1.02902 0.0367451
vn 0.662269 -1.57604 -5.59502
vt 0 0
v 0.735857 1.10002 0.0221079
vn 0.710931 -1.01088 -5.71835
vt 0 0
v 0.790712 1.06574 0.0367451
vn 0.909672 -1.29024 -5.63334
vt 0 0
v 0.735857 1.10002 0.0221079
vn 0.710931 -1.01088 -5.71835
vt 0 0
v 0.724014 1.02902 0.0367451
vn 0.662269 -1.57604 -5.59502
vt 0 0
v 0.683693 1.0713 0.0221079
vn 0.518421 -1.2369 -5.69457
vt 0 0
v 0.64569 1.00449 0.0367451
vn 0.37922 -1.7626 -5.56563
vt 0 0
v 0.683693 1.0713 0.0221079
vn 0.518421 -1.2369 -5.69457
vt 0 0
v 0.724014 1.02902 0.0367451
vn 0.662269 -1.57604 -5.59502
vt 0 0
v 0.683693 1.0713 0.0221079
vn 0.518421 -1.2369 -5.69457
vt 0 0
v 0.64569 1.00449 0.0367451
vn 0.37922 -1.7626 -5.56563
vt 0 0
v 0.622436 1.05212 0.0221079
vn 0.297218 -1.38516 -5.67625
vt 0 0
v 0.56066 0.993695 0.0367451
vn 0.0767993 -1.84353 -5.55178
vt 0 0
v 0.622436 1.05212 0.0221079
vn 0.297218 -1.38516 -5.67625
vt 0 0
v 0.64569 1.00449 0.0367451
vn 0.37922 -1.7626 -5.56563
vt 0 0
v 0.622436 1.05212 0.0221079
vn 0.297218 -1.38516 -5.67625
vt 0 0
v 0.56066 0.993695 0.0367451
vn 0.0767993 -1.84353 -5.55178
vt 0 0
v 0.555935 1.04368 0.0221079
vn 0.060226 -1.44967 -5.66759
vt 0 0
v 0.56066 0.993695 0.0367451
vn 0.0767993 -1.84353 -5.55178
vt 0 0
v 0.488369 1.0465 0.0221079
vn -0.179897 -1.42811 -5.67053
vt 0 0
v 0.555935 1.04368 0.0221079
vn 0.060226 -1.44967 -5.66759
vt 0 0
v 0.488369 1.0465 0.0221079
vn -0.179897 -1.42811 -5.67053
vt 0 0
v 0.56066 0.993695 0.0367451
vn 0.0767993 -1.84353 -5.55178
vt 0 0
v 0.474268 0.997313 0.0367451
vn -0.229445 -1.81649 -5.55648
vt 0 0
v 0.474268 0.997313 0.0367451
vn -0.229445 -1.81649 -5.55648
vt 0 0
v 0.423982 1.06043 0.0221079
vn -0.410597 -1.32122 -5.68442
vt 0 0
v 0.488369 1.0465 0.0221079
vn -0.179897 -1.42811 -5.67053
vt 0 0
v 0.423982 1.06043 0.0221079
vn -0.410597 -1.32122 -5.68442
vt 0 0
v 0.474268 0.997313 0.0367451
vn -0.229445 -1.81649 -5.55648
vt 0 0
v 0.391942 1.01511 0.0367451
vn -0.524165 -1.68224 -5.57872
vt 0 0
v 0.391942 1.01511 0.0367451
vn -0.524165 -1.68224 -5.57872
vt 0 0
v 0.366821 1.08457 0.0221079
vn -0.61907 -1.13306 -5.70611
vt 0 0
v 0.423982 1.06043 0.0221079
vn -0.410597 -1.32122 -5.68442
vt 0 0
v 0.366821 1.08457 0.0221079
vn -0.61907 -1.13306 -5.70611
vt 0 0
v 0.391942 1.01511 0.0367451
vn -0.524165 -1.68224 -5.57872
vt 0 0
v 0.318855 1.04598 0.0367451
vn -0.791471 -1.44494 -5.6136
vt 0 0
v 0.318855 1.04598 0.0367451
vn -0.791471 -1.44494 -5.6136
vt 0 0
v 0.320477 1.11741 0.0221079
vn -0.792418 -0.87181 -5.73052
vt 0 0
v 0.366821 1.08457 0.0221079
vn -0.61907 -1.13306 -5.70611
vt 0 0
v 0.320477 1.11741 0.0221079
vn -0.792418 -0.87181 -5.73052
vt 0 0
v 0.318855 1.04598 0.0367451
vn -0.791471 -1.44494 -5.6136
vt 0 0
v 0.259598 1.08798 0.0367451
vn -1.01476 -1.11367 -5.65303
vt 0 0
v 0.259598 1.08798 0.0367451
vn -1.01476 -1.11367 -5.65303
vt 0 0
v 0.287862 1.15689 0.0221079
vn -0.918162 -0.550594 -5.75158
vt 0 0
v 0.320477 1.11741 0.0221079
vn -0.792418 -0.87181 -5.73052
vt 0 0
v 0.287862 1.15689 0.0221079
vn -0.918162 -0.550594 -5.75158
vt 0 0
v 0.259598 1.08798 0.0367451
vn -1.01476 -1.11367 -5.65303
vt 0 0
v 0.217896 1.13846 0.0367451
vn -1.17732 -0.704267 -5.68724
vt 0 0
v 0.217896 1.13846 0.0367451
vn -1.17732 -0.704267 -5.68724
vt 0 0
v 0.271026 1.20053 0.0221079
vn -0.984946 -0.188489 -5.76378
vt 0 0
v 0.287862 1.15689 0.0221079
vn -0.918162 -0.550594 -5.75158
vt 0 0
v 0.271026 1.20053 0.0221079
vn -0.984946 -0.188489 -5.76378
vt 0 0
v 0.217896 1.13846 0.0367451
vn -1.17732 -0.704267 -5.68724
vt 0 0
v 0.196369 1.19426 0.0367451
vn -1.26379 -0.241254 -5.70714
vt 0 0
v 0.366821 1.36155 0.0221079
vn -0.61907 1.13306 -5.70611
vt 0 0
v 0.391942 1.43101 0.0367451
vn -0.524165 1.68224 -5.57872
vt 0 0
v 0.423982 1.38569 0.0221079
vn -0.410597 1.32122 -5.68442
vt 0 0
v 0.391942 1.43101 0.0367451
vn -0.524165 1.68224 -5.57872
vt 0 0
v 0.366821 1.36155 0.0221079
vn -0.61907 1.13306 -5.70611
vt 0 0
v 0.318855 1.40014 0.0367451
vn -0.791471 1.44494 -5.6136
vt 0 0
v 0.423982 1.38569 0.0221079
vn -0.410597 1.32122 -5.68442
vt 0 0
v 0.474268 1.44881 0.0367451
vn -0.229445 1.81649 -5.55648
vt 0 0
v 0.488369 1.39961 0.0221079
vn -0.179897 1.42811 -5.67053
vt 0 0
v 0.474268 1.44881 0.0367451
vn -0.229445 1.81649 -5.55648
vt 0 0
v 0.423982 1.38569 0.0221079
vn -0.410597 1.32122 -5.68442
vt 0 0
v 0.391942 1.43101 0.0367451
vn -0.524165 1.68224 -5.57872
vt 0 0
v 0.488369 1.39961 0.0221079
vn -0.179897 1.42811 -5.67053
vt 0 0
v 0.56066 1.45242 0.0367451
vn 0.0767993 1.84353 -5.55178
vt 0 0
v 0.555935 1.40244 0.0221079
vn 0.060226 1.44967 -5.66759
vt 0 0
v 0.56066 1.45242 0.0367451
vn 0.0767993 1.84353 -5.55178
vt 0 0
v 0.488369 1.39961 0.0221079
vn -0.179897 1.42811 -5.67053
vt 0 0
v 0.474268 1.44881 0.0367451
vn -0.229445 1.81649 -5.55648
vt 0 0
v 0.622436 1.394 0.0221079
vn 0.297218 1.38516 -5.67625
vt 0 0
v 0.56066 1.45242 0.0367451
vn 0.0767993 1.84353 -5.55178
vt 0 0
v 0.64569 1.44163 0.0367451
vn 0.37922 1.7626 -5.56563
vt 0 0
v 0.56066 1.45242 0.0367451
vn 0.0767993 1.84353 -5.55178
vt 0 0
v 0.622436 1.394 0.0221079
vn 0.297218 1.38516 -5.67625
vt 0 0
v 0.555935 1.40244 0.0221079
vn 0.060226 1.44967 -5.66759
vt 0 0
v 0.683693 1.37482 0.0221079
vn 0.518421 1.2369 -5.69457
vt 0 0
v 0.64569 1.44163 0.0367451
vn 0.37922 1.7626 -5.56563
vt 0 0
v 0.724014 1.4171 0.0367451
vn 0.662269 1.57604 -5.59502
vt 0 0
v 0.64569 1.44163 0.0367451
vn 0.37922 1.7626 -5.56563
vt 0 0
v 0.683693 1.37482 0.0221079
vn 0.518421 1.2369 -5.69457
vt 0 0
v 0.622436 1.394 0.0221079
vn 0.297218 1.38516 -5.67625
vt 0 0
v 0.735857 1.3461 0.0221079
vn 0.710931 1.01088 -5.71835
vt 0 0
v 0.724014 1.4171 0.0367451
vn 0.662269 1.57604 -5.59502
vt 0 0
v 0.790712 1.38038 0.0367451
vn 0.909672 1.29024 -5.63334
vt 0 0
v 0.724014 1.4171 0.0367451
vn 0.662269 1.57604 -5.59502
vt 0 0
v 0.735857 1.3461 0.0221079
vn 0.710931 1.01088 -5.71835
vt 0 0
v 0.683693 1.37482 0.0221079
vn 0.518421 1.2369 -5.69457
vt 0 0
v 0.77565 1.30965 0.0221079
vn 0.86199 0.717662 -5.74184
vt 0 0
v 0.790712 1.38038 0.0367451
vn 0.909672 1.29024 -5.63334
vt 0 0
v 0.841593 1.33378 0.0367451
vn 1.10465 0.917427 -5.67141
vt 0 0
v 0.790712 1.38038 0.0367451
vn 0.909672 1.29024 -5.63334
vt 0 0
v 0.77565 1.30965 0.0221079
vn 0.86199 0.717662 -5.74184
vt 0 0
v 0.735857 1.3461 0.0221079
vn 0.710931 1.01088 -5.71835
vt 0 0
v 0.800572 1.26776 0.0221079
vn 0.959546 0.373187 -5.75906
vt 0 0
v 0.841593 1.33378 0.0367451
vn 1.10465 0.917427 -5.67141
vt 0 0
v 0.873459 1.28021 0.0367451
vn 1.2309 0.477542 -5.69944
vt 0 0
v 0.841593 1.33378 0.0367451
vn 1.10465 0.917427 -5.67141
vt 0 0
v 0.800572 1.26776 0.0221079
vn 0.959546 0.373187 -5.75906
vt 0 0
v 0.77565 1.30965 0.0221079
vn 0.86199 0.717662 -5.74184
vt 0 0
v 0.809057 1.22306 0.0221079
vn 0.993515 1.56559e-015 -5.76539
vt 0 0
v 0.873459 1.28021 0.0367451
vn 1.2309 0.477542 -5.69944
vt 0 0
v 0.884308 1.22306 0.0367451
vn 1.27488 2.18774e-015 -5.70977
vt 0 0
v 0.873459 1.28021 0.0367451
vn 1.2309 0.477542 -5.69944
vt 0 0
v 0.809057 1.22306 0.0221079
vn 0.993515 1.56559e-015 -5.76539
vt 0 0
v 0.800572 1.26776 0.0221079
vn 0.959546 0.373187 -5.75906
vt 0 0
v 4.45446 1.42686 0.672473
vn -0.823433 5.71144e-018 5.79213
vt 0 0
v 4.50748 1.02587 0.680011
vn -0.862828 3.77656e-018 5.78639
vt 0 0
v 4.50748 1.42061 0.680011
vn -0.862828 3.77656e-018 5.78639
vt 0 0
v 4.45446 1.42686 0.672473
vn -0.823433 5.71144e-018 5.79213
vt 0 0
v 4.45446 1.01961 0.672473
vn -0.823433 5.71144e-018 5.79213
vt 0 0
v 4.50748 1.02587 0.680011
vn -0.862828 3.77656e-018 5.78639
vt 0 0
v 4.40891 1.4308 0.665998
vn -0.783354 4.94644e-018 5.79769
vt 0 0
v 4.45446 1.01961 0.672473
vn -0.823433 5.71144e-018 5.79213
vt 0 0
v 4.45446 1.42686 0.672473
vn -0.823433 5.71144e-018 5.79213
vt 0 0
v 4.45446 1.01961 0.672473
vn -0.823433 5.71144e-018 5.79213
vt 0 0
v 4.40891 1.4308 0.665998
vn -0.783354 4.94644e-018 5.79769
vt 0 0
v 4.40891 1.01567 0.665998
vn -0.783354 4.94644e-018 5.79769
vt 0 0
v 4.30401 1.00894 0.652486
vn 0.240415 -5.84543 -1.29647e-014
vt 0 0
v 4.37936 1.01311 0.626293
vn 0.406694 -5.83621 -1.0375e-014
vt 0 0
v 4.37936 1.01311 0.662191
vn 0.421418 -5.83517 -9.58038e-015
vt 0 0
v 4.37936 1.01311 0.626293
vn 0.406694 -5.83621 -1.0375e-014
vt 0 0
v 4.30401 1.00894 0.652486
vn 0.240415 -5.84543 -1.29647e-014
vt 0 0
v 4.30401 1.00894 0.616588
vn 0.225667 -5.84601 -1.26281e-014
vt 0 0
v 4.40891 1.01567 0.665998
vn 0.504503 -5.82857 -5.09263e-015
vt 0 0
v 4.45446 1.01961 0.636511
vn 0.58698 -5.82085 -4.73115e-016
vt 0 0
v 4.45446 1.01961 0.672473
vn 0.603169 -5.81919 4.34402e-016
vt 0 0
v 4.37936 1.01311 0.662191
vn 0.421418 -5.83517 -9.58038e-015
vt 0 0
v 4.45446 1.01961 0.636511
vn 0.58698 -5.82085 -4.73115e-016
vt 0 0
v 4.40891 1.01567 0.665998
vn 0.504503 -5.82857 -5.09263e-015
vt 0 0
v 4.37936 1.01311 0.662191
vn 0.421418 -5.83517 -9.58038e-015
vt 0 0
v 4.41369 1.01608 0.630715
vn 0.504503 -5.82857 -5.09263e-015
vt 0 0
v 4.45446 1.01961 0.636511
vn 0.58698 -5.82085 -4.73115e-016
vt 0 0
v 4.41369 1.01608 0.630715
vn 0.504503 -5.82857 -5.09263e-015
vt 0 0
v 4.37936 1.01311 0.662191
vn 0.421418 -5.83517 -9.58038e-015
vt 0 0
v 4.37936 1.01311 0.626293
vn 0.406694 -5.83621 -1.0375e-014
vt 0 0
v 4.45446 1.01961 0.636511
vn 0.823433 -6.47926e-018 -5.79213
vt 0 0
v 4.51275 1.41998 0.644798
vn 0.862828 -3.54648e-018 -5.78639
vt 0 0
v 4.51275 1.02649 0.644798
vn 0.862828 -3.54648e-018 -5.78639
vt 0 0
v 4.45446 1.01961 0.636511
vn 0.823433 -6.47926e-018 -5.79213
vt 0 0
v 4.45446 1.42686 0.636511
vn 0.823433 -6.47926e-018 -5.79213
vt 0 0
v 4.51275 1.41998 0.644798
vn 0.862828 -3.54648e-018 -5.78639
vt 0 0
v 4.41369 1.01608 0.630715
vn 0.783354 -1.11624e-018 -5.79769
vt 0 0
v 4.45446 1.42686 0.636511
vn 0.823433 -6.47926e-018 -5.79213
vt 0 0
v 4.45446 1.01961 0.636511
vn 0.823433 -6.47926e-018 -5.79213
vt 0 0
v 4.45446 1.42686 0.636511
vn 0.823433 -6.47926e-018 -5.79213
vt 0 0
v 4.41369 1.01608 0.630715
vn 0.783354 -1.11624e-018 -5.79769
vt 0 0
v 4.41369 1.43039 0.630715
vn 0.783354 -1.11624e-018 -5.79769
vt 0 0
v 4.45446 1.42686 0.636511
vn 0.58698 5.82085 -4.73115e-016
vt 0 0
v 4.40891 1.4308 0.665998
vn 0.504503 5.82857 -5.09263e-015
vt 0 0
v 4.45446 1.42686 0.672473
vn 0.603169 5.81919 4.34402e-016
vt 0 0
v 4.45446 1.42686 0.636511
vn 0.58698 5.82085 -4.73115e-016
vt 0 0
v 4.37936 1.43336 0.662191
vn 0.421418 5.83517 -9.58038e-015
vt 0 0
v 4.40891 1.4308 0.665998
vn 0.504503 5.82857 -5.09263e-015
vt 0 0
v 4.41369 1.43039 0.630715
vn 0.504503 5.82857 -5.09263e-015
vt 0 0
v 4.37936 1.43336 0.662191
vn 0.421418 5.83517 -9.58038e-015
vt 0 0
v 4.45446 1.42686 0.636511
vn 0.58698 5.82085 -4.73115e-016
vt 0 0
v 4.37936 1.43336 0.662191
vn 0.421418 5.83517 -9.58038e-015
vt 0 0
v 4.41369 1.43039 0.630715
vn 0.504503 5.82857 -5.09263e-015
vt 0 0
v 4.37936 1.43336 0.626293
vn 0.406694 5.83621 -1.0375e-014
vt 0 0
v 4.37936 1.43336 0.626293
vn 0.406694 5.83621 -1.0375e-014
vt 0 0
v 4.30401 1.43753 0.652486
vn 0.240415 5.84543 -1.29647e-014
vt 0 0
v 4.37936 1.43336 0.662191
vn 0.421418 5.83517 -9.58038e-015
vt 0 0
v 4.30401 1.43753 0.652486
vn 0.240415 5.84543 -1.29647e-014
vt 0 0
v 4.37936 1.43336 0.626293
vn 0.406694 5.83621 -1.0375e-014
vt 0 0
v 4.30401 1.43753 0.616588
vn 0.225667 5.84601 -1.26281e-014
vt 0 0
v 0.875454 1.22306 0.0587685
vn -1.27488 -2.0065e-015 5.70977
vt 0 0
v 0.934555 1.15547 0.0764852
vn -1.5031 0.582063 5.62394
vt 0 0
v 0.947386 1.22306 0.0764852
vn -1.55779 -2.55171e-015 5.63915
vt 0 0
v 0.934555 1.15547 0.0764852
vn -1.5031 0.582063 5.62394
vt 0 0
v 0.875454 1.22306 0.0587685
vn -1.27488 -2.0065e-015 5.70977
vt 0 0
v 0.864882 1.16737 0.0587685
vn -1.2309 0.477542 5.69944
vt 0 0
v 0.864882 1.27875 0.0587685
vn -1.2309 -0.477542 5.69944
vt 0 0
v 0.802132 1.22306 0.0445066
vn -0.993515 -9.83347e-016 5.76539
vt 0 0
v 0.875454 1.22306 0.0587685
vn -1.27488 -2.0065e-015 5.70977
vt 0 0
v 0.802132 1.22306 0.0445066
vn -0.993515 -9.83347e-016 5.76539
vt 0 0
v 0.864882 1.27875 0.0587685
vn -1.2309 -0.477542 5.69944
vt 0 0
v 0.793865 1.26661 0.0445066
vn -0.959546 -0.373187 5.75906
vt 0 0
v 0.346789 1.23922 0.0110768
vn -0.707251 0.135877 -5.80587
vt 0 0
v 0.287862 1.28923 0.0221079
vn -0.918162 0.550594 -5.75158
vt 0 0
v 0.358865 1.27052 0.0110768
vn -0.659155 0.39682 -5.79956
vt 0 0
v 0.287862 1.28923 0.0221079
vn -0.918162 0.550594 -5.75158
vt 0 0
v 0.346789 1.23922 0.0110768
vn -0.707251 0.135877 -5.80587
vt 0 0
v 0.271026 1.24559 0.0221079
vn -0.984946 0.188489 -5.76378
vt 0 0
v 0.271026 1.20053 0.0221079
vn -0.984946 -0.188489 -5.76378
vt 0 0
v 0.196369 1.25186 0.0367451
vn -1.26379 0.241254 -5.70714
vt 0 0
v 0.271026 1.24559 0.0221079
vn -0.984946 0.188489 -5.76378
vt 0 0
v 0.196369 1.25186 0.0367451
vn -1.26379 0.241254 -5.70714
vt 0 0
v 0.271026 1.20053 0.0221079
vn -0.984946 -0.188489 -5.76378
vt 0 0
v 0.196369 1.19426 0.0367451
vn -1.26379 -0.241254 -5.70714
vt 0 0
v 0.358865 1.27052 0.0110768
vn -0.659155 0.39682 -5.79956
vt 0 0
v 0.320477 1.32871 0.0221079
vn -0.792418 0.87181 -5.73052
vt 0 0
v 0.382258 1.29884 0.0110768
vn -0.568863 0.628314 -5.78865
vt 0 0
v 0.320477 1.32871 0.0221079
vn -0.792418 0.87181 -5.73052
vt 0 0
v 0.358865 1.27052 0.0110768
vn -0.659155 0.39682 -5.79956
vt 0 0
v 0.287862 1.28923 0.0221079
vn -0.918162 0.550594 -5.75158
vt 0 0
v 0.320477 1.32871 0.0221079
vn -0.792418 0.87181 -5.73052
vt 0 0
v 0.318855 1.40014 0.0367451
vn -0.791471 1.44494 -5.6136
vt 0 0
v 0.366821 1.36155 0.0221079
vn -0.61907 1.13306 -5.70611
vt 0 0
v 0.318855 1.40014 0.0367451
vn -0.791471 1.44494 -5.6136
vt 0 0
v 0.320477 1.32871 0.0221079
vn -0.792418 0.87181 -5.73052
vt 0 0
v 0.259598 1.35814 0.0367451
vn -1.01476 1.11367 -5.65303
vt 0 0
v 0.896868 1.354 0.0764852
vn -1.34653 -1.11624 5.5828
vt 0 0
v 0.864882 1.27875 0.0587685
vn -1.2309 -0.477542 5.69944
vt 0 0
v 0.934555 1.29065 0.0764852
vn -1.5031 -0.582063 5.62394
vt 0 0
v 0.864882 1.27875 0.0587685
vn -1.2309 -0.477542 5.69944
vt 0 0
v 0.896868 1.354 0.0764852
vn -1.34653 -1.11624 5.5828
vt 0 0
v 0.833834 1.33094 0.0587685
vn -1.10465 -0.917427 5.67141
vt 0 0
v 0.836694 1.40912 0.0764852
vn -1.1061 -1.56591 5.52732
vt 0 0
v 0.833834 1.33094 0.0587685
vn -1.10465 -0.917427 5.67141
vt 0 0
v 0.896868 1.354 0.0764852
vn -1.34653 -1.11624 5.5828
vt 0 0
v 0.833834 1.33094 0.0587685
vn -1.10465 -0.917427 5.67141
vt 0 0
v 0.836694 1.40912 0.0764852
vn -1.1061 -1.56591 5.52732
vt 0 0
v 0.784258 1.37635 0.0587685
vn -0.909672 -1.29024 5.63334
vt 0 0
v 0.757813 1.45254 0.0764852
vn -0.80324 -1.90785 5.4719
vt 0 0
v 0.784258 1.37635 0.0587685
vn -0.909672 -1.29024 5.63334
vt 0 0
v 0.836694 1.40912 0.0764852
vn -1.1061 -1.56591 5.52732
vt 0 0
v 0.784258 1.37635 0.0587685
vn -0.909672 -1.29024 5.63334
vt 0 0
v 0.757813 1.45254 0.0764852
vn -0.80324 -1.90785 5.4719
vt 0 0
v 0.71927 1.41213 0.0587685
vn -0.662269 -1.57604 5.59502
vt 0 0
v 0.665182 1.48155 0.0764852
vn -0.459064 -2.12948 5.42967
vt 0 0
v 0.71927 1.41213 0.0587685
vn -0.662269 -1.57604 5.59502
vt 0 0
v 0.757813 1.45254 0.0764852
vn -0.80324 -1.90785 5.4719
vt 0 0
v 0.71927 1.41213 0.0587685
vn -0.662269 -1.57604 5.59502
vt 0 0
v 0.665182 1.48155 0.0764852
vn -0.459064 -2.12948 5.42967
vt 0 0
v 0.642954 1.43603 0.0587685
vn -0.37922 -1.7626 5.56563
vt 0 0
v 0.564621 1.49432 0.0764852
vn -0.0928876 -2.2252 5.40987
vt 0 0
v 0.642954 1.43603 0.0587685
vn -0.37922 -1.7626 5.56563
vt 0 0
v 0.665182 1.48155 0.0764852
vn -0.459064 -2.12948 5.42967
vt 0 0
v 0.642954 1.43603 0.0587685
vn -0.37922 -1.7626 5.56563
vt 0 0
v 0.564621 1.49432 0.0764852
vn -0.0928876 -2.2252 5.40987
vt 0 0
v 0.560104 1.44654 0.0587685
vn -0.0767993 -1.84353 5.55178
vt 0 0
v 0.564621 1.49432 0.0764852
vn -0.0928876 -2.2252 5.40987
vt 0 0
v 0.475927 1.44302 0.0587685
vn 0.229445 -1.81649 5.55648
vt 0 0
v 0.560104 1.44654 0.0587685
vn -0.0767993 -1.84353 5.55178
vt 0 0
v 0.475927 1.44302 0.0587685
vn 0.229445 -1.81649 5.55648
vt 0 0
v 0.564621 1.49432 0.0764852
vn -0.0928876 -2.2252 5.40987
vt 0 0
v 0.462449 1.49004 0.0764852
vn 0.277593 -2.19325 5.41658
vt 0 0
v 0.462449 1.49004 0.0764852
vn 0.277593 -2.19325 5.41658
vt 0 0
v 0.395712 1.42567 0.0587685
vn 0.524165 -1.68224 5.57872
vt 0 0
v 0.475927 1.44302 0.0587685
vn 0.229445 -1.81649 5.55648
vt 0 0
v 0.395712 1.42567 0.0587685
vn 0.524165 -1.68224 5.57872
vt 0 0
v 0.462449 1.49004 0.0764852
vn 0.277593 -2.19325 5.41658
vt 0 0
v 0.365085 1.46899 0.0764852
vn 0.635063 -2.03418 5.44845
vt 0 0
v 0.365085 1.46899 0.0764852
vn 0.635063 -2.03418 5.44845
vt 0 0
v 0.324499 1.3956 0.0587685
vn 0.791471 -1.44494 5.6136
vt 0 0
v 0.395712 1.42567 0.0587685
vn 0.524165 -1.68224 5.57872
vt 0 0
v 0.324499 1.3956 0.0587685
vn 0.791471 -1.44494 5.6136
vt 0 0
v 0.365085 1.46899 0.0764852
vn 0.635063 -2.03418 5.44845
vt 0 0
v 0.278647 1.43248 0.0764852
vn 0.961119 -1.75134 5.49871
vt 0 0
v 0.278647 1.43248 0.0764852
vn 0.961119 -1.75134 5.49871
vt 0 0
v 0.266761 1.35468 0.0587685
vn 1.01476 -1.11367 5.65303
vt 0 0
v 0.324499 1.3956 0.0587685
vn 0.791471 -1.44494 5.6136
vt 0 0
v 0.266761 1.35468 0.0587685
vn 1.01476 -1.11367 5.65303
vt 0 0
v 0.278647 1.43248 0.0764852
vn 0.961119 -1.75134 5.49871
vt 0 0
v 0.208567 1.38282 0.0764852
vn 1.23548 -1.35338 5.55596
vt 0 0
v 0.208567 1.38282 0.0764852
vn 1.23548 -1.35338 5.55596
vt 0 0
v 0.226129 1.30549 0.0587685
vn 1.17732 -0.704267 5.68724
vt 0 0
v 0.266761 1.35468 0.0587685
vn 1.01476 -1.11367 5.65303
vt 0 0
v 0.226129 1.30549 0.0587685
vn 1.17732 -0.704267 5.68724
vt 0 0
v 0.208567 1.38282 0.0764852
vn 1.23548 -1.35338 5.55596
vt 0 0
v 0.159248 1.32311 0.0764852
vn 1.43657 -0.857758 5.60601
vt 0 0
v 0.159248 1.32311 0.0764852
vn 1.43657 -0.857758 5.60601
vt 0 0
v 0.205153 1.25113 0.0587685
vn 1.26379 -0.241254 5.70714
vt 0 0
v 0.226129 1.30549 0.0587685
vn 1.17732 -0.704267 5.68724
vt 0 0
v 0.205153 1.25113 0.0587685
vn 1.26379 -0.241254 5.70714
vt 0 0
v 0.159248 1.32311 0.0764852
vn 1.43657 -0.857758 5.60601
vt 0 0
v 0.133788 1.25712 0.0764852
vn 1.54399 -0.294197 5.63528
vt 0 0
v 0.133788 1.25712 0.0764852
vn 1.54399 -0.294197 5.63528
vt 0 0
v 0.205153 1.19499 0.0587685
vn 1.26379 0.241254 5.70714
vt 0 0
v 0.205153 1.25113 0.0587685
vn 1.26379 -0.241254 5.70714
vt 0 0
v 0.205153 1.19499 0.0587685
vn 1.26379 0.241254 5.70714
vt 0 0
v 0.133788 1.25712 0.0764852
vn 1.54399 -0.294197 5.63528
vt 0 0
v 0.133788 1.18899 0.0764852
vn 1.54399 0.294197 5.63528
vt 0 0
v 0.205153 1.19499 0.0587685
vn 1.26379 0.241254 5.70714
vt 0 0
v 0.159248 1.123 0.0764852
vn 1.43657 0.857758 5.60601
vt 0 0
v 0.226129 1.14063 0.0587685
vn 1.17732 0.704267 5.68724
vt 0 0
v 0.159248 1.123 0.0764852
vn 1.43657 0.857758 5.60601
vt 0 0
v 0.205153 1.19499 0.0587685
vn 1.26379 0.241254 5.70714
vt 0 0
v 0.133788 1.18899 0.0764852
vn 1.54399 0.294197 5.63528
vt 0 0
v 0.226129 1.14063 0.0587685
vn 1.17732 0.704267 5.68724
vt 0 0
v 0.208567 1.0633 0.0764852
vn 1.23548 1.35338 5.55596
vt 0 0
v 0.266761 1.09144 0.0587685
vn 1.01476 1.11367 5.65303
vt 0 0
v 0.208567 1.0633 0.0764852
vn 1.23548 1.35338 5.55596
vt 0 0
v 0.226129 1.14063 0.0587685
vn 1.17732 0.704267 5.68724
vt 0 0
v 0.159248 1.123 0.0764852
vn 1.43657 0.857758 5.60601
vt 0 0
v 0.266761 1.09144 0.0587685
vn 1.01476 1.11367 5.65303
vt 0 0
v 0.278647 1.01364 0.0764852
vn 0.961119 1.75134 5.49871
vt 0 0
v 0.324499 1.05052 0.0587685
vn 0.791471 1.44494 5.6136
vt 0 0
v 0.278647 1.01364 0.0764852
vn 0.961119 1.75134 5.49871
vt 0 0
v 0.266761 1.09144 0.0587685
vn 1.01476 1.11367 5.65303
vt 0 0
v 0.208567 1.0633 0.0764852
vn 1.23548 1.35338 5.55596
vt 0 0
v 0.324499 1.05052 0.0587685
vn 0.791471 1.44494 5.6136
vt 0 0
v 0.365085 0.977131 0.0764852
vn 0.635063 2.03418 5.44845
vt 0 0
v 0.395712 1.02045 0.0587685
vn 0.524165 1.68224 5.57872
vt 0 0
v 0.365085 0.977131 0.0764852
vn 0.635063 2.03418 5.44845
vt 0 0
v 0.324499 1.05052 0.0587685
vn 0.791471 1.44494 5.6136
vt 0 0
v 0.278647 1.01364 0.0764852
vn 0.961119 1.75134 5.49871
vt 0 0
v 0.395712 1.02045 0.0587685
vn 0.524165 1.68224 5.57872
vt 0 0
v 0.462449 0.956078 0.0764852
vn 0.277593 2.19325 5.41658
vt 0 0
v 0.475927 1.0031 0.0587685
vn 0.229445 1.81649 5.55648
vt 0 0
v 0.462449 0.956078 0.0764852
vn 0.277593 2.19325 5.41658
vt 0 0
v 0.395712 1.02045 0.0587685
vn 0.524165 1.68224 5.57872
vt 0 0
v 0.365085 0.977131 0.0764852
vn 0.635063 2.03418 5.44845
vt 0 0
v 0.475927 1.0031 0.0587685
vn 0.229445 1.81649 5.55648
vt 0 0
v 0.564621 0.9518 0.0764852
vn -0.0928876 2.2252 5.40987
vt 0 0
v 0.560104 0.999576 0.0587685
vn -0.0767993 1.84353 5.55178
vt 0 0
v 0.564621 0.9518 0.0764852
vn -0.0928876 2.2252 5.40987
vt 0 0
v 0.475927 1.0031 0.0587685
vn 0.229445 1.81649 5.55648
vt 0 0
v 0.462449 0.956078 0.0764852
vn 0.277593 2.19325 5.41658
vt 0 0
v 0.642954 1.01009 0.0587685
vn -0.37922 1.7626 5.56563
vt 0 0
v 0.564621 0.9518 0.0764852
vn -0.0928876 2.2252 5.40987
vt 0 0
v 0.665182 0.964566 0.0764852
vn -0.459064 2.12948 5.42967
vt 0 0
v 0.564621 0.9518 0.0764852
vn -0.0928876 2.2252 5.40987
vt 0 0
v 0.642954 1.01009 0.0587685
vn -0.37922 1.7626 5.56563
vt 0 0
v 0.560104 0.999576 0.0587685
vn -0.0767993 1.84353 5.55178
vt 0 0
v 0.71927 1.03399 0.0587685
vn -0.662269 1.57604 5.59502
vt 0 0
v 0.665182 0.964566 0.0764852
vn -0.459064 2.12948 5.42967
vt 0 0
v 0.757813 0.993575 0.0764852
vn -0.80324 1.90785 5.4719
vt 0 0
v 0.665182 0.964566 0.0764852
vn -0.459064 2.12948 5.42967
vt 0 0
v 0.71927 1.03399 0.0587685
vn -0.662269 1.57604 5.59502
vt 0 0
v 0.642954 1.01009 0.0587685
vn -0.37922 1.7626 5.56563
vt 0 0
v 0.784258 1.06977 0.0587685
vn -0.909672 1.29024 5.63334
vt 0 0
v 0.757813 0.993575 0.0764852
vn -0.80324 1.90785 5.4719
vt 0 0
v 0.836694 1.037 0.0764852
vn -1.1061 1.56591 5.52732
vt 0 0
v 0.757813 0.993575 0.0764852
vn -0.80324 1.90785 5.4719
vt 0 0
v 0.784258 1.06977 0.0587685
vn -0.909672 1.29024 5.63334
vt 0 0
v 0.71927 1.03399 0.0587685
vn -0.662269 1.57604 5.59502
vt 0 0
v 0.833834 1.11518 0.0587685
vn -1.10465 0.917427 5.67141
vt 0 0
v 0.836694 1.037 0.0764852
vn -1.1061 1.56591 5.52732
vt 0 0
v 0.896868 1.09212 0.0764852
vn -1.34653 1.11624 5.5828
vt 0 0
v 0.836694 1.037 0.0764852
vn -1.1061 1.56591 5.52732
vt 0 0
v 0.833834 1.11518 0.0587685
vn -1.10465 0.917427 5.67141
vt 0 0
v 0.784258 1.06977 0.0587685
vn -0.909672 1.29024 5.63334
vt 0 0
v 0.864882 1.16737 0.0587685
vn -1.2309 0.477542 5.69944
vt 0 0
v 0.896868 1.09212 0.0764852
vn -1.34653 1.11624 5.5828
vt 0 0
v 0.934555 1.15547 0.0764852
vn -1.5031 0.582063 5.62394
vt 0 0
v 0.896868 1.09212 0.0764852
vn -1.34653 1.11624 5.5828
vt 0 0
v 0.864882 1.16737 0.0587685
vn -1.2309 0.477542 5.69944
vt 0 0
v 0.833834 1.11518 0.0587685
vn -1.10465 0.917427 5.67141
vt 0 0
v 0.944964 1.15369 0.054928
vn 1.5031 -0.582063 -5.62394
vt 0 0
v 0.884308 1.22306 0.0367451
vn 1.27488 2.18774e-015 -5.70977
vt 0 0
v 0.958133 1.22306 0.054928
vn 1.55779 1.65796e-015 -5.63915
vt 0 0
v 0.884308 1.22306 0.0367451
vn 1.27488 2.18774e-015 -5.70977
vt 0 0
v 0.944964 1.15369 0.054928
vn 1.5031 -0.582063 -5.62394
vt 0 0
v 0.873459 1.16591 0.0367451
vn 1.2309 -0.477542 -5.69944
vt 0 0
v 0.906286 1.08868 0.054928
vn 1.34653 -1.11624 -5.5828
vt 0 0
v 0.873459 1.16591 0.0367451
vn 1.2309 -0.477542 -5.69944
vt 0 0
v 0.944964 1.15369 0.054928
vn 1.5031 -0.582063 -5.62394
vt 0 0
v 0.873459 1.16591 0.0367451
vn 1.2309 -0.477542 -5.69944
vt 0 0
v 0.906286 1.08868 0.054928
vn 1.34653 -1.11624 -5.5828
vt 0 0
v 0.841593 1.11234 0.0367451
vn 1.10465 -0.917427 -5.67141
vt 0 0
v 0.844529 1.03211 0.054928
vn 1.1061 -1.56591 -5.52732
vt 0 0
v 0.841593 1.11234 0.0367451
vn 1.10465 -0.917427 -5.67141
vt 0 0
v 0.906286 1.08868 0.054928
vn 1.34653 -1.11624 -5.5828
vt 0 0
v 0.841593 1.11234 0.0367451
vn 1.10465 -0.917427 -5.67141
vt 0 0
v 0.844529 1.03211 0.054928
vn 1.1061 -1.56591 -5.52732
vt 0 0
v 0.790712 1.06574 0.0367451
vn 0.909672 -1.29024 -5.63334
vt 0 0
v 0.763572 0.987536 0.054928
vn 0.80324 -1.90785 -5.4719
vt 0 0
v 0.790712 1.06574 0.0367451
vn 0.909672 -1.29024 -5.63334
vt 0 0
v 0.844529 1.03211 0.054928
vn 1.1061 -1.56591 -5.52732
vt 0 0
v 0.790712 1.06574 0.0367451
vn 0.909672 -1.29024 -5.63334
vt 0 0
v 0.763572 0.987536 0.054928
vn 0.80324 -1.90785 -5.4719
vt 0 0
v 0.724014 1.02902 0.0367451
vn 0.662269 -1.57604 -5.59502
vt 0 0
v 0.668503 0.957764 0.054928
vn 0.459064 -2.12948 -5.42967
vt 0 0
v 0.724014 1.02902 0.0367451
vn 0.662269 -1.57604 -5.59502
vt 0 0
v 0.763572 0.987536 0.054928
vn 0.80324 -1.90785 -5.4719
vt 0 0
v 0.724014 1.02902 0.0367451
vn 0.662269 -1.57604 -5.59502
vt 0 0
v 0.668503 0.957764 0.054928
vn 0.459064 -2.12948 -5.42967
vt 0 0
v 0.64569 1.00449 0.0367451
vn 0.37922 -1.7626 -5.56563
vt 0 0
v 0.565296 0.944662 0.054928
vn 0.0928876 -2.2252 -5.40987
vt 0 0
v 0.64569 1.00449 0.0367451
vn 0.37922 -1.7626 -5.56563
vt 0 0
v 0.668503 0.957764 0.054928
vn 0.459064 -2.12948 -5.42967
vt 0 0
v 0.64569 1.00449 0.0367451
vn 0.37922 -1.7626 -5.56563
vt 0 0
v 0.565296 0.944662 0.054928
vn 0.0928876 -2.2252 -5.40987
vt 0 0
v 0.56066 0.993695 0.0367451
vn 0.0767993 -1.84353 -5.55178
vt 0 0
v 0.565296 0.944662 0.054928
vn 0.0928876 -2.2252 -5.40987
vt 0 0
v 0.474268 0.997313 0.0367451
vn -0.229445 -1.81649 -5.55648
vt 0 0
v 0.56066 0.993695 0.0367451
vn 0.0767993 -1.84353 -5.55178
vt 0 0
v 0.474268 0.997313 0.0367451
vn -0.229445 -1.81649 -5.55648
vt 0 0
v 0.565296 0.944662 0.054928
vn 0.0928876 -2.2252 -5.40987
vt 0 0
v 0.460435 0.949052 0.054928
vn -0.277593 -2.19325 -5.41658
vt 0 0
v 0.460435 0.949052 0.054928
vn -0.277593 -2.19325 -5.41658
vt 0 0
v 0.391942 1.01511 0.0367451
vn -0.524165 -1.68224 -5.57872
vt 0 0
v 0.474268 0.997313 0.0367451
vn -0.229445 -1.81649 -5.55648
vt 0 0
v 0.391942 1.01511 0.0367451
vn -0.524165 -1.68224 -5.57872
vt 0 0
v 0.460435 0.949052 0.054928
vn -0.277593 -2.19325 -5.41658
vt 0 0
v 0.360509 0.97066 0.054928
vn -0.635063 -2.03418 -5.44845
vt 0 0
v 0.360509 0.97066 0.054928
vn -0.635063 -2.03418 -5.44845
vt 0 0
v 0.318855 1.04598 0.0367451
vn -0.791471 -1.44494 -5.6136
vt 0 0
v 0.391942 1.01511 0.0367451
vn -0.524165 -1.68224 -5.57872
vt 0 0
v 0.318855 1.04598 0.0367451
vn -0.791471 -1.44494 -5.6136
vt 0 0
v 0.360509 0.97066 0.054928
vn -0.635063 -2.03418 -5.44845
vt 0 0
v 0.271797 1.00813 0.054928
vn -0.961119 -1.75134 -5.49871
vt 0 0
v 0.271797 1.00813 0.054928
vn -0.961119 -1.75134 -5.49871
vt 0 0
v 0.259598 1.08798 0.0367451
vn -1.01476 -1.11367 -5.65303
vt 0 0
v 0.318855 1.04598 0.0367451
vn -0.791471 -1.44494 -5.6136
vt 0 0
v 0.259598 1.08798 0.0367451
vn -1.01476 -1.11367 -5.65303
vt 0 0
v 0.271797 1.00813 0.054928
vn -0.961119 -1.75134 -5.49871
vt 0 0
v 0.199872 1.0591 0.054928
vn -1.23548 -1.35338 -5.55596
vt 0 0
v 0.199872 1.0591 0.054928
vn -1.23548 -1.35338 -5.55596
vt 0 0
v 0.217896 1.13846 0.0367451
vn -1.17732 -0.704267 -5.68724
vt 0 0
v 0.259598 1.08798 0.0367451
vn -1.01476 -1.11367 -5.65303
vt 0 0
v 0.217896 1.13846 0.0367451
vn -1.17732 -0.704267 -5.68724
vt 0 0
v 0.199872 1.0591 0.054928
vn -1.23548 -1.35338 -5.55596
vt 0 0
v 0.149255 1.12037 0.054928
vn -1.43657 -0.857758 -5.60601
vt 0 0
v 0.149255 1.12037 0.054928
vn -1.43657 -0.857758 -5.60601
vt 0 0
v 0.196369 1.19426 0.0367451
vn -1.26379 -0.241254 -5.70714
vt 0 0
v 0.217896 1.13846 0.0367451
vn -1.17732 -0.704267 -5.68724
vt 0 0
v 0.196369 1.19426 0.0367451
vn -1.26379 -0.241254 -5.70714
vt 0 0
v 0.149255 1.12037 0.054928
vn -1.43657 -0.857758 -5.60601
vt 0 0
v 0.123126 1.1881 0.054928
vn -1.54399 -0.294197 -5.63528
vt 0 0
v 0.318855 1.40014 0.0367451
vn -0.791471 1.44494 -5.6136
vt 0 0
v 0.360509 1.47546 0.054928
vn -0.635063 2.03418 -5.44845
vt 0 0
v 0.391942 1.43101 0.0367451
vn -0.524165 1.68224 -5.57872
vt 0 0
v 0.360509 1.47546 0.054928
vn -0.635063 2.03418 -5.44845
vt 0 0
v 0.318855 1.40014 0.0367451
vn -0.791471 1.44494 -5.6136
vt 0 0
v 0.271797 1.43799 0.054928
vn -0.961119 1.75134 -5.49871
vt 0 0
v 0.391942 1.43101 0.0367451
vn -0.524165 1.68224 -5.57872
vt 0 0
v 0.460435 1.49707 0.054928
vn -0.277593 2.19325 -5.41658
vt 0 0
v 0.474268 1.44881 0.0367451
vn -0.229445 1.81649 -5.55648
vt 0 0
v 0.460435 1.49707 0.054928
vn -0.277593 2.19325 -5.41658
vt 0 0
v 0.391942 1.43101 0.0367451
vn -0.524165 1.68224 -5.57872
vt 0 0
v 0.360509 1.47546 0.054928
vn -0.635063 2.03418 -5.44845
vt 0 0
v 0.474268 1.44881 0.0367451
vn -0.229445 1.81649 -5.55648
vt 0 0
v 0.565296 1.50146 0.054928
vn 0.0928876 2.2252 -5.40987
vt 0 0
v 0.56066 1.45242 0.0367451
vn 0.0767993 1.84353 -5.55178
vt 0 0
v 0.565296 1.50146 0.054928
vn 0.0928876 2.2252 -5.40987
vt 0 0
v 0.474268 1.44881 0.0367451
vn -0.229445 1.81649 -5.55648
vt 0 0
v 0.460435 1.49707 0.054928
vn -0.277593 2.19325 -5.41658
vt 0 0
v 0.64569 1.44163 0.0367451
vn 0.37922 1.7626 -5.56563
vt 0 0
v 0.565296 1.50146 0.054928
vn 0.0928876 2.2252 -5.40987
vt 0 0
v 0.668503 1.48836 0.054928
vn 0.459064 2.12948 -5.42967
vt 0 0
v 0.565296 1.50146 0.054928
vn 0.0928876 2.2252 -5.40987
vt 0 0
v 0.64569 1.44163 0.0367451
vn 0.37922 1.7626 -5.56563
vt 0 0
v 0.56066 1.45242 0.0367451
vn 0.0767993 1.84353 -5.55178
vt 0 0
v 0.724014 1.4171 0.0367451
vn 0.662269 1.57604 -5.59502
vt 0 0
v 0.668503 1.48836 0.054928
vn 0.459064 2.12948 -5.42967
vt 0 0
v 0.763572 1.45858 0.054928
vn 0.80324 1.90785 -5.4719
vt 0 0
v 0.668503 1.48836 0.054928
vn 0.459064 2.12948 -5.42967
vt 0 0
v 0.724014 1.4171 0.0367451
vn 0.662269 1.57604 -5.59502
vt 0 0
v 0.64569 1.44163 0.0367451
vn 0.37922 1.7626 -5.56563
vt 0 0
v 0.790712 1.38038 0.0367451
vn 0.909672 1.29024 -5.63334
vt 0 0
v 0.763572 1.45858 0.054928
vn 0.80324 1.90785 -5.4719
vt 0 0
v 0.844529 1.41401 0.054928
vn 1.1061 1.56591 -5.52732
vt 0 0
v 0.763572 1.45858 0.054928
vn 0.80324 1.90785 -5.4719
vt 0 0
v 0.790712 1.38038 0.0367451
vn 0.909672 1.29024 -5.63334
vt 0 0
v 0.724014 1.4171 0.0367451
vn 0.662269 1.57604 -5.59502
vt 0 0
v 0.841593 1.33378 0.0367451
vn 1.10465 0.917427 -5.67141
vt 0 0
v 0.844529 1.41401 0.054928
vn 1.1061 1.56591 -5.52732
vt 0 0
v 0.906286 1.35744 0.054928
vn 1.34653 1.11624 -5.5828
vt 0 0
v 0.844529 1.41401 0.054928
vn 1.1061 1.56591 -5.52732
vt 0 0
v 0.841593 1.33378 0.0367451
vn 1.10465 0.917427 -5.67141
vt 0 0
v 0.790712 1.38038 0.0367451
vn 0.909672 1.29024 -5.63334
vt 0 0
v 0.873459 1.28021 0.0367451
vn 1.2309 0.477542 -5.69944
vt 0 0
v 0.906286 1.35744 0.054928
vn 1.34653 1.11624 -5.5828
vt 0 0
v 0.944964 1.29243 0.054928
vn 1.5031 0.582063 -5.62394
vt 0 0
v 0.906286 1.35744 0.054928
vn 1.34653 1.11624 -5.5828
vt 0 0
v 0.873459 1.28021 0.0367451
vn 1.2309 0.477542 -5.69944
vt 0 0
v 0.841593 1.33378 0.0367451
vn 1.10465 0.917427 -5.67141
vt 0 0
v 0.884308 1.22306 0.0367451
vn 1.27488 2.18774e-015 -5.70977
vt 0 0
v 0.944964 1.29243 0.054928
vn 1.5031 0.582063 -5.62394
vt 0 0
v 0.958133 1.22306 0.054928
vn 1.55779 1.65796e-015 -5.63915
vt 0 0
v 0.944964 1.29243 0.054928
vn 1.5031 0.582063 -5.62394
vt 0 0
v 0.884308 1.22306 0.0367451
vn 1.27488 2.18774e-015 -5.70977
vt 0 0
v 0.873459 1.28021 0.0367451
vn 1.2309 0.477542 -5.69944
vt 0 0
v 4.37936 1.43336 0.662191
vn -0.747383 4.26028e-018 5.80243
vt 0 0
v 4.40891 1.01567 0.665998
vn -0.783354 4.94644e-018 5.79769
vt 0 0
v 4.40891 1.4308 0.665998
vn -0.783354 4.94644e-018 5.79769
vt 0 0
v 4.37936 1.43336 0.662191
vn -0.747383 4.26028e-018 5.80243
vt 0 0
v 4.37936 1.01311 0.662191
vn -0.747383 4.26028e-018 5.80243
vt 0 0
v 4.40891 1.01567 0.665998
vn -0.783354 4.94644e-018 5.79769
vt 0 0
v 4.30401 1.43753 0.652486
vn -0.747383 4.26028e-018 5.80243
vt 0 0
v 4.37936 1.01311 0.662191
vn -0.747383 4.26028e-018 5.80243
vt 0 0
v 4.37936 1.43336 0.662191
vn -0.747383 4.26028e-018 5.80243
vt 0 0
v 4.30401 1.43753 0.652486
vn -0.747383 4.26028e-018 5.80243
vt 0 0
v 4.30401 1.00894 0.652486
vn -0.747383 4.26028e-018 5.80243
vt 0 0
v 4.37936 1.01311 0.662191
vn -0.747383 4.26028e-018 5.80243
vt 0 0
v 4.29764 1.43769 0.651665
vn -0.713044 -1.10476e-018 5.80675
vt 0 0
v 4.30401 1.00894 0.652486
vn -0.747383 4.26028e-018 5.80243
vt 0 0
v 4.30401 1.43753 0.652486
vn -0.747383 4.26028e-018 5.80243
vt 0 0
v 4.30401 1.00894 0.652486
vn -0.747383 4.26028e-018 5.80243
vt 0 0
v 4.29764 1.43769 0.651665
vn -0.713044 -1.10476e-018 5.80675
vt 0 0
v 4.29764 1.00878 0.651665
vn -0.713044 -1.10476e-018 5.80675
vt 0 0
v 4.29764 1.00878 0.651665
vn 0.142518 -5.84863 -1.07293e-014
vt 0 0
v 4.30401 1.00894 0.616588
vn 0.225667 -5.84601 -1.26281e-014
vt 0 0
v 4.30401 1.00894 0.652486
vn 0.240415 -5.84543 -1.29647e-014
vt 0 0
v 4.22852 1.0071 0.64358
vn 0.0587383 -5.85007 -1.00279e-014
vt 0 0
v 4.30401 1.00894 0.616588
vn 0.225667 -5.84601 -1.26281e-014
vt 0 0
v 4.29764 1.00878 0.651665
vn 0.142518 -5.84863 -1.07293e-014
vt 0 0
v 4.22852 1.0071 0.64358
vn 0.0587383 -5.85007 -1.00279e-014
vt 0 0
v 4.30198 1.00889 0.616327
vn 0.142518 -5.84863 -1.07293e-014
vt 0 0
v 4.30401 1.00894 0.616588
vn 0.225667 -5.84601 -1.26281e-014
vt 0 0
v 4.30198 1.00889 0.616327
vn 0.142518 -5.84863 -1.07293e-014
vt 0 0
v 4.22852 1.0071 0.64358
vn 0.0587383 -5.85007 -1.00279e-014
vt 0 0
v 4.22852 1.0071 0.607733
vn 0.0453217 -5.85019 -9.91544e-015
vt 0 0
v 4.37936 1.01311 0.626293
vn 0.747383 3.69278e-018 -5.80243
vt 0 0
v 4.41369 1.43039 0.630715
vn 0.783354 -1.11624e-018 -5.79769
vt 0 0
v 4.41369 1.01608 0.630715
vn 0.783354 -1.11624e-018 -5.79769
vt 0 0
v 4.37936 1.01311 0.626293
vn 0.747383 3.69278e-018 -5.80243
vt 0 0
v 4.37936 1.43336 0.626293
vn 0.747383 3.69278e-018 -5.80243
vt 0 0
v 4.41369 1.43039 0.630715
vn 0.783354 -1.11624e-018 -5.79769
vt 0 0
v 4.30401 1.00894 0.616588
vn 0.747383 3.69278e-018 -5.80243
vt 0 0
v 4.37936 1.43336 0.626293
vn 0.747383 3.69278e-018 -5.80243
vt 0 0
v 4.37936 1.01311 0.626293
vn 0.747383 3.69278e-018 -5.80243
vt 0 0
v 4.30401 1.00894 0.616588
vn 0.747383 3.69278e-018 -5.80243
vt 0 0
v 4.30401 1.43753 0.616588
vn 0.747383 3.69278e-018 -5.80243
vt 0 0
v 4.37936 1.43336 0.626293
vn 0.747383 3.69278e-018 -5.80243
vt 0 0
v 4.30198 1.00889 0.616327
vn 0.713044 1.17589e-018 -5.80675
vt 0 0
v 4.30401 1.43753 0.616588
vn 0.747383 3.69278e-018 -5.80243
vt 0 0
v 4.30401 1.00894 0.616588
vn 0.747383 3.69278e-018 -5.80243
vt 0 0
v 4.30401 1.43753 0.616588
vn 0.747383 3.69278e-018 -5.80243
vt 0 0
v 4.30198 1.00889 0.616327
vn 0.713044 1.17589e-018 -5.80675
vt 0 0
v 4.30198 1.43758 0.616327
vn 0.713044 1.17589e-018 -5.80675
vt 0 0
v 4.30401 1.43753 0.616588
vn 0.225667 5.84601 -1.26281e-014
vt 0 0
v 4.29764 1.43769 0.651665
vn 0.142518 5.84863 -1.07293e-014
vt 0 0
v 4.30401 1.43753 0.652486
vn 0.240415 5.84543 -1.29647e-014
vt 0 0
v 4.30401 1.43753 0.616588
vn 0.225667 5.84601 -1.26281e-014
vt 0 0
v 4.22852 1.43937 0.64358
vn 0.0587383 5.85007 -1.00279e-014
vt 0 0
v 4.29764 1.43769 0.651665
vn 0.142518 5.84863 -1.07293e-014
vt 0 0
v 4.30198 1.43758 0.616327
vn 0.142518 5.84863 -1.07293e-014
vt 0 0
v 4.22852 1.43937 0.64358
vn 0.0587383 5.85007 -1.00279e-014
vt 0 0
v 4.30401 1.43753 0.616588
vn 0.225667 5.84601 -1.26281e-014
vt 0 0
v 4.22852 1.43937 0.64358
vn 0.0587383 5.85007 -1.00279e-014
vt 0 0
v 4.30198 1.43758 0.616327
vn 0.142518 5.84863 -1.07293e-014
vt 0 0
v 4.22852 1.43937 0.607733
vn 0.0453217 5.85019 -9.91544e-015
vt 0 0
v 0.947386 1.22306 0.0764852
vn -1.55779 -2.55171e-015 5.63915
vt 0 0
v 1.00259 1.14384 0.0975835
vn -1.77617 0.686724 5.53177
vt 0 0
v 1.01763 1.22306 0.0975835
vn -1.84242 -8.16591e-016 5.55268
vt 0 0
v 1.00259 1.14384 0.0975835
vn -1.77617 0.686724 5.53177
vt 0 0
v 0.947386 1.22306 0.0764852
vn -1.55779 -2.55171e-015 5.63915
vt 0 0
v 0.934555 1.15547 0.0764852
vn -1.5031 0.582063 5.62394
vt 0 0
v 0.934555 1.29065 0.0764852
vn -1.5031 -0.582063 5.62394
vt 0 0
v 0.875454 1.22306 0.0587685
vn -1.27488 -2.0065e-015 5.70977
vt 0 0
v 0.947386 1.22306 0.0764852
vn -1.55779 -2.55171e-015 5.63915
vt 0 0
v 0.875454 1.22306 0.0587685
vn -1.27488 -2.0065e-015 5.70977
vt 0 0
v 0.934555 1.29065 0.0764852
vn -1.5031 -0.582063 5.62394
vt 0 0
v 0.864882 1.27875 0.0587685
vn -1.2309 -0.477542 5.69944
vt 0 0
v 0.271026 1.24559 0.0221079
vn -0.984946 0.188489 -5.76378
vt 0 0
v 0.217896 1.30766 0.0367451
vn -1.17732 0.704267 -5.68724
vt 0 0
v 0.287862 1.28923 0.0221079
vn -0.918162 0.550594 -5.75158
vt 0 0
v 0.217896 1.30766 0.0367451
vn -1.17732 0.704267 -5.68724
vt 0 0
v 0.271026 1.24559 0.0221079
vn -0.984946 0.188489 -5.76378
vt 0 0
v 0.196369 1.25186 0.0367451
vn -1.26379 0.241254 -5.70714
vt 0 0
v 0.196369 1.19426 0.0367451
vn -1.26379 -0.241254 -5.70714
vt 0 0
v 0.123126 1.25802 0.054928
vn -1.54399 0.294197 -5.63528
vt 0 0
v 0.196369 1.25186 0.0367451
vn -1.26379 0.241254 -5.70714
vt 0 0
v 0.123126 1.25802 0.054928
vn -1.54399 0.294197 -5.63528
vt 0 0
v 0.196369 1.19426 0.0367451
vn -1.26379 -0.241254 -5.70714
vt 0 0
v 0.123126 1.1881 0.054928
vn -1.54399 -0.294197 -5.63528
vt 0 0
v 0.287862 1.28923 0.0221079
vn -0.918162 0.550594 -5.75158
vt 0 0
v 0.259598 1.35814 0.0367451
vn -1.01476 1.11367 -5.65303
vt 0 0
v 0.320477 1.32871 0.0221079
vn -0.792418 0.87181 -5.73052
vt 0 0
v 0.259598 1.35814 0.0367451
vn -1.01476 1.11367 -5.65303
vt 0 0
v 0.287862 1.28923 0.0221079
vn -0.918162 0.550594 -5.75158
vt 0 0
v 0.217896 1.30766 0.0367451
vn -1.17732 0.704267 -5.68724
vt 0 0
v 0.259598 1.35814 0.0367451
vn -1.01476 1.11367 -5.65303
vt 0 0
v 0.271797 1.43799 0.054928
vn -0.961119 1.75134 -5.49871
vt 0 0
v 0.318855 1.40014 0.0367451
vn -0.791471 1.44494 -5.6136
vt 0 0
v 0.271797 1.43799 0.054928
vn -0.961119 1.75134 -5.49871
vt 0 0
v 0.259598 1.35814 0.0367451
vn -1.01476 1.11367 -5.65303
vt 0 0
v 0.199872 1.38702 0.054928
vn -1.23548 1.35338 -5.55596
vt 0 0
v 0.958426 1.37652 0.0975835
vn -1.58733 -1.3138 5.4755
vt 0 0
v 0.934555 1.29065 0.0764852
vn -1.5031 -0.582063 5.62394
vt 0 0
v 1.00259 1.30228 0.0975835
vn -1.77617 -0.686724 5.53177
vt 0 0
v 0.934555 1.29065 0.0764852
vn -1.5031 -0.582063 5.62394
vt 0 0
v 0.958426 1.37652 0.0975835
vn -1.58733 -1.3138 5.4755
vt 0 0
v 0.896868 1.354 0.0764852
vn -1.34653 -1.11624 5.5828
vt 0 0
v 0.887902 1.44112 0.0975835
vn -1.29964 -1.83703 5.40028
vt 0 0
v 0.896868 1.354 0.0764852
vn -1.34653 -1.11624 5.5828
vt 0 0
v 0.958426 1.37652 0.0975835
vn -1.58733 -1.3138 5.4755
vt 0 0
v 0.896868 1.354 0.0764852
vn -1.34653 -1.11624 5.5828
vt 0 0
v 0.887902 1.44112 0.0975835
vn -1.29964 -1.83703 5.40028
vt 0 0
v 0.836694 1.40912 0.0764852
vn -1.1061 -1.56591 5.52732
vt 0 0
v 0.795453 1.49202 0.0975835
vn -0.940735 -2.23088 5.32588
vt 0 0
v 0.836694 1.40912 0.0764852
vn -1.1061 -1.56591 5.52732
vt 0 0
v 0.887902 1.44112 0.0975835
vn -1.29964 -1.83703 5.40028
vt 0 0
v 0.836694 1.40912 0.0764852
vn -1.1061 -1.56591 5.52732
vt 0 0
v 0.795453 1.49202 0.0975835
vn -0.940735 -2.23088 5.32588
vt 0 0
v 0.757813 1.45254 0.0764852
vn -0.80324 -1.90785 5.4719
vt 0 0
v 0.686889 1.52601 0.0975835
vn -0.536342 -2.48391 5.26966
vt 0 0
v 0.757813 1.45254 0.0764852
vn -0.80324 -1.90785 5.4719
vt 0 0
v 0.795453 1.49202 0.0975835
vn -0.940735 -2.23088 5.32588
vt 0 0
v 0.757813 1.45254 0.0764852
vn -0.80324 -1.90785 5.4719
vt 0 0
v 0.686889 1.52601 0.0975835
vn -0.536342 -2.48391 5.26966
vt 0 0
v 0.665182 1.48155 0.0764852
vn -0.459064 -2.12948 5.42967
vt 0 0
v 0.569032 1.54098 0.0975835
vn -0.108403 -2.5926 5.24342
vt 0 0
v 0.665182 1.48155 0.0764852
vn -0.459064 -2.12948 5.42967
vt 0 0
v 0.686889 1.52601 0.0975835
vn -0.536342 -2.48391 5.26966
vt 0 0
v 0.665182 1.48155 0.0764852
vn -0.459064 -2.12948 5.42967
vt 0 0
v 0.569032 1.54098 0.0975835
vn -0.108403 -2.5926 5.24342
vt 0 0
v 0.564621 1.49432 0.0764852
vn -0.0928876 -2.2252 5.40987
vt 0 0
v 0.569032 1.54098 0.0975835
vn -0.108403 -2.5926 5.24342
vt 0 0
v 0.462449 1.49004 0.0764852
vn 0.277593 -2.19325 5.41658
vt 0 0
v 0.564621 1.49432 0.0764852
vn -0.0928876 -2.2252 5.40987
vt 0 0
v 0.462449 1.49004 0.0764852
vn 0.277593 -2.19325 5.41658
vt 0 0
v 0.569032 1.54098 0.0975835
vn -0.108403 -2.5926 5.24342
vt 0 0
v 0.449286 1.53596 0.0975835
vn 0.324082 -2.55636 5.25231
vt 0 0
v 0.449286 1.53596 0.0975835
vn 0.324082 -2.55636 5.25231
vt 0 0
v 0.365085 1.46899 0.0764852
vn 0.635063 -2.03418 5.44845
vt 0 0
v 0.462449 1.49004 0.0764852
vn 0.277593 -2.19325 5.41658
vt 0 0
v 0.365085 1.46899 0.0764852
vn 0.635063 -2.03418 5.44845
vt 0 0
v 0.449286 1.53596 0.0975835
vn 0.324082 -2.55636 5.25231
vt 0 0
v 0.335175 1.51129 0.0975835
vn 0.742764 -2.37534 5.29461
vt 0 0
v 0.335175 1.51129 0.0975835
vn 0.742764 -2.37534 5.29461
vt 0 0
v 0.278647 1.43248 0.0764852
vn 0.961119 -1.75134 5.49871
vt 0 0
v 0.365085 1.46899 0.0764852
vn 0.635063 -2.03418 5.44845
vt 0 0
v 0.278647 1.43248 0.0764852
vn 0.961119 -1.75134 5.49871
vt 0 0
v 0.335175 1.51129 0.0975835
vn 0.742764 -2.37534 5.29461
vt 0 0
v 0.23387 1.4685 0.0975835
vn 1.1274 -2.0511 5.36179
vt 0 0
v 0.23387 1.4685 0.0975835
vn 1.1274 -2.0511 5.36179
vt 0 0
v 0.208567 1.38282 0.0764852
vn 1.23548 -1.35338 5.55596
vt 0 0
v 0.278647 1.43248 0.0764852
vn 0.961119 -1.75134 5.49871
vt 0 0
v 0.208567 1.38282 0.0764852
vn 1.23548 -1.35338 5.55596
vt 0 0
v 0.23387 1.4685 0.0975835
vn 1.1274 -2.0511 5.36179
vt 0 0
v 0.151737 1.4103 0.0975835
vn 1.45411 -1.59039 5.43902
vt 0 0
v 0.151737 1.4103 0.0975835
vn 1.45411 -1.59039 5.43902
vt 0 0
v 0.159248 1.32311 0.0764852
vn 1.43657 -0.857758 5.60601
vt 0 0
v 0.208567 1.38282 0.0764852
vn 1.23548 -1.35338 5.55596
vt 0 0
v 0.159248 1.32311 0.0764852
vn 1.43657 -0.857758 5.60601
vt 0 0
v 0.151737 1.4103 0.0975835
vn 1.45411 -1.59039 5.43902
vt 0 0
v 0.0939344 1.34032 0.0975835
vn 1.69578 -1.01094 5.50719
vt 0 0
v 0.0939344 1.34032 0.0975835
vn 1.69578 -1.01094 5.50719
vt 0 0
v 0.133788 1.25712 0.0764852
vn 1.54399 -0.294197 5.63528
vt 0 0
v 0.159248 1.32311 0.0764852
vn 1.43657 -0.857758 5.60601
vt 0 0
v 0.133788 1.25712 0.0764852
vn 1.54399 -0.294197 5.63528
vt 0 0
v 0.0939344 1.34032 0.0975835
vn 1.69578 -1.01094 5.50719
vt 0 0
v 0.0640959 1.26298 0.0975835
vn 1.82569 -0.347323 5.54734
vt 0 0
v 0.0640959 1.26298 0.0975835
vn 1.82569 -0.347323 5.54734
vt 0 0
v 0.133788 1.18899 0.0764852
vn 1.54399 0.294197 5.63528
vt 0 0
v 0.133788 1.25712 0.0764852
vn 1.54399 -0.294197 5.63528
vt 0 0
v 0.133788 1.18899 0.0764852
vn 1.54399 0.294197 5.63528
vt 0 0
v 0.0640959 1.26298 0.0975835
vn 1.82569 -0.347323 5.54734
vt 0 0
v 0.0640959 1.18314 0.0975835
vn 1.82569 0.347323 5.54734
vt 0 0
v 0.133788 1.18899 0.0764852
vn 1.54399 0.294197 5.63528
vt 0 0
v 0.0939344 1.1058 0.0975835
vn 1.69578 1.01094 5.50719
vt 0 0
v 0.159248 1.123 0.0764852
vn 1.43657 0.857758 5.60601
vt 0 0
v 0.0939344 1.1058 0.0975835
vn 1.69578 1.01094 5.50719
vt 0 0
v 0.133788 1.18899 0.0764852
vn 1.54399 0.294197 5.63528
vt 0 0
v 0.0640959 1.18314 0.0975835
vn 1.82569 0.347323 5.54734
vt 0 0
v 0.159248 1.123 0.0764852
vn 1.43657 0.857758 5.60601
vt 0 0
v 0.151737 1.03582 0.0975835
vn 1.45411 1.59039 5.43902
vt 0 0
v 0.208567 1.0633 0.0764852
vn 1.23548 1.35338 5.55596
vt 0 0
v 0.151737 1.03582 0.0975835
vn 1.45411 1.59039 5.43902
vt 0 0
v 0.159248 1.123 0.0764852
vn 1.43657 0.857758 5.60601
vt 0 0
v 0.0939344 1.1058 0.0975835
vn 1.69578 1.01094 5.50719
vt 0 0
v 0.208567 1.0633 0.0764852
vn 1.23548 1.35338 5.55596
vt 0 0
v 0.23387 0.977617 0.0975835
vn 1.1274 2.0511 5.36179
vt 0 0
v 0.278647 1.01364 0.0764852
vn 0.961119 1.75134 5.49871
vt 0 0
v 0.23387 0.977617 0.0975835
vn 1.1274 2.0511 5.36179
vt 0 0
v 0.208567 1.0633 0.0764852
vn 1.23548 1.35338 5.55596
vt 0 0
v 0.151737 1.03582 0.0975835
vn 1.45411 1.59039 5.43902
vt 0 0
v 0.278647 1.01364 0.0764852
vn 0.961119 1.75134 5.49871
vt 0 0
v 0.335175 0.934832 0.0975835
vn 0.742764 2.37534 5.29461
vt 0 0
v 0.365085 0.977131 0.0764852
vn 0.635063 2.03418 5.44845
vt 0 0
v 0.335175 0.934832 0.0975835
vn 0.742764 2.37534 5.29461
vt 0 0
v 0.278647 1.01364 0.0764852
vn 0.961119 1.75134 5.49871
vt 0 0
v 0.23387 0.977617 0.0975835
vn 1.1274 2.0511 5.36179
vt 0 0
v 0.365085 0.977131 0.0764852
vn 0.635063 2.03418 5.44845
vt 0 0
v 0.449286 0.910157 0.0975835
vn 0.324082 2.55636 5.25231
vt 0 0
v 0.462449 0.956078 0.0764852
vn 0.277593 2.19325 5.41658
vt 0 0
v 0.449286 0.910157 0.0975835
vn 0.324082 2.55636 5.25231
vt 0 0
v 0.365085 0.977131 0.0764852
vn 0.635063 2.03418 5.44845
vt 0 0
v 0.335175 0.934832 0.0975835
vn 0.742764 2.37534 5.29461
vt 0 0
v 0.462449 0.956078 0.0764852
vn 0.277593 2.19325 5.41658
vt 0 0
v 0.569032 0.905143 0.0975835
vn -0.108403 2.5926 5.24342
vt 0 0
v 0.564621 0.9518 0.0764852
vn -0.0928876 2.2252 5.40987
vt 0 0
v 0.569032 0.905143 0.0975835
vn -0.108403 2.5926 5.24342
vt 0 0
v 0.462449 0.956078 0.0764852
vn 0.277593 2.19325 5.41658
vt 0 0
v 0.449286 0.910157 0.0975835
vn 0.324082 2.55636 5.25231
vt 0 0
v 0.665182 0.964566 0.0764852
vn -0.459064 2.12948 5.42967
vt 0 0
v 0.569032 0.905143 0.0975835
vn -0.108403 2.5926 5.24342
vt 0 0
v 0.686889 0.920105 0.0975835
vn -0.536342 2.48391 5.26966
vt 0 0
v 0.569032 0.905143 0.0975835
vn -0.108403 2.5926 5.24342
vt 0 0
v 0.665182 0.964566 0.0764852
vn -0.459064 2.12948 5.42967
vt 0 0
v 0.564621 0.9518 0.0764852
vn -0.0928876 2.2252 5.40987
vt 0 0
v 0.757813 0.993575 0.0764852
vn -0.80324 1.90785 5.4719
vt 0 0
v 0.686889 0.920105 0.0975835
vn -0.536342 2.48391 5.26966
vt 0 0
v 0.795453 0.954103 0.0975835
vn -0.940735 2.23088 5.32588
vt 0 0
v 0.686889 0.920105 0.0975835
vn -0.536342 2.48391 5.26966
vt 0 0
v 0.757813 0.993575 0.0764852
vn -0.80324 1.90785 5.4719
vt 0 0
v 0.665182 0.964566 0.0764852
vn -0.459064 2.12948 5.42967
vt 0 0
v 0.836694 1.037 0.0764852
vn -1.1061 1.56591 5.52732
vt 0 0
v 0.795453 0.954103 0.0975835
vn -0.940735 2.23088 5.32588
vt 0 0
v 0.887902 1.005 0.0975835
vn -1.29964 1.83703 5.40028
vt 0 0
v 0.795453 0.954103 0.0975835
vn -0.940735 2.23088 5.32588
vt 0 0
v 0.836694 1.037 0.0764852
vn -1.1061 1.56591 5.52732
vt 0 0
v 0.757813 0.993575 0.0764852
vn -0.80324 1.90785 5.4719
vt 0 0
v 0.896868 1.09212 0.0764852
vn -1.34653 1.11624 5.5828
vt 0 0
v 0.887902 1.005 0.0975835
vn -1.29964 1.83703 5.40028
vt 0 0
v 0.958426 1.0696 0.0975835
vn -1.58733 1.3138 5.4755
vt 0 0
v 0.887902 1.005 0.0975835
vn -1.29964 1.83703 5.40028
vt 0 0
v 0.896868 1.09212 0.0764852
vn -1.34653 1.11624 5.5828
vt 0 0
v 0.836694 1.037 0.0764852
vn -1.1061 1.56591 5.52732
vt 0 0
v 0.934555 1.15547 0.0764852
vn -1.5031 0.582063 5.62394
vt 0 0
v 0.958426 1.0696 0.0975835
vn -1.58733 1.3138 5.4755
vt 0 0
v 1.00259 1.14384 0.0975835
vn -1.77617 0.686724 5.53177
vt 0 0
v 0.958426 1.0696 0.0975835
vn -1.58733 1.3138 5.4755
vt 0 0
v 0.934555 1.15547 0.0764852
vn -1.5031 0.582063 5.62394
vt 0 0
v 0.896868 1.09212 0.0764852
vn -1.34653 1.11624 5.5828
vt 0 0
v 1.01479 1.14176 0.0765815
vn 1.77617 -0.686724 -5.53177
vt 0 0
v 0.958133 1.22306 0.054928
vn 1.55779 1.65796e-015 -5.63915
vt 0 0
v 1.03023 1.22306 0.0765815
vn 1.84242 7.77706e-017 -5.55268
vt 0 0
v 0.958133 1.22306 0.054928
vn 1.55779 1.65796e-015 -5.63915
vt 0 0
v 1.01479 1.14176 0.0765815
vn 1.77617 -0.686724 -5.53177
vt 0 0
v 0.944964 1.15369 0.054928
vn 1.5031 -0.582063 -5.62394
vt 0 0
v 0.969463 1.06556 0.0765815
vn 1.58733 -1.3138 -5.4755
vt 0 0
v 0.944964 1.15369 0.054928
vn 1.5031 -0.582063 -5.62394
vt 0 0
v 1.01479 1.14176 0.0765815
vn 1.77617 -0.686724 -5.53177
vt 0 0
v 0.944964 1.15369 0.054928
vn 1.5031 -0.582063 -5.62394
vt 0 0
v 0.969463 1.06556 0.0765815
vn 1.58733 -1.3138 -5.4755
vt 0 0
v 0.906286 1.08868 0.054928
vn 1.34653 -1.11624 -5.5828
vt 0 0
v 0.897083 0.999263 0.0765815
vn 1.29964 -1.83703 -5.40028
vt 0 0
v 0.906286 1.08868 0.054928
vn 1.34653 -1.11624 -5.5828
vt 0 0
v 0.969463 1.06556 0.0765815
vn 1.58733 -1.3138 -5.4755
vt 0 0
v 0.906286 1.08868 0.054928
vn 1.34653 -1.11624 -5.5828
vt 0 0
v 0.897083 0.999263 0.0765815
vn 1.29964 -1.83703 -5.40028
vt 0 0
v 0.844529 1.03211 0.054928
vn 1.1061 -1.56591 -5.52732
vt 0 0
v 0.802202 0.947026 0.0765815
vn 0.940735 -2.23088 -5.32588
vt 0 0
v 0.844529 1.03211 0.054928
vn 1.1061 -1.56591 -5.52732
vt 0 0
v 0.897083 0.999263 0.0765815
vn 1.29964 -1.83703 -5.40028
vt 0 0
v 0.844529 1.03211 0.054928
vn 1.1061 -1.56591 -5.52732
vt 0 0
v 0.802202 0.947026 0.0765815
vn 0.940735 -2.23088 -5.32588
vt 0 0
v 0.763572 0.987536 0.054928
vn 0.80324 -1.90785 -5.4719
vt 0 0
v 0.690782 0.912133 0.0765815
vn 0.536342 -2.48391 -5.26966
vt 0 0
v 0.763572 0.987536 0.054928
vn 0.80324 -1.90785 -5.4719
vt 0 0
v 0.802202 0.947026 0.0765815
vn 0.940735 -2.23088 -5.32588
vt 0 0
v 0.763572 0.987536 0.054928
vn 0.80324 -1.90785 -5.4719
vt 0 0
v 0.690782 0.912133 0.0765815
vn 0.536342 -2.48391 -5.26966
vt 0 0
v 0.668503 0.957764 0.054928
vn 0.459064 -2.12948 -5.42967
vt 0 0
v 0.569823 0.896777 0.0765815
vn 0.108403 -2.5926 -5.24342
vt 0 0
v 0.668503 0.957764 0.054928
vn 0.459064 -2.12948 -5.42967
vt 0 0
v 0.690782 0.912133 0.0765815
vn 0.536342 -2.48391 -5.26966
vt 0 0
v 0.668503 0.957764 0.054928
vn 0.459064 -2.12948 -5.42967
vt 0 0
v 0.569823 0.896777 0.0765815
vn 0.108403 -2.5926 -5.24342
vt 0 0
v 0.565296 0.944662 0.054928
vn 0.0928876 -2.2252 -5.40987
vt 0 0
v 0.569823 0.896777 0.0765815
vn 0.108403 -2.5926 -5.24342
vt 0 0
v 0.460435 0.949052 0.054928
vn -0.277593 -2.19325 -5.41658
vt 0 0
v 0.565296 0.944662 0.054928
vn 0.0928876 -2.2252 -5.40987
vt 0 0
v 0.460435 0.949052 0.054928
vn -0.277593 -2.19325 -5.41658
vt 0 0
v 0.569823 0.896777 0.0765815
vn 0.108403 -2.5926 -5.24342
vt 0 0
v 0.446926 0.901923 0.0765815
vn -0.324082 -2.55636 -5.25231
vt 0 0
v 0.446926 0.901923 0.0765815
vn -0.324082 -2.55636 -5.25231
vt 0 0
v 0.360509 0.97066 0.054928
vn -0.635063 -2.03418 -5.44845
vt 0 0
v 0.460435 0.949052 0.054928
vn -0.277593 -2.19325 -5.41658
vt 0 0
v 0.360509 0.97066 0.054928
vn -0.635063 -2.03418 -5.44845
vt 0 0
v 0.446926 0.901923 0.0765815
vn -0.324082 -2.55636 -5.25231
vt 0 0
v 0.329812 0.927247 0.0765815
vn -0.742764 -2.37534 -5.29461
vt 0 0
v 0.329812 0.927247 0.0765815
vn -0.742764 -2.37534 -5.29461
vt 0 0
v 0.271797 1.00813 0.054928
vn -0.961119 -1.75134 -5.49871
vt 0 0
v 0.360509 0.97066 0.054928
vn -0.635063 -2.03418 -5.44845
vt 0 0
v 0.271797 1.00813 0.054928
vn -0.961119 -1.75134 -5.49871
vt 0 0
v 0.329812 0.927247 0.0765815
vn -0.742764 -2.37534 -5.29461
vt 0 0
v 0.225842 0.971158 0.0765815
vn -1.1274 -2.0511 -5.36179
vt 0 0
v 0.225842 0.971158 0.0765815
vn -1.1274 -2.0511 -5.36179
vt 0 0
v 0.199872 1.0591 0.054928
vn -1.23548 -1.35338 -5.55596
vt 0 0
v 0.271797 1.00813 0.054928
vn -0.961119 -1.75134 -5.49871
vt 0 0
v 0.199872 1.0591 0.054928
vn -1.23548 -1.35338 -5.55596
vt 0 0
v 0.225842 0.971158 0.0765815
vn -1.1274 -2.0511 -5.36179
vt 0 0
v 0.141546 1.0309 0.0765815
vn -1.45411 -1.59039 -5.43902
vt 0 0
v 0.141546 1.0309 0.0765815
vn -1.45411 -1.59039 -5.43902
vt 0 0
v 0.149255 1.12037 0.054928
vn -1.43657 -0.857758 -5.60601
vt 0 0
v 0.199872 1.0591 0.054928
vn -1.23548 -1.35338 -5.55596
vt 0 0
v 0.149255 1.12037 0.054928
vn -1.43657 -0.857758 -5.60601
vt 0 0
v 0.141546 1.0309 0.0765815
vn -1.45411 -1.59039 -5.43902
vt 0 0
v 0.0822232 1.10271 0.0765815
vn -1.69578 -1.01094 -5.50719
vt 0 0
v 0.0822232 1.10271 0.0765815
vn -1.69578 -1.01094 -5.50719
vt 0 0
v 0.123126 1.1881 0.054928
vn -1.54399 -0.294197 -5.63528
vt 0 0
v 0.149255 1.12037 0.054928
vn -1.43657 -0.857758 -5.60601
vt 0 0
v 0.123126 1.1881 0.054928
vn -1.54399 -0.294197 -5.63528
vt 0 0
v 0.0822232 1.10271 0.0765815
vn -1.69578 -1.01094 -5.50719
vt 0 0
v 0.0515995 1.18208 0.0765815
vn -1.82569 -0.347323 -5.54734
vt 0 0
v 0.271797 1.43799 0.054928
vn -0.961119 1.75134 -5.49871
vt 0 0
v 0.329812 1.51887 0.0765815
vn -0.742764 2.37534 -5.29461
vt 0 0
v 0.360509 1.47546 0.054928
vn -0.635063 2.03418 -5.44845
vt 0 0
v 0.329812 1.51887 0.0765815
vn -0.742764 2.37534 -5.29461
vt 0 0
v 0.271797 1.43799 0.054928
vn -0.961119 1.75134 -5.49871
vt 0 0
v 0.225842 1.47496 0.0765815
vn -1.1274 2.0511 -5.36179
vt 0 0
v 0.360509 1.47546 0.054928
vn -0.635063 2.03418 -5.44845
vt 0 0
v 0.446926 1.5442 0.0765815
vn -0.324082 2.55636 -5.25231
vt 0 0
v 0.460435 1.49707 0.054928
vn -0.277593 2.19325 -5.41658
vt 0 0
v 0.446926 1.5442 0.0765815
vn -0.324082 2.55636 -5.25231
vt 0 0
v 0.360509 1.47546 0.054928
vn -0.635063 2.03418 -5.44845
vt 0 0
v 0.329812 1.51887 0.0765815
vn -0.742764 2.37534 -5.29461
vt 0 0
v 0.460435 1.49707 0.054928
vn -0.277593 2.19325 -5.41658
vt 0 0
v 0.569823 1.54934 0.0765815
vn 0.108403 2.5926 -5.24342
vt 0 0
v 0.565296 1.50146 0.054928
vn 0.0928876 2.2252 -5.40987
vt 0 0
v 0.569823 1.54934 0.0765815
vn 0.108403 2.5926 -5.24342
vt 0 0
v 0.460435 1.49707 0.054928
vn -0.277593 2.19325 -5.41658
vt 0 0
v 0.446926 1.5442 0.0765815
vn -0.324082 2.55636 -5.25231
vt 0 0
v 0.668503 1.48836 0.054928
vn 0.459064 2.12948 -5.42967
vt 0 0
v 0.569823 1.54934 0.0765815
vn 0.108403 2.5926 -5.24342
vt 0 0
v 0.690782 1.53399 0.0765815
vn 0.536342 2.48391 -5.26966
vt 0 0
v 0.569823 1.54934 0.0765815
vn 0.108403 2.5926 -5.24342
vt 0 0
v 0.668503 1.48836 0.054928
vn 0.459064 2.12948 -5.42967
vt 0 0
v 0.565296 1.50146 0.054928
vn 0.0928876 2.2252 -5.40987
vt 0 0
v 0.763572 1.45858 0.054928
vn 0.80324 1.90785 -5.4719
vt 0 0
v 0.690782 1.53399 0.0765815
vn 0.536342 2.48391 -5.26966
vt 0 0
v 0.802202 1.49909 0.0765815
vn 0.940735 2.23088 -5.32588
vt 0 0
v 0.690782 1.53399 0.0765815
vn 0.536342 2.48391 -5.26966
vt 0 0
v 0.763572 1.45858 0.054928
vn 0.80324 1.90785 -5.4719
vt 0 0
v 0.668503 1.48836 0.054928
vn 0.459064 2.12948 -5.42967
vt 0 0
v 0.844529 1.41401 0.054928
vn 1.1061 1.56591 -5.52732
vt 0 0
v 0.802202 1.49909 0.0765815
vn 0.940735 2.23088 -5.32588
vt 0 0
v 0.897083 1.44686 0.0765815
vn 1.29964 1.83703 -5.40028
vt 0 0
v 0.802202 1.49909 0.0765815
vn 0.940735 2.23088 -5.32588
vt 0 0
v 0.844529 1.41401 0.054928
vn 1.1061 1.56591 -5.52732
vt 0 0
v 0.763572 1.45858 0.054928
vn 0.80324 1.90785 -5.4719
vt 0 0
v 0.906286 1.35744 0.054928
vn 1.34653 1.11624 -5.5828
vt 0 0
v 0.897083 1.44686 0.0765815
vn 1.29964 1.83703 -5.40028
vt 0 0
v 0.969463 1.38056 0.0765815
vn 1.58733 1.3138 -5.4755
vt 0 0
v 0.897083 1.44686 0.0765815
vn 1.29964 1.83703 -5.40028
vt 0 0
v 0.906286 1.35744 0.054928
vn 1.34653 1.11624 -5.5828
vt 0 0
v 0.844529 1.41401 0.054928
vn 1.1061 1.56591 -5.52732
vt 0 0
v 0.944964 1.29243 0.054928
vn 1.5031 0.582063 -5.62394
vt 0 0
v 0.969463 1.38056 0.0765815
vn 1.58733 1.3138 -5.4755
vt 0 0
v 1.01479 1.30436 0.0765815
vn 1.77617 0.686724 -5.53177
vt 0 0
v 0.969463 1.38056 0.0765815
vn 1.58733 1.3138 -5.4755
vt 0 0
v 0.944964 1.29243 0.054928
vn 1.5031 0.582063 -5.62394
vt 0 0
v 0.906286 1.35744 0.054928
vn 1.34653 1.11624 -5.5828
vt 0 0
v 0.958133 1.22306 0.054928
vn 1.55779 1.65796e-015 -5.63915
vt 0 0
v 1.01479 1.30436 0.0765815
vn 1.77617 0.686724 -5.53177
vt 0 0
v 1.03023 1.22306 0.0765815
vn 1.84242 7.77706e-017 -5.55268
vt 0 0
v 1.01479 1.30436 0.0765815
vn 1.77617 0.686724 -5.53177
vt 0 0
v 0.958133 1.22306 0.054928
vn 1.55779 1.65796e-015 -5.63915
vt 0 0
v 0.944964 1.29243 0.054928
vn 1.5031 0.582063 -5.62394
vt 0 0
v 4.22852 1.43937 0.64358
vn -0.679722 -6.30709e-018 5.81075
vt 0 0
v 4.29764 1.00878 0.651665
vn -0.713044 -1.10476e-018 5.80675
vt 0 0
v 4.29764 1.43769 0.651665
vn -0.713044 -1.10476e-018 5.80675
vt 0 0
v 4.22852 1.43937 0.64358
vn -0.679722 -6.30709e-018 5.81075
vt 0 0
v 4.22852 1.0071 0.64358
vn -0.679722 -6.30709e-018 5.81075
vt 0 0
v 4.29764 1.00878 0.651665
vn -0.713044 -1.10476e-018 5.80675
vt 0 0
v 4.17252 1.43901 0.637029
vn -0.649828 -3.29433e-018 5.81417
vt 0 0
v 4.22852 1.0071 0.64358
vn -0.679722 -6.30709e-018 5.81075
vt 0 0
v 4.22852 1.43937 0.64358
vn -0.679722 -6.30709e-018 5.81075
vt 0 0
v 4.22852 1.0071 0.64358
vn -0.679722 -6.30709e-018 5.81075
vt 0 0
v 4.17252 1.43901 0.637029
vn -0.649828 -3.29433e-018 5.81417
vt 0 0
v 4.17252 1.00747 0.637029
vn -0.649828 -3.29433e-018 5.81417
vt 0 0
v 4.17252 1.00747 0.637029
vn -0.0384704 -5.85024 -9.21169e-015
vt 0 0
v 4.22852 1.0071 0.607733
vn 0.0453217 -5.85019 -9.91544e-015
vt 0 0
v 4.22852 1.0071 0.64358
vn 0.0587383 -5.85007 -1.00279e-014
vt 0 0
v 4.153 1.0076 0.63495
vn -0.122868 -5.84908 -8.51612e-015
vt 0 0
v 4.22852 1.0071 0.607733
vn 0.0453217 -5.85019 -9.91544e-015
vt 0 0
v 4.17252 1.00747 0.637029
vn -0.0384704 -5.85024 -9.21169e-015
vt 0 0
v 4.153 1.0076 0.63495
vn -0.122868 -5.84908 -8.51612e-015
vt 0 0
v 4.17647 1.00744 0.601645
vn -0.0384704 -5.85024 -9.21169e-015
vt 0 0
v 4.22852 1.0071 0.607733
vn 0.0453217 -5.85019 -9.91544e-015
vt 0 0
v 4.17647 1.00744 0.601645
vn -0.0384704 -5.85024 -9.21169e-015
vt 0 0
v 4.153 1.0076 0.63495
vn -0.122868 -5.84908 -8.51612e-015
vt 0 0
v 4.153 1.0076 0.599144
vn -0.135092 -5.84881 -8.41521e-015
vt 0 0
v 4.22852 1.0071 0.607733
vn 0.679722 -1.26472e-018 -5.81075
vt 0 0
v 4.30198 1.43758 0.616327
vn 0.713044 1.17589e-018 -5.80675
vt 0 0
v 4.30198 1.00889 0.616327
vn 0.713044 1.17589e-018 -5.80675
vt 0 0
v 4.22852 1.0071 0.607733
vn 0.679722 -1.26472e-018 -5.81075
vt 0 0
v 4.22852 1.43937 0.607733
vn 0.679722 -1.26472e-018 -5.81075
vt 0 0
v 4.30198 1.43758 0.616327
vn 0.713044 1.17589e-018 -5.80675
vt 0 0
v 4.17647 1.00744 0.601645
vn 0.649828 -5.26167e-019 -5.81417
vt 0 0
v 4.22852 1.43937 0.607733
vn 0.679722 -1.26472e-018 -5.81075
vt 0 0
v 4.22852 1.0071 0.607733
vn 0.679722 -1.26472e-018 -5.81075
vt 0 0
v 4.22852 1.43937 0.607733
vn 0.679722 -1.26472e-018 -5.81075
vt 0 0
v 4.17647 1.00744 0.601645
vn 0.649828 -5.26167e-019 -5.81417
vt 0 0
v 4.17647 1.43903 0.601645
vn 0.649828 -5.26167e-019 -5.81417
vt 0 0
v 4.22852 1.43937 0.607733
vn 0.0453217 5.85019 -9.91544e-015
vt 0 0
v 4.17252 1.43901 0.637029
vn -0.0384704 5.85024 -9.21169e-015
vt 0 0
v 4.22852 1.43937 0.64358
vn 0.0587383 5.85007 -1.00279e-014
vt 0 0
v 4.22852 1.43937 0.607733
vn 0.0453217 5.85019 -9.91544e-015
vt 0 0
v 4.153 1.43888 0.63495
vn -0.122868 5.84908 -8.51612e-015
vt 0 0
v 4.17252 1.43901 0.637029
vn -0.0384704 5.85024 -9.21169e-015
vt 0 0
v 4.17647 1.43903 0.601645
vn -0.0384704 5.85024 -9.21169e-015
vt 0 0
v 4.153 1.43888 0.63495
vn -0.122868 5.84908 -8.51612e-015
vt 0 0
v 4.22852 1.43937 0.607733
vn 0.0453217 5.85019 -9.91544e-015
vt 0 0
v 4.153 1.43888 0.63495
vn -0.122868 5.84908 -8.51612e-015
vt 0 0
v 4.17647 1.43903 0.601645
vn -0.0384704 5.85024 -9.21169e-015
vt 0 0
v 4.153 1.43888 0.599144
vn -0.135092 5.84881 -8.41521e-015
vt 0 0
v 1.01763 1.22306 0.0975835
vn -1.84242 -8.16591e-016 5.55268
vt 0 0
v 1.06872 1.13254 0.121976
vn -2.05 0.79145 5.42198
vt 0 0
v 1.0859 1.22306 0.121976
vn -2.12881 2.59441e-016 5.44931
vt 0 0
v 1.06872 1.13254 0.121976
vn -2.05 0.79145 5.42198
vt 0 0
v 1.01763 1.22306 0.0975835
vn -1.84242 -8.16591e-016 5.55268
vt 0 0
v 1.00259 1.14384 0.0975835
vn -1.77617 0.686724 5.53177
vt 0 0
v 1.00259 1.30228 0.0975835
vn -1.77617 -0.686724 5.53177
vt 0 0
v 0.947386 1.22306 0.0764852
vn -1.55779 -2.55171e-015 5.63915
vt 0 0
v 1.01763 1.22306 0.0975835
vn -1.84242 -8.16591e-016 5.55268
vt 0 0
v 0.947386 1.22306 0.0764852
vn -1.55779 -2.55171e-015 5.63915
vt 0 0
v 1.00259 1.30228 0.0975835
vn -1.77617 -0.686724 5.53177
vt 0 0
v 0.934555 1.29065 0.0764852
vn -1.5031 -0.582063 5.62394
vt 0 0
v 0.196369 1.25186 0.0367451
vn -1.26379 0.241254 -5.70714
vt 0 0
v 0.149255 1.32575 0.054928
vn -1.43657 0.857758 -5.60601
vt 0 0
v 0.217896 1.30766 0.0367451
vn -1.17732 0.704267 -5.68724
vt 0 0
v 0.149255 1.32575 0.054928
vn -1.43657 0.857758 -5.60601
vt 0 0
v 0.196369 1.25186 0.0367451
vn -1.26379 0.241254 -5.70714
vt 0 0
v 0.123126 1.25802 0.054928
vn -1.54399 0.294197 -5.63528
vt 0 0
v 0.0515995 1.18208 0.0765815
vn -1.82569 -0.347323 -5.54734
vt 0 0
v 0.123126 1.25802 0.054928
vn -1.54399 0.294197 -5.63528
vt 0 0
v 0.123126 1.1881 0.054928
vn -1.54399 -0.294197 -5.63528
vt 0 0
v 0.123126 1.25802 0.054928
vn -1.54399 0.294197 -5.63528
vt 0 0
v 0.0515995 1.18208 0.0765815
vn -1.82569 -0.347323 -5.54734
vt 0 0
v 0.0515995 1.26403 0.0765815
vn -1.82569 0.347323 -5.54734
vt 0 0
v 0.217896 1.30766 0.0367451
vn -1.17732 0.704267 -5.68724
vt 0 0
v 0.199872 1.38702 0.054928
vn -1.23548 1.35338 -5.55596
vt 0 0
v 0.259598 1.35814 0.0367451
vn -1.01476 1.11367 -5.65303
vt 0 0
v 0.199872 1.38702 0.054928
vn -1.23548 1.35338 -5.55596
vt 0 0
v 0.217896 1.30766 0.0367451
vn -1.17732 0.704267 -5.68724
vt 0 0
v 0.149255 1.32575 0.054928
vn -1.43657 0.857758 -5.60601
vt 0 0
v 0.199872 1.38702 0.054928
vn -1.23548 1.35338 -5.55596
vt 0 0
v 0.225842 1.47496 0.0765815
vn -1.1274 2.0511 -5.36179
vt 0 0
v 0.271797 1.43799 0.054928
vn -0.961119 1.75134 -5.49871
vt 0 0
v 0.225842 1.47496 0.0765815
vn -1.1274 2.0511 -5.36179
vt 0 0
v 0.199872 1.38702 0.054928
vn -1.23548 1.35338 -5.55596
vt 0 0
v 0.141546 1.41522 0.0765815
vn -1.45411 1.59039 -5.43902
vt 0 0
v 1.01825 1.39841 0.121976
vn -1.82662 -1.50971 5.34893
vt 0 0
v 1.00259 1.30228 0.0975835
vn -1.77617 -0.686724 5.53177
vt 0 0
v 1.06872 1.31358 0.121976
vn -2.05 -0.79145 5.42198
vt 0 0
v 1.00259 1.30228 0.0975835
vn -1.77617 -0.686724 5.53177
vt 0 0
v 1.01825 1.39841 0.121976
vn -1.82662 -1.50971 5.34893
vt 0 0
v 0.958426 1.37652 0.0975835
vn -1.58733 -1.3138 5.4755
vt 0 0
v 0.937669 1.47222 0.121976
vn -1.48969 -2.10271 5.25226
vt 0 0
v 0.958426 1.37652 0.0975835
vn -1.58733 -1.3138 5.4755
vt 0 0
v 1.01825 1.39841 0.121976
vn -1.82662 -1.50971 5.34893
vt 0 0
v 0.958426 1.37652 0.0975835
vn -1.58733 -1.3138 5.4755
vt 0 0
v 0.937669 1.47222 0.121976
vn -1.48969 -2.10271 5.25226
vt 0 0
v 0.887902 1.44112 0.0975835
vn -1.29964 -1.83703 5.40028
vt 0 0
v 0.832034 1.53038 0.121976
vn -1.07418 -2.54376 5.15773
vt 0 0
v 0.887902 1.44112 0.0975835
vn -1.29964 -1.83703 5.40028
vt 0 0
v 0.937669 1.47222 0.121976
vn -1.48969 -2.10271 5.25226
vt 0 0
v 0.887902 1.44112 0.0975835
vn -1.29964 -1.83703 5.40028
vt 0 0
v 0.832034 1.53038 0.121976
vn -1.07418 -2.54376 5.15773
vt 0 0
v 0.795453 1.49202 0.0975835
vn -0.940735 -2.23088 5.32588
vt 0 0
v 0.707986 1.56922 0.121976
vn -0.610684 -2.82421 5.08701
vt 0 0
v 0.795453 1.49202 0.0975835
vn -0.940735 -2.23088 5.32588
vt 0 0
v 0.832034 1.53038 0.121976
vn -1.07418 -2.54376 5.15773
vt 0 0
v 0.795453 1.49202 0.0975835
vn -0.940735 -2.23088 5.32588
vt 0 0
v 0.707986 1.56922 0.121976
vn -0.610684 -2.82421 5.08701
vt 0 0
v 0.686889 1.52601 0.0975835
vn -0.536342 -2.48391 5.26966
vt 0 0
v 0.573319 1.58632 0.121976
vn -0.123267 -2.94391 5.05421
vt 0 0
v 0.686889 1.52601 0.0975835
vn -0.536342 -2.48391 5.26966
vt 0 0
v 0.707986 1.56922 0.121976
vn -0.610684 -2.82421 5.08701
vt 0 0
v 0.686889 1.52601 0.0975835
vn -0.536342 -2.48391 5.26966
vt 0 0
v 0.573319 1.58632 0.121976
vn -0.123267 -2.94391 5.05421
vt 0 0
v 0.569032 1.54098 0.0975835
vn -0.108403 -2.5926 5.24342
vt 0 0
v 0.573319 1.58632 0.121976
vn -0.123267 -2.94391 5.05421
vt 0 0
v 0.449286 1.53596 0.0975835
vn 0.324082 -2.55636 5.25231
vt 0 0
v 0.569032 1.54098 0.0975835
vn -0.108403 -2.5926 5.24342
vt 0 0
v 0.449286 1.53596 0.0975835
vn 0.324082 -2.55636 5.25231
vt 0 0
v 0.573319 1.58632 0.121976
vn -0.123267 -2.94391 5.05421
vt 0 0
v 0.436493 1.58059 0.121976
vn 0.368684 -2.90406 5.06531
vt 0 0
v 0.436493 1.58059 0.121976
vn 0.368684 -2.90406 5.06531
vt 0 0
v 0.335175 1.51129 0.0975835
vn 0.742764 -2.37534 5.29461
vt 0 0
v 0.449286 1.53596 0.0975835
vn 0.324082 -2.55636 5.25231
vt 0 0
v 0.335175 1.51129 0.0975835
vn 0.742764 -2.37534 5.29461
vt 0 0
v 0.436493 1.58059 0.121976
vn 0.368684 -2.90406 5.06531
vt 0 0
v 0.306107 1.5524 0.121976
vn 0.846779 -2.70417 5.11832
vt 0 0
v 0.306107 1.5524 0.121976
vn 0.846779 -2.70417 5.11832
vt 0 0
v 0.23387 1.4685 0.0975835
vn 1.1274 -2.0511 5.36179
vt 0 0
v 0.335175 1.51129 0.0975835
vn 0.742764 -2.37534 5.29461
vt 0 0
v 0.23387 1.4685 0.0975835
vn 1.1274 -2.0511 5.36179
vt 0 0
v 0.306107 1.5524 0.121976
vn 0.846779 -2.70417 5.11832
vt 0 0
v 0.190353 1.50351 0.121976
vn 1.28969 -2.34308 5.20322
vt 0 0
v 0.190353 1.50351 0.121976
vn 1.28969 -2.34308 5.20322
vt 0 0
v 0.151737 1.4103 0.0975835
vn 1.45411 -1.59039 5.43902
vt 0 0
v 0.23387 1.4685 0.0975835
vn 1.1274 -2.0511 5.36179
vt 0 0
v 0.151737 1.4103 0.0975835
vn 1.45411 -1.59039 5.43902
vt 0 0
v 0.190353 1.50351 0.121976
vn 1.28969 -2.34308 5.20322
vt 0 0
v 0.0965045 1.437 0.121976
vn 1.67013 -1.82407 5.30191
vt 0 0
v 0.0965045 1.437 0.121976
vn 1.67013 -1.82407 5.30191
vt 0 0
v 0.0939344 1.34032 0.0975835
vn 1.69578 -1.01094 5.50719
vt 0 0
v 0.151737 1.4103 0.0975835
vn 1.45411 -1.59039 5.43902
vt 0 0
v 0.0939344 1.34032 0.0975835
vn 1.69578 -1.01094 5.50719
vt 0 0
v 0.0965045 1.437 0.121976
vn 1.67013 -1.82407 5.30191
vt 0 0
v 0.030458 1.35705 0.121976
vn 1.95468 -1.16361 5.38999
vt 0 0
v 0.030458 1.35705 0.121976
vn 1.95468 -1.16361 5.38999
vt 0 0
v 0.0640959 1.26298 0.0975835
vn 1.82569 -0.347323 5.54734
vt 0 0
v 0.0939344 1.34032 0.0975835
vn 1.69578 -1.01094 5.50719
vt 0 0
v 0.0640959 1.26298 0.0975835
vn 1.82569 -0.347323 5.54734
vt 0 0
v 0.030458 1.35705 0.121976
vn 1.95468 -1.16361 5.38999
vt 0 0
v -0.0036363 1.26868 0.121976
vn 2.10888 -0.400616 5.44233
vt 0 0
v -0.0036363 1.26868 0.121976
vn 2.10888 -0.400616 5.44233
vt 0 0
v 0.0640959 1.18314 0.0975835
vn 1.82569 0.347323 5.54734
vt 0 0
v 0.0640959 1.26298 0.0975835
vn 1.82569 -0.347323 5.54734
vt 0 0
v 0.0640959 1.18314 0.0975835
vn 1.82569 0.347323 5.54734
vt 0 0
v -0.0036363 1.26868 0.121976
vn 2.10888 -0.400616 5.44233
vt 0 0
v -0.0036363 1.17744 0.121976
vn 2.10888 0.400616 5.44233
vt 0 0
v 0.0640959 1.18314 0.0975835
vn 1.82569 0.347323 5.54734
vt 0 0
v 0.030458 1.08907 0.121976
vn 1.95468 1.16361 5.38999
vt 0 0
v 0.0939344 1.1058 0.0975835
vn 1.69578 1.01094 5.50719
vt 0 0
v 0.030458 1.08907 0.121976
vn 1.95468 1.16361 5.38999
vt 0 0
v 0.0640959 1.18314 0.0975835
vn 1.82569 0.347323 5.54734
vt 0 0
v -0.0036363 1.17744 0.121976
vn 2.10888 0.400616 5.44233
vt 0 0
v 0.0939344 1.1058 0.0975835
vn 1.69578 1.01094 5.50719
vt 0 0
v 0.0965045 1.00912 0.121976
vn 1.67013 1.82407 5.30191
vt 0 0
v 0.151737 1.03582 0.0975835
vn 1.45411 1.59039 5.43902
vt 0 0
v 0.0965045 1.00912 0.121976
vn 1.67013 1.82407 5.30191
vt 0 0
v 0.0939344 1.1058 0.0975835
vn 1.69578 1.01094 5.50719
vt 0 0
v 0.030458 1.08907 0.121976
vn 1.95468 1.16361 5.38999
vt 0 0
v 0.151737 1.03582 0.0975835
vn 1.45411 1.59039 5.43902
vt 0 0
v 0.190353 0.942609 0.121976
vn 1.28969 2.34308 5.20322
vt 0 0
v 0.23387 0.977617 0.0975835
vn 1.1274 2.0511 5.36179
vt 0 0
v 0.190353 0.942609 0.121976
vn 1.28969 2.34308 5.20322
vt 0 0
v 0.151737 1.03582 0.0975835
vn 1.45411 1.59039 5.43902
vt 0 0
v 0.0965045 1.00912 0.121976
vn 1.67013 1.82407 5.30191
vt 0 0
v 0.23387 0.977617 0.0975835
vn 1.1274 2.0511 5.36179
vt 0 0
v 0.306107 0.893722 0.121976
vn 0.846779 2.70417 5.11832
vt 0 0
v 0.335175 0.934832 0.0975835
vn 0.742764 2.37534 5.29461
vt 0 0
v 0.306107 0.893722 0.121976
vn 0.846779 2.70417 5.11832
vt 0 0
v 0.23387 0.977617 0.0975835
vn 1.1274 2.0511 5.36179
vt 0 0
v 0.190353 0.942609 0.121976
vn 1.28969 2.34308 5.20322
vt 0 0
v 0.335175 0.934832 0.0975835
vn 0.742764 2.37534 5.29461
vt 0 0
v 0.436493 0.865528 0.121976
vn 0.368684 2.90406 5.06531
vt 0 0
v 0.449286 0.910157 0.0975835
vn 0.324082 2.55636 5.25231
vt 0 0
v 0.436493 0.865528 0.121976
vn 0.368684 2.90406 5.06531
vt 0 0
v 0.335175 0.934832 0.0975835
vn 0.742764 2.37534 5.29461
vt 0 0
v 0.306107 0.893722 0.121976
vn 0.846779 2.70417 5.11832
vt 0 0
v 0.449286 0.910157 0.0975835
vn 0.324082 2.55636 5.25231
vt 0 0
v 0.573319 0.859799 0.121976
vn -0.123267 2.94391 5.05421
vt 0 0
v 0.569032 0.905143 0.0975835
vn -0.108403 2.5926 5.24342
vt 0 0
v 0.573319 0.859799 0.121976
vn -0.123267 2.94391 5.05421
vt 0 0
v 0.449286 0.910157 0.0975835
vn 0.324082 2.55636 5.25231
vt 0 0
v 0.436493 0.865528 0.121976
vn 0.368684 2.90406 5.06531
vt 0 0
v 0.686889 0.920105 0.0975835
vn -0.536342 2.48391 5.26966
vt 0 0
v 0.573319 0.859799 0.121976
vn -0.123267 2.94391 5.05421
vt 0 0
v 0.707986 0.876895 0.121976
vn -0.610684 2.82421 5.08701
vt 0 0
v 0.573319 0.859799 0.121976
vn -0.123267 2.94391 5.05421
vt 0 0
v 0.686889 0.920105 0.0975835
vn -0.536342 2.48391 5.26966
vt 0 0
v 0.569032 0.905143 0.0975835
vn -0.108403 2.5926 5.24342
vt 0 0
v 0.795453 0.954103 0.0975835
vn -0.940735 2.23088 5.32588
vt 0 0
v 0.707986 0.876895 0.121976
vn -0.610684 2.82421 5.08701
vt 0 0
v 0.832034 0.915742 0.121976
vn -1.07418 2.54376 5.15773
vt 0 0
v 0.707986 0.876895 0.121976
vn -0.610684 2.82421 5.08701
vt 0 0
v 0.795453 0.954103 0.0975835
vn -0.940735 2.23088 5.32588
vt 0 0
v 0.686889 0.920105 0.0975835
vn -0.536342 2.48391 5.26966
vt 0 0
v 0.887902 1.005 0.0975835
vn -1.29964 1.83703 5.40028
vt 0 0
v 0.832034 0.915742 0.121976
vn -1.07418 2.54376 5.15773
vt 0 0
v 0.937669 0.973899 0.121976
vn -1.48969 2.10271 5.25226
vt 0 0
v 0.832034 0.915742 0.121976
vn -1.07418 2.54376 5.15773
vt 0 0
v 0.887902 1.005 0.0975835
vn -1.29964 1.83703 5.40028
vt 0 0
v 0.795453 0.954103 0.0975835
vn -0.940735 2.23088 5.32588
vt 0 0
v 0.958426 1.0696 0.0975835
vn -1.58733 1.3138 5.4755
vt 0 0
v 0.937669 0.973899 0.121976
vn -1.48969 2.10271 5.25226
vt 0 0
v 1.01825 1.04771 0.121976
vn -1.82662 1.50971 5.34893
vt 0 0
v 0.937669 0.973899 0.121976
vn -1.48969 2.10271 5.25226
vt 0 0
v 0.958426 1.0696 0.0975835
vn -1.58733 1.3138 5.4755
vt 0 0
v 0.887902 1.005 0.0975835
vn -1.29964 1.83703 5.40028
vt 0 0
v 1.00259 1.14384 0.0975835
vn -1.77617 0.686724 5.53177
vt 0 0
v 1.01825 1.04771 0.121976
vn -1.82662 1.50971 5.34893
vt 0 0
v 1.06872 1.13254 0.121976
vn -2.05 0.79145 5.42198
vt 0 0
v 1.01825 1.04771 0.121976
vn -1.82662 1.50971 5.34893
vt 0 0
v 1.00259 1.14384 0.0975835
vn -1.77617 0.686724 5.53177
vt 0 0
v 0.958426 1.0696 0.0975835
vn -1.58733 1.3138 5.4755
vt 0 0
v 1.08266 1.13016 0.101616
vn 2.05 -0.79145 -5.42198
vt 0 0
v 1.03023 1.22306 0.0765815
vn 1.84242 7.77706e-017 -5.55268
vt 0 0
v 1.10029 1.22306 0.101616
vn 2.12881 -2.59441e-017 -5.44931
vt 0 0
v 1.03023 1.22306 0.0765815
vn 1.84242 7.77706e-017 -5.55268
vt 0 0
v 1.08266 1.13016 0.101616
vn 2.05 -0.79145 -5.42198
vt 0 0
v 1.01479 1.14176 0.0765815
vn 1.77617 -0.686724 -5.53177
vt 0 0
v 1.03086 1.0431 0.101616
vn 1.82662 -1.50971 -5.34893
vt 0 0
v 1.01479 1.14176 0.0765815
vn 1.77617 -0.686724 -5.53177
vt 0 0
v 1.08266 1.13016 0.101616
vn 2.05 -0.79145 -5.42198
vt 0 0
v 1.01479 1.14176 0.0765815
vn 1.77617 -0.686724 -5.53177
vt 0 0
v 1.03086 1.0431 0.101616
vn 1.82662 -1.50971 -5.34893
vt 0 0
v 0.969463 1.06556 0.0765815
vn 1.58733 -1.3138 -5.4755
vt 0 0
v 0.94816 0.967342 0.101616
vn 1.48969 -2.10271 -5.25226
vt 0 0
v 0.969463 1.06556 0.0765815
vn 1.58733 -1.3138 -5.4755
vt 0 0
v 1.03086 1.0431 0.101616
vn 1.82662 -1.50971 -5.34893
vt 0 0
v 0.969463 1.06556 0.0765815
vn 1.58733 -1.3138 -5.4755
vt 0 0
v 0.94816 0.967342 0.101616
vn 1.48969 -2.10271 -5.25226
vt 0 0
v 0.897083 0.999263 0.0765815
vn 1.29964 -1.83703 -5.40028
vt 0 0
v 0.839746 0.907655 0.101616
vn 1.07418 -2.54376 -5.15773
vt 0 0
v 0.897083 0.999263 0.0765815
vn 1.29964 -1.83703 -5.40028
vt 0 0
v 0.94816 0.967342 0.101616
vn 1.48969 -2.10271 -5.25226
vt 0 0
v 0.897083 0.999263 0.0765815
vn 1.29964 -1.83703 -5.40028
vt 0 0
v 0.839746 0.907655 0.101616
vn 1.07418 -2.54376 -5.15773
vt 0 0
v 0.802202 0.947026 0.0765815
vn 0.940735 -2.23088 -5.32588
vt 0 0
v 0.712434 0.867786 0.101616
vn 0.610684 -2.82421 -5.08701
vt 0 0
v 0.802202 0.947026 0.0765815
vn 0.940735 -2.23088 -5.32588
vt 0 0
v 0.839746 0.907655 0.101616
vn 1.07418 -2.54376 -5.15773
vt 0 0
v 0.802202 0.947026 0.0765815
vn 0.940735 -2.23088 -5.32588
vt 0 0
v 0.712434 0.867786 0.101616
vn 0.610684 -2.82421 -5.08701
vt 0 0
v 0.690782 0.912133 0.0765815
vn 0.536342 -2.48391 -5.26966
vt 0 0
v 0.574222 0.85024 0.101616
vn 0.123267 -2.94391 -5.05421
vt 0 0
v 0.690782 0.912133 0.0765815
vn 0.536342 -2.48391 -5.26966
vt 0 0
v 0.712434 0.867786 0.101616
vn 0.610684 -2.82421 -5.08701
vt 0 0
v 0.690782 0.912133 0.0765815
vn 0.536342 -2.48391 -5.26966
vt 0 0
v 0.574222 0.85024 0.101616
vn 0.123267 -2.94391 -5.05421
vt 0 0
v 0.569823 0.896777 0.0765815
vn 0.108403 -2.5926 -5.24342
vt 0 0
v 0.574222 0.85024 0.101616
vn 0.123267 -2.94391 -5.05421
vt 0 0
v 0.446926 0.901923 0.0765815
vn -0.324082 -2.55636 -5.25231
vt 0 0
v 0.569823 0.896777 0.0765815
vn 0.108403 -2.5926 -5.24342
vt 0 0
v 0.446926 0.901923 0.0765815
vn -0.324082 -2.55636 -5.25231
vt 0 0
v 0.574222 0.85024 0.101616
vn 0.123267 -2.94391 -5.05421
vt 0 0
v 0.433796 0.856119 0.101616
vn -0.368684 -2.90406 -5.06531
vt 0 0
v 0.433796 0.856119 0.101616
vn -0.368684 -2.90406 -5.06531
vt 0 0
v 0.329812 0.927247 0.0765815
vn -0.742764 -2.37534 -5.29461
vt 0 0
v 0.446926 0.901923 0.0765815
vn -0.324082 -2.55636 -5.25231
vt 0 0
v 0.329812 0.927247 0.0765815
vn -0.742764 -2.37534 -5.29461
vt 0 0
v 0.433796 0.856119 0.101616
vn -0.368684 -2.90406 -5.06531
vt 0 0
v 0.299979 0.885055 0.101616
vn -0.846779 -2.70417 -5.11832
vt 0 0
v 0.299979 0.885055 0.101616
vn -0.846779 -2.70417 -5.11832
vt 0 0
v 0.225842 0.971158 0.0765815
vn -1.1274 -2.0511 -5.36179
vt 0 0
v 0.329812 0.927247 0.0765815
vn -0.742764 -2.37534 -5.29461
vt 0 0
v 0.225842 0.971158 0.0765815
vn -1.1274 -2.0511 -5.36179
vt 0 0
v 0.299979 0.885055 0.101616
vn -0.846779 -2.70417 -5.11832
vt 0 0
v 0.181179 0.935229 0.101616
vn -1.28969 -2.34308 -5.20322
vt 0 0
v 0.181179 0.935229 0.101616
vn -1.28969 -2.34308 -5.20322
vt 0 0
v 0.141546 1.0309 0.0765815
vn -1.45411 -1.59039 -5.43902
vt 0 0
v 0.225842 0.971158 0.0765815
vn -1.1274 -2.0511 -5.36179
vt 0 0
v 0.141546 1.0309 0.0765815
vn -1.45411 -1.59039 -5.43902
vt 0 0
v 0.181179 0.935229 0.101616
vn -1.28969 -2.34308 -5.20322
vt 0 0
v 0.084861 1.00349 0.101616
vn -1.67013 -1.82407 -5.30191
vt 0 0
v 0.084861 1.00349 0.101616
vn -1.67013 -1.82407 -5.30191
vt 0 0
v 0.0822232 1.10271 0.0765815
vn -1.69578 -1.01094 -5.50719
vt 0 0
v 0.141546 1.0309 0.0765815
vn -1.45411 -1.59039 -5.43902
vt 0 0
v 0.0822232 1.10271 0.0765815
vn -1.69578 -1.01094 -5.50719
vt 0 0
v 0.084861 1.00349 0.101616
vn -1.67013 -1.82407 -5.30191
vt 0 0
v 0.0170765 1.08554 0.101616
vn -1.95468 -1.16361 -5.38999
vt 0 0
v 0.0170765 1.08554 0.101616
vn -1.95468 -1.16361 -5.38999
vt 0 0
v 0.0515995 1.18208 0.0765815
vn -1.82569 -0.347323 -5.54734
vt 0 0
v 0.0822232 1.10271 0.0765815
vn -1.69578 -1.01094 -5.50719
vt 0 0
v 0.0515995 1.18208 0.0765815
vn -1.82569 -0.347323 -5.54734
vt 0 0
v 0.0170765 1.08554 0.101616
vn -1.95468 -1.16361 -5.38999
vt 0 0
v -0.017915 1.17624 0.101616
vn -2.10888 -0.400616 -5.44233
vt 0 0
v 0.225842 1.47496 0.0765815
vn -1.1274 2.0511 -5.36179
vt 0 0
v 0.299979 1.56106 0.101616
vn -0.846779 2.70417 -5.11832
vt 0 0
v 0.329812 1.51887 0.0765815
vn -0.742764 2.37534 -5.29461
vt 0 0
v 0.299979 1.56106 0.101616
vn -0.846779 2.70417 -5.11832
vt 0 0
v 0.225842 1.47496 0.0765815
vn -1.1274 2.0511 -5.36179
vt 0 0
v 0.181179 1.51089 0.101616
vn -1.28969 2.34308 -5.20322
vt 0 0
v 0.329812 1.51887 0.0765815
vn -0.742764 2.37534 -5.29461
vt 0 0
v 0.433796 1.59 0.101616
vn -0.368684 2.90406 -5.06531
vt 0 0
v 0.446926 1.5442 0.0765815
vn -0.324082 2.55636 -5.25231
vt 0 0
v 0.433796 1.59 0.101616
vn -0.368684 2.90406 -5.06531
vt 0 0
v 0.329812 1.51887 0.0765815
vn -0.742764 2.37534 -5.29461
vt 0 0
v 0.299979 1.56106 0.101616
vn -0.846779 2.70417 -5.11832
vt 0 0
v 0.446926 1.5442 0.0765815
vn -0.324082 2.55636 -5.25231
vt 0 0
v 0.574222 1.59588 0.101616
vn 0.123267 2.94391 -5.05421
vt 0 0
v 0.569823 1.54934 0.0765815
vn 0.108403 2.5926 -5.24342
vt 0 0
v 0.574222 1.59588 0.101616
vn 0.123267 2.94391 -5.05421
vt 0 0
v 0.446926 1.5442 0.0765815
vn -0.324082 2.55636 -5.25231
vt 0 0
v 0.433796 1.59 0.101616
vn -0.368684 2.90406 -5.06531
vt 0 0
v 0.690782 1.53399 0.0765815
vn 0.536342 2.48391 -5.26966
vt 0 0
v 0.574222 1.59588 0.101616
vn 0.123267 2.94391 -5.05421
vt 0 0
v 0.712434 1.57833 0.101616
vn 0.610684 2.82421 -5.08701
vt 0 0
v 0.574222 1.59588 0.101616
vn 0.123267 2.94391 -5.05421
vt 0 0
v 0.690782 1.53399 0.0765815
vn 0.536342 2.48391 -5.26966
vt 0 0
v 0.569823 1.54934 0.0765815
vn 0.108403 2.5926 -5.24342
vt 0 0
v 0.802202 1.49909 0.0765815
vn 0.940735 2.23088 -5.32588
vt 0 0
v 0.712434 1.57833 0.101616
vn 0.610684 2.82421 -5.08701
vt 0 0
v 0.839746 1.53846 0.101616
vn 1.07418 2.54376 -5.15773
vt 0 0
v 0.712434 1.57833 0.101616
vn 0.610684 2.82421 -5.08701
vt 0 0
v 0.802202 1.49909 0.0765815
vn 0.940735 2.23088 -5.32588
vt 0 0
v 0.690782 1.53399 0.0765815
vn 0.536342 2.48391 -5.26966
vt 0 0
v 0.897083 1.44686 0.0765815
vn 1.29964 1.83703 -5.40028
vt 0 0
v 0.839746 1.53846 0.101616
vn 1.07418 2.54376 -5.15773
vt 0 0
v 0.94816 1.47878 0.101616
vn 1.48969 2.10271 -5.25226
vt 0 0
v 0.839746 1.53846 0.101616
vn 1.07418 2.54376 -5.15773
vt 0 0
v 0.897083 1.44686 0.0765815
vn 1.29964 1.83703 -5.40028
vt 0 0
v 0.802202 1.49909 0.0765815
vn 0.940735 2.23088 -5.32588
vt 0 0
v 0.969463 1.38056 0.0765815
vn 1.58733 1.3138 -5.4755
vt 0 0
v 0.94816 1.47878 0.101616
vn 1.48969 2.10271 -5.25226
vt 0 0
v 1.03086 1.40302 0.101616
vn 1.82662 1.50971 -5.34893
vt 0 0
v 0.94816 1.47878 0.101616
vn 1.48969 2.10271 -5.25226
vt 0 0
v 0.969463 1.38056 0.0765815
vn 1.58733 1.3138 -5.4755
vt 0 0
v 0.897083 1.44686 0.0765815
vn 1.29964 1.83703 -5.40028
vt 0 0
v 1.01479 1.30436 0.0765815
vn 1.77617 0.686724 -5.53177
vt 0 0
v 1.03086 1.40302 0.101616
vn 1.82662 1.50971 -5.34893
vt 0 0
v 1.08266 1.31596 0.101616
vn 2.05 0.79145 -5.42198
vt 0 0
v 1.03086 1.40302 0.101616
vn 1.82662 1.50971 -5.34893
vt 0 0
v 1.01479 1.30436 0.0765815
vn 1.77617 0.686724 -5.53177
vt 0 0
v 0.969463 1.38056 0.0765815
vn 1.58733 1.3138 -5.4755
vt 0 0
v 1.03023 1.22306 0.0765815
vn 1.84242 7.77706e-017 -5.55268
vt 0 0
v 1.08266 1.31596 0.101616
vn 2.05 0.79145 -5.42198
vt 0 0
v 1.10029 1.22306 0.101616
vn 2.12881 -2.59441e-017 -5.44931
vt 0 0
v 1.08266 1.31596 0.101616
vn 2.05 0.79145 -5.42198
vt 0 0
v 1.03023 1.22306 0.0765815
vn 1.84242 7.77706e-017 -5.55268
vt 0 0
v 1.01479 1.30436 0.0765815
vn 1.77617 0.686724 -5.53177
vt 0 0
v 4.153 1.43888 0.599144
vn -0.135092 5.84881 -8.41521e-015
vt 0 0
v 4.07755 1.43605 0.626914
vn -0.261661 5.84451 -5.72673e-015
vt 0 0
v 4.153 1.43888 0.63495
vn -0.122868 5.84908 -8.51612e-015
vt 0 0
v 4.07755 1.43605 0.626914
vn -0.261661 5.84451 -5.72673e-015
vt 0 0
v 4.153 1.43888 0.599144
vn -0.135092 5.84881 -8.41521e-015
vt 0 0
v 4.07755 1.43605 0.591108
vn -0.267769 5.84424 -5.43853e-015
vt 0 0
v 1.40867 1.29445 0.324924
vn -3.78895 -0.236514 4.45137
vt 0 0
v 1.4419 1.15026 0.348922
vn -3.22973 -7.63824e-018 4.87808
vt 0 0
v 1.4419 1.29621 0.348922
vn -3.22973 -7.63824e-018 4.87808
vt 0 0
v 1.4419 1.15026 0.348922
vn -3.22973 -7.63824e-018 4.87808
vt 0 0
v 1.40867 1.29445 0.324924
vn -3.78895 -0.236514 4.45137
vt 0 0
v 1.40867 1.15203 0.324924
vn -3.78951 0.236984 4.45087
vt 0 0
v 1.4419 1.29621 0.348922
vn -3.22973 -7.63824e-018 4.87808
vt 0 0
v 1.47743 1.14838 0.37053
vn -2.85126 -1.83608e-017 5.10853
vt 0 0
v 1.47743 1.2981 0.37053
vn -2.85126 -1.83608e-017 5.10853
vt 0 0
v 1.47743 1.14838 0.37053
vn -2.85126 -1.83608e-017 5.10853
vt 0 0
v 1.4419 1.29621 0.348922
vn -3.22973 -7.63824e-018 4.87808
vt 0 0
v 1.4419 1.15026 0.348922
vn -3.22973 -7.63824e-018 4.87808
vt 0 0
v 1.47743 1.2981 0.37053
vn -2.85126 -1.83608e-017 5.10853
vt 0 0
v 1.51514 1.14638 0.389871
vn -2.49181 -1.81557e-017 5.29317
vt 0 0
v 1.51514 1.3001 0.389871
vn -2.49181 -1.81557e-017 5.29317
vt 0 0
v 1.51514 1.14638 0.389871
vn -2.49181 -1.81557e-017 5.29317
vt 0 0
v 1.47743 1.2981 0.37053
vn -2.85126 -1.83608e-017 5.10853
vt 0 0
v 1.47743 1.14838 0.37053
vn -2.85126 -1.83608e-017 5.10853
vt 0 0
v 1.51514 1.3001 0.389871
vn -2.49181 -1.81557e-017 5.29317
vt 0 0
v 1.55495 1.14426 0.407082
vn -2.1571 4.30853e-018 5.43817
vt 0 0
v 1.55495 1.30221 0.407082
vn -2.1571 4.30853e-018 5.43817
vt 0 0
v 1.55495 1.14426 0.407082
vn -2.1571 4.30853e-018 5.43817
vt 0 0
v 1.51514 1.3001 0.389871
vn -2.49181 -1.81557e-017 5.29317
vt 0 0
v 1.51514 1.14638 0.389871
vn -2.49181 -1.81557e-017 5.29317
vt 0 0
v 1.55495 1.30221 0.407082
vn -2.1571 4.30853e-018 5.43817
vt 0 0
v 1.59676 1.14205 0.422299
vn -1.85023 7.78191e-018 5.55009
vt 0 0
v 1.59676 1.30443 0.422299
vn -1.85023 7.78191e-018 5.55009
vt 0 0
v 1.59676 1.14205 0.422299
vn -1.85023 7.78191e-018 5.55009
vt 0 0
v 1.55495 1.30221 0.407082
vn -2.1571 4.30853e-018 5.43817
vt 0 0
v 1.55495 1.14426 0.407082
vn -2.1571 4.30853e-018 5.43817
vt 0 0
v 1.59676 1.30443 0.422299
vn -1.85023 7.78191e-018 5.55009
vt 0 0
v 1.64053 1.13972 0.435657
vn -1.57228 -4.23097e-018 5.63513
vt 0 0
v 1.64053 1.30675 0.435657
vn -1.57228 -4.23097e-018 5.63513
vt 0 0
v 1.64053 1.13972 0.435657
vn -1.57228 -4.23097e-018 5.63513
vt 0 0
v 1.59676 1.30443 0.422299
vn -1.85023 7.78191e-018 5.55009
vt 0 0
v 1.59676 1.14205 0.422299
vn -1.85023 7.78191e-018 5.55009
vt 0 0
v 1.64053 1.30675 0.435657
vn -1.57228 -4.23097e-018 5.63513
vt 0 0
v 1.68617 1.1373 0.447286
vn -1.3229 1.54071e-019 5.69884
vt 0 0
v 1.68617 1.30917 0.447286
vn -1.3229 1.54071e-019 5.69884
vt 0 0
v 1.68617 1.1373 0.447286
vn -1.3229 1.54071e-019 5.69884
vt 0 0
v 1.64053 1.30675 0.435657
vn -1.57228 -4.23097e-018 5.63513
vt 0 0
v 1.64053 1.13972 0.435657
vn -1.57228 -4.23097e-018 5.63513
vt 0 0
v 1.68617 1.30917 0.447286
vn -1.3229 1.54071e-019 5.69884
vt 0 0
v 1.73366 1.13478 0.457313
vn -1.10087 1.44958e-017 5.74586
vt 0 0
v 1.73366 1.31169 0.457313
vn -1.10087 1.44958e-017 5.74586
vt 0 0
v 1.73366 1.13478 0.457313
vn -1.10087 1.44958e-017 5.74586
vt 0 0
v 1.68617 1.30917 0.447286
vn -1.3229 1.54071e-019 5.69884
vt 0 0
v 1.68617 1.1373 0.447286
vn -1.3229 1.54071e-019 5.69884
vt 0 0
v 1.73366 1.31169 0.457313
vn -1.10087 1.44958e-017 5.74586
vt 0 0
v 1.78293 1.13217 0.465857
vn -0.90442 4.94189e-018 5.78004
vt 0 0
v 1.78293 1.3143 0.465857
vn -0.90442 4.94189e-018 5.78004
vt 0 0
v 1.78293 1.13217 0.465857
vn -0.90442 4.94189e-018 5.78004
vt 0 0
v 1.73366 1.31169 0.457313
vn -1.10087 1.44958e-017 5.74586
vt 0 0
v 1.73366 1.13478 0.457313
vn -1.10087 1.44958e-017 5.74586
vt 0 0
v 1.78293 1.3143 0.465857
vn -0.90442 4.94189e-018 5.78004
vt 0 0
v 1.83393 1.12946 0.473034
vn -0.731603 4.28285e-019 5.80444
vt 0 0
v 1.83393 1.31701 0.473034
vn -0.731603 4.28285e-019 5.80444
vt 0 0
v 1.83393 1.12946 0.473034
vn -0.731603 4.28285e-019 5.80444
vt 0 0
v 1.78293 1.3143 0.465857
vn -0.90442 4.94189e-018 5.78004
vt 0 0
v 1.78293 1.13217 0.465857
vn -0.90442 4.94189e-018 5.78004
vt 0 0
v 1.83393 1.31701 0.473034
vn -0.731603 4.28285e-019 5.80444
vt 0 0
v 1.88663 1.12667 0.478955
vn -0.580413 2.583e-018 5.8215
vt 0 0
v 1.88663 1.31981 0.478955
vn -0.580413 2.583e-018 5.8215
vt 0 0
v 1.88663 1.12667 0.478955
vn -0.580413 2.583e-018 5.8215
vt 0 0
v 1.83393 1.31701 0.473034
vn -0.731603 4.28285e-019 5.80444
vt 0 0
v 1.83393 1.12946 0.473034
vn -0.731603 4.28285e-019 5.80444
vt 0 0
v 1.88663 1.31981 0.478955
vn -0.580413 2.583e-018 5.8215
vt 0 0
v 1.94097 1.12378 0.48373
vn -0.448923 1.48651e-018 5.83312
vt 0 0
v 1.94097 1.32269 0.48373
vn -0.448923 1.48651e-018 5.83312
vt 0 0
v 1.94097 1.12378 0.48373
vn -0.448923 1.48651e-018 5.83312
vt 0 0
v 1.88663 1.31981 0.478955
vn -0.580413 2.583e-018 5.8215
vt 0 0
v 1.88663 1.12667 0.478955
vn -0.580413 2.583e-018 5.8215
vt 0 0
v 1.94097 1.32269 0.48373
vn -0.448923 1.48651e-018 5.83312
vt 0 0
v 1.99689 1.12082 0.487465
vn -0.335341 -4.9434e-019 5.84075
vt 0 0
v 1.99689 1.32566 0.487465
vn -0.335341 -4.9434e-019 5.84075
vt 0 0
v 1.99689 1.12082 0.487465
vn -0.335341 -4.9434e-019 5.84075
vt 0 0
v 1.94097 1.32269 0.48373
vn -0.448923 1.48651e-018 5.83312
vt 0 0
v 1.94097 1.12378 0.48373
vn -0.448923 1.48651e-018 5.83312
vt 0 0
v 1.99689 1.32566 0.487465
vn -0.335341 -4.9434e-019 5.84075
vt 0 0
v 2.05437 1.11777 0.490262
vn -0.238042 2.17889e-019 5.84552
vt 0 0
v 2.05437 1.32871 0.490262
vn -0.238042 2.17889e-019 5.84552
vt 0 0
v 2.05437 1.11777 0.490262
vn -0.238042 2.17889e-019 5.84552
vt 0 0
v 1.99689 1.32566 0.487465
vn -0.335341 -4.9434e-019 5.84075
vt 0 0
v 1.99689 1.12082 0.487465
vn -0.335341 -4.9434e-019 5.84075
vt 0 0
v 2.05437 1.32871 0.490262
vn -0.238042 2.17889e-019 5.84552
vt 0 0
v 2.11333 1.11464 0.492225
vn -0.155573 1.93558e-018 5.8483
vt 0 0
v 2.11333 1.33183 0.492225
vn -0.155573 1.93558e-018 5.8483
vt 0 0
v 2.11333 1.11464 0.492225
vn -0.155573 1.93558e-018 5.8483
vt 0 0
v 2.05437 1.32871 0.490262
vn -0.238042 2.17889e-019 5.84552
vt 0 0
v 2.05437 1.11777 0.490262
vn -0.238042 2.17889e-019 5.84552
vt 0 0
v 2.11333 1.33183 0.492225
vn -0.155573 1.93558e-018 5.8483
vt 0 0
v 2.17373 1.11144 0.493454
vn -0.0866519 5.1188e-019 5.84973
vt 0 0
v 2.17373 1.33504 0.493454
vn -0.0866519 5.1188e-019 5.84973
vt 0 0
v 2.17373 1.11144 0.493454
vn -0.0866519 5.1188e-019 5.84973
vt 0 0
v 2.11333 1.33183 0.492225
vn -0.155573 1.93558e-018 5.8483
vt 0 0
v 2.11333 1.11464 0.492225
vn -0.155573 1.93558e-018 5.8483
vt 0 0
v 2.17373 1.33504 0.493454
vn -0.0866519 5.1188e-019 5.84973
vt 0 0
v 2.23455 1.10821 0.494041
vn -0.194877 -1.17456e-017 5.84712
vt 0 0
v 2.23455 1.33826 0.494041
vn -0.194877 -1.17456e-017 5.84712
vt 0 0
v 2.23455 1.10821 0.494041
vn -0.194877 -1.17456e-017 5.84712
vt 0 0
v 2.17373 1.33504 0.493454
vn -0.0866519 5.1188e-019 5.84973
vt 0 0
v 2.17373 1.11144 0.493454
vn -0.0866519 5.1188e-019 5.84973
vt 0 0
v 2.23455 1.33826 0.494041
vn -0.194877 -1.17456e-017 5.84712
vt 0 0
v 2.53522 1.09226 0.51073
vn -0.336872 -6.47147e-018 5.84066
vt 0 0
v 2.53522 1.35422 0.51073
vn -0.336872 -6.47147e-018 5.84066
vt 0 0
v 2.53522 1.09226 0.51073
vn -0.336872 -6.47147e-018 5.84066
vt 0 0
v 2.23455 1.33826 0.494041
vn -0.194877 -1.17456e-017 5.84712
vt 0 0
v 2.23455 1.10821 0.494041
vn -0.194877 -1.17456e-017 5.84712
vt 0 0
v 2.53522 1.35422 0.51073
vn -0.336872 -6.47147e-018 5.84066
vt 0 0
v 2.81247 1.07755 0.527283
vn -0.36268 2.28137e-018 5.83911
vt 0 0
v 2.81247 1.36893 0.527283
vn -0.36268 2.28137e-018 5.83911
vt 0 0
v 2.81247 1.07755 0.527283
vn -0.36268 2.28137e-018 5.83911
vt 0 0
v 2.53522 1.35422 0.51073
vn -0.336872 -6.47147e-018 5.84066
vt 0 0
v 2.53522 1.09226 0.51073
vn -0.336872 -6.47147e-018 5.84066
vt 0 0
v 2.81247 1.36893 0.527283
vn -0.36268 2.28137e-018 5.83911
vt 0 0
v 3.06667 1.06406 0.543645
vn -0.391326 -7.08274e-018 5.83726
vt 0 0
v 3.06667 1.38241 0.543645
vn -0.391326 -7.08274e-018 5.83726
vt 0 0
v 3.06667 1.06406 0.543645
vn -0.391326 -7.08274e-018 5.83726
vt 0 0
v 2.81247 1.36893 0.527283
vn -0.36268 2.28137e-018 5.83911
vt 0 0
v 2.81247 1.07755 0.527283
vn -0.36268 2.28137e-018 5.83911
vt 0 0
v 3.06667 1.38241 0.543645
vn -0.391326 -7.08274e-018 5.83726
vt 0 0
v 3.29899 1.05173 0.559801
vn -0.423221 -5.36243e-018 5.83504
vt 0 0
v 3.29899 1.39474 0.559801
vn -0.423221 -5.36243e-018 5.83504
vt 0 0
v 3.29899 1.05173 0.559801
vn -0.423221 -5.36243e-018 5.83504
vt 0 0
v 3.06667 1.38241 0.543645
vn -0.391326 -7.08274e-018 5.83726
vt 0 0
v 3.06667 1.06406 0.543645
vn -0.391326 -7.08274e-018 5.83726
vt 0 0
v 3.29899 1.39474 0.559801
vn -0.423221 -5.36243e-018 5.83504
vt 0 0
v 3.51058 1.04051 0.575739
vn -0.45884 -9.66019e-018 5.83235
vt 0 0
v 3.51058 1.40596 0.575739
vn -0.45884 -9.66019e-018 5.83235
vt 0 0
v 3.51058 1.04051 0.575739
vn -0.45884 -9.66019e-018 5.83235
vt 0 0
v 3.29899 1.39474 0.559801
vn -0.423221 -5.36243e-018 5.83504
vt 0 0
v 3.29899 1.05173 0.559801
vn -0.423221 -5.36243e-018 5.83504
vt 0 0
v 3.51058 1.40596 0.575739
vn -0.45884 -9.66019e-018 5.83235
vt 0 0
v 3.70258 1.03032 0.591444
vn -0.498733 -2.24138e-018 5.82907
vt 0 0
v 3.70258 1.41615 0.591444
vn -0.498733 -2.24138e-018 5.82907
vt 0 0
v 3.70258 1.03032 0.591444
vn -0.498733 -2.24138e-018 5.82907
vt 0 0
v 3.51058 1.40596 0.575739
vn -0.45884 -9.66019e-018 5.83235
vt 0 0
v 3.51058 1.04051 0.575739
vn -0.45884 -9.66019e-018 5.83235
vt 0 0
v 3.70258 1.41615 0.591444
vn -0.498733 -2.24138e-018 5.82907
vt 0 0
v 3.87613 1.02111 0.606904
vn -0.543526 3.55076e-019 5.82506
vt 0 0
v 3.87613 1.42536 0.606904
vn -0.543526 3.55076e-019 5.82506
vt 0 0
v 3.87613 1.02111 0.606904
vn -0.543526 3.55076e-019 5.82506
vt 0 0
v 3.70258 1.41615 0.591444
vn -0.498733 -2.24138e-018 5.82907
vt 0 0
v 3.70258 1.03032 0.591444
vn -0.498733 -2.24138e-018 5.82907
vt 0 0
v 3.87613 1.42536 0.606904
vn -0.543526 3.55076e-019 5.82506
vt 0 0
v 4.0324 1.01282 0.622104
vn -0.593926 -5.54386e-018 5.82014
vt 0 0
v 4.0324 1.43365 0.622104
vn -0.593926 -5.54386e-018 5.82014
vt 0 0
v 4.0324 1.01282 0.622104
vn -0.593926 -5.54386e-018 5.82014
vt 0 0
v 3.87613 1.42536 0.606904
vn -0.543526 3.55076e-019 5.82506
vt 0 0
v 3.87613 1.02111 0.606904
vn -0.543526 3.55076e-019 5.82506
vt 0 0
v 4.153 1.43888 0.63495
vn -0.619666 -2.56304e-019 5.81746
vt 0 0
v 4.17252 1.00747 0.637029
vn -0.649828 -3.29433e-018 5.81417
vt 0 0
v 4.17252 1.43901 0.637029
vn -0.649828 -3.29433e-018 5.81417
vt 0 0
v 4.153 1.43888 0.63495
vn -0.619666 -2.56304e-019 5.81746
vt 0 0
v 4.153 1.0076 0.63495
vn -0.619666 -2.56304e-019 5.81746
vt 0 0
v 4.17252 1.00747 0.637029
vn -0.649828 -3.29433e-018 5.81417
vt 0 0
v 4.07755 1.43605 0.626914
vn -0.619666 -2.56304e-019 5.81746
vt 0 0
v 4.153 1.0076 0.63495
vn -0.619666 -2.56304e-019 5.81746
vt 0 0
v 4.153 1.43888 0.63495
vn -0.619666 -2.56304e-019 5.81746
vt 0 0
v 4.07755 1.43605 0.626914
vn -0.619666 -2.56304e-019 5.81746
vt 0 0
v 4.07755 1.01043 0.626914
vn -0.619666 -2.56304e-019 5.81746
vt 0 0
v 4.153 1.0076 0.63495
vn -0.619666 -2.56304e-019 5.81746
vt 0 0
v 4.0324 1.43365 0.622104
vn -0.593926 -5.54386e-018 5.82014
vt 0 0
v 4.07755 1.01043 0.626914
vn -0.619666 -2.56304e-019 5.81746
vt 0 0
v 4.07755 1.43605 0.626914
vn -0.619666 -2.56304e-019 5.81746
vt 0 0
v 4.07755 1.01043 0.626914
vn -0.619666 -2.56304e-019 5.81746
vt 0 0
v 4.0324 1.43365 0.622104
vn -0.593926 -5.54386e-018 5.82014
vt 0 0
v 4.0324 1.01282 0.622104
vn -0.593926 -5.54386e-018 5.82014
vt 0 0
v 4.07755 1.01043 0.626914
vn -0.261661 -5.84451 -2.76375e-015
vt 0 0
v 4.153 1.0076 0.599144
vn -0.135092 -5.84881 -8.41521e-015
vt 0 0
v 4.153 1.0076 0.63495
vn -0.122868 -5.84908 -8.51612e-015
vt 0 0
v 4.153 1.0076 0.599144
vn -0.135092 -5.84881 -8.41521e-015
vt 0 0
v 4.07755 1.01043 0.626914
vn -0.261661 -5.84451 -2.76375e-015
vt 0 0
v 4.07755 1.01043 0.591108
vn -0.267769 -5.84424 -2.04669e-015
vt 0 0
v 4.153 1.0076 0.599144
vn 0.619666 2.18574e-019 -5.81746
vt 0 0
v 4.17647 1.43903 0.601645
vn 0.649828 -5.26167e-019 -5.81417
vt 0 0
v 4.17647 1.00744 0.601645
vn 0.649828 -5.26167e-019 -5.81417
vt 0 0
v 4.153 1.0076 0.599144
vn 0.619666 2.18574e-019 -5.81746
vt 0 0
v 4.153 1.43888 0.599144
vn 0.619666 2.18574e-019 -5.81746
vt 0 0
v 4.17647 1.43903 0.601645
vn 0.649828 -5.26167e-019 -5.81417
vt 0 0
v 4.07755 1.01043 0.591108
vn 0.619666 2.18574e-019 -5.81746
vt 0 0
v 4.153 1.43888 0.599144
vn 0.619666 2.18574e-019 -5.81746
vt 0 0
v 4.153 1.0076 0.599144
vn 0.619666 2.18574e-019 -5.81746
vt 0 0
v 4.07755 1.01043 0.591108
vn 0.619666 2.18574e-019 -5.81746
vt 0 0
v 4.07755 1.43605 0.591108
vn 0.619666 2.18574e-019 -5.81746
vt 0 0
v 4.153 1.43888 0.599144
vn 0.619666 2.18574e-019 -5.81746
vt 0 0
v 4.03601 1.01263 0.586683
vn 0.593926 5.54102e-018 -5.82014
vt 0 0
v 4.07755 1.43605 0.591108
vn 0.619666 2.18574e-019 -5.81746
vt 0 0
v 4.07755 1.01043 0.591108
vn 0.619666 2.18574e-019 -5.81746
vt 0 0
v 4.07755 1.43605 0.591108
vn 0.619666 2.18574e-019 -5.81746
vt 0 0
v 4.03601 1.01263 0.586683
vn 0.593926 5.54102e-018 -5.82014
vt 0 0
v 4.03601 1.43384 0.586683
vn 0.593926 5.54102e-018 -5.82014
vt 0 0
v 3.87944 1.02094 0.571453
vn 0.543526 6.98573e-018 -5.82506
vt 0 0
v 4.03601 1.43384 0.586683
vn 0.593926 5.54102e-018 -5.82014
vt 0 0
v 4.03601 1.01263 0.586683
vn 0.593926 5.54102e-018 -5.82014
vt 0 0
v 4.03601 1.43384 0.586683
vn 0.593926 5.54102e-018 -5.82014
vt 0 0
v 3.87944 1.02094 0.571453
vn 0.543526 6.98573e-018 -5.82506
vt 0 0
v 3.87944 1.42553 0.571453
vn 0.543526 6.98573e-018 -5.82506
vt 0 0
v 3.70561 1.03016 0.555969
vn 0.498733 -4.94667e-020 -5.82907
vt 0 0
v 3.87944 1.42553 0.571453
vn 0.543526 6.98573e-018 -5.82506
vt 0 0
v 3.87944 1.02094 0.571453
vn 0.543526 6.98573e-018 -5.82506
vt 0 0
v 3.87944 1.42553 0.571453
vn 0.543526 6.98573e-018 -5.82506
vt 0 0
v 3.70561 1.03016 0.555969
vn 0.498733 -4.94667e-020 -5.82907
vt 0 0
v 3.70561 1.41631 0.555969
vn 0.498733 -4.94667e-020 -5.82907
vt 0 0
v 3.51337 1.04036 0.540244
vn 0.45884 -6.3513e-018 -5.83235
vt 0 0
v 3.70561 1.41631 0.555969
vn 0.498733 -4.94667e-020 -5.82907
vt 0 0
v 3.70561 1.03016 0.555969
vn 0.498733 -4.94667e-020 -5.82907
vt 0 0
v 3.70561 1.41631 0.555969
vn 0.498733 -4.94667e-020 -5.82907
vt 0 0
v 3.51337 1.04036 0.540244
vn 0.45884 -6.3513e-018 -5.83235
vt 0 0
v 3.51337 1.40611 0.540244
vn 0.45884 -6.3513e-018 -5.83235
vt 0 0
v 3.30157 1.0516 0.52429
vn 0.423221 -9.43896e-019 -5.83504
vt 0 0
v 3.51337 1.40611 0.540244
vn 0.45884 -6.3513e-018 -5.83235
vt 0 0
v 3.51337 1.04036 0.540244
vn 0.45884 -6.3513e-018 -5.83235
vt 0 0
v 3.51337 1.40611 0.540244
vn 0.45884 -6.3513e-018 -5.83235
vt 0 0
v 3.30157 1.0516 0.52429
vn 0.423221 -9.43896e-019 -5.83504
vt 0 0
v 3.30157 1.39488 0.52429
vn 0.423221 -9.43896e-019 -5.83504
vt 0 0
v 3.06905 1.06393 0.50812
vn 0.391326 2.39668e-018 -5.83726
vt 0 0
v 3.30157 1.39488 0.52429
vn 0.423221 -9.43896e-019 -5.83504
vt 0 0
v 3.30157 1.0516 0.52429
vn 0.423221 -9.43896e-019 -5.83504
vt 0 0
v 3.30157 1.39488 0.52429
vn 0.423221 -9.43896e-019 -5.83504
vt 0 0
v 3.06905 1.06393 0.50812
vn 0.391326 2.39668e-018 -5.83726
vt 0 0
v 3.06905 1.38254 0.50812
vn 0.391326 2.39668e-018 -5.83726
vt 0 0
v 2.81467 1.07743 0.491747
vn 0.36268 -6.02742e-019 -5.83911
vt 0 0
v 3.06905 1.38254 0.50812
vn 0.391326 2.39668e-018 -5.83726
vt 0 0
v 3.06905 1.06393 0.50812
vn 0.391326 2.39668e-018 -5.83726
vt 0 0
v 3.06905 1.38254 0.50812
vn 0.391326 2.39668e-018 -5.83726
vt 0 0
v 2.81467 1.07743 0.491747
vn 0.36268 -6.02742e-019 -5.83911
vt 0 0
v 2.81467 1.36904 0.491747
vn 0.36268 -6.02742e-019 -5.83911
vt 0 0
v 2.53727 1.09215 0.475185
vn 0.336872 3.142e-018 -5.84066
vt 0 0
v 2.81467 1.36904 0.491747
vn 0.36268 -6.02742e-019 -5.83911
vt 0 0
v 2.81467 1.07743 0.491747
vn 0.36268 -6.02742e-019 -5.83911
vt 0 0
v 2.81467 1.36904 0.491747
vn 0.36268 -6.02742e-019 -5.83911
vt 0 0
v 2.53727 1.09215 0.475185
vn 0.336872 3.142e-018 -5.84066
vt 0 0
v 2.53727 1.35433 0.475185
vn 0.336872 3.142e-018 -5.84066
vt 0 0
v 2.2357 1.10815 0.458446
vn 0.194877 1.12104e-018 -5.84712
vt 0 0
v 2.53727 1.35433 0.475185
vn 0.336872 3.142e-018 -5.84066
vt 0 0
v 2.53727 1.09215 0.475185
vn 0.336872 3.142e-018 -5.84066
vt 0 0
v 2.53727 1.35433 0.475185
vn 0.336872 3.142e-018 -5.84066
vt 0 0
v 2.2357 1.10815 0.458446
vn 0.194877 1.12104e-018 -5.84712
vt 0 0
v 2.2357 1.33833 0.458446
vn 0.194877 1.12104e-018 -5.84712
vt 0 0
v 2.17426 1.11141 0.457854
vn 0.0866519 5.20681e-019 -5.84973
vt 0 0
v 2.2357 1.33833 0.458446
vn 0.194877 1.12104e-018 -5.84712
vt 0 0
v 2.2357 1.10815 0.458446
vn 0.194877 1.12104e-018 -5.84712
vt 0 0
v 2.2357 1.33833 0.458446
vn 0.194877 1.12104e-018 -5.84712
vt 0 0
v 2.17426 1.11141 0.457854
vn 0.0866519 5.20681e-019 -5.84973
vt 0 0
v 2.17426 1.33507 0.457854
vn 0.0866519 5.20681e-019 -5.84973
vt 0 0
v 2.11428 1.11459 0.456633
vn 0.155573 3.90969e-019 -5.8483
vt 0 0
v 2.17426 1.33507 0.457854
vn 0.0866519 5.20681e-019 -5.84973
vt 0 0
v 2.17426 1.11141 0.457854
vn 0.0866519 5.20681e-019 -5.84973
vt 0 0
v 2.17426 1.33507 0.457854
vn 0.0866519 5.20681e-019 -5.84973
vt 0 0
v 2.11428 1.11459 0.456633
vn 0.155573 3.90969e-019 -5.8483
vt 0 0
v 2.11428 1.33188 0.456633
vn 0.155573 3.90969e-019 -5.8483
vt 0 0
v 2.05582 1.11769 0.454687
vn 0.238042 -1.26586e-018 -5.84552
vt 0 0
v 2.11428 1.33188 0.456633
vn 0.155573 3.90969e-019 -5.8483
vt 0 0
v 2.11428 1.11459 0.456633
vn 0.155573 3.90969e-019 -5.8483
vt 0 0
v 2.11428 1.33188 0.456633
vn 0.155573 3.90969e-019 -5.8483
vt 0 0
v 2.05582 1.11769 0.454687
vn 0.238042 -1.26586e-018 -5.84552
vt 0 0
v 2.05582 1.32878 0.454687
vn 0.238042 -1.26586e-018 -5.84552
vt 0 0
v 1.99895 1.12071 0.451918
vn 0.335341 -2.95351e-018 -5.84075
vt 0 0
v 2.05582 1.32878 0.454687
vn 0.238042 -1.26586e-018 -5.84552
vt 0 0
v 2.05582 1.11769 0.454687
vn 0.238042 -1.26586e-018 -5.84552
vt 0 0
v 2.05582 1.32878 0.454687
vn 0.238042 -1.26586e-018 -5.84552
vt 0 0
v 1.99895 1.12071 0.451918
vn 0.335341 -2.95351e-018 -5.84075
vt 0 0
v 1.99895 1.32577 0.451918
vn 0.335341 -2.95351e-018 -5.84075
vt 0 0
v 1.94371 1.12364 0.44823
vn 0.448923 -3.86115e-018 -5.83312
vt 0 0
v 1.99895 1.32577 0.451918
vn 0.335341 -2.95351e-018 -5.84075
vt 0 0
v 1.99895 1.12071 0.451918
vn 0.335341 -2.95351e-018 -5.84075
vt 0 0
v 1.99895 1.32577 0.451918
vn 0.335341 -2.95351e-018 -5.84075
vt 0 0
v 1.94371 1.12364 0.44823
vn 0.448923 -3.86115e-018 -5.83312
vt 0 0
v 1.94371 1.32283 0.44823
vn 0.448923 -3.86115e-018 -5.83312
vt 0 0
v 1.89018 1.12648 0.443526
vn 0.580413 -1.9072e-018 -5.8215
vt 0 0
v 1.94371 1.32283 0.44823
vn 0.448923 -3.86115e-018 -5.83312
vt 0 0
v 1.94371 1.12364 0.44823
vn 0.448923 -3.86115e-018 -5.83312
vt 0 0
v 1.94371 1.32283 0.44823
vn 0.448923 -3.86115e-018 -5.83312
vt 0 0
v 1.89018 1.12648 0.443526
vn 0.580413 -1.9072e-018 -5.8215
vt 0 0
v 1.89018 1.31999 0.443526
vn 0.580413 -1.9072e-018 -5.8215
vt 0 0
v 1.8384 1.12923 0.437708
vn 0.731603 -4.84664e-018 -5.80444
vt 0 0
v 1.89018 1.31999 0.443526
vn 0.580413 -1.9072e-018 -5.8215
vt 0 0
v 1.89018 1.12648 0.443526
vn 0.580413 -1.9072e-018 -5.8215
vt 0 0
v 1.89018 1.31999 0.443526
vn 0.580413 -1.9072e-018 -5.8215
vt 0 0
v 1.8384 1.12923 0.437708
vn 0.731603 -4.84664e-018 -5.80444
vt 0 0
v 1.8384 1.31725 0.437708
vn 0.731603 -4.84664e-018 -5.80444
vt 0 0
v 1.78845 1.13188 0.430679
vn 0.90442 -9.76589e-018 -5.78004
vt 0 0
v 1.8384 1.31725 0.437708
vn 0.731603 -4.84664e-018 -5.80444
vt 0 0
v 1.8384 1.12923 0.437708
vn 0.731603 -4.84664e-018 -5.80444
vt 0 0
v 1.8384 1.31725 0.437708
vn 0.731603 -4.84664e-018 -5.80444
vt 0 0
v 1.78845 1.13188 0.430679
vn 0.90442 -9.76589e-018 -5.78004
vt 0 0
v 1.78845 1.3146 0.430679
vn 0.90442 -9.76589e-018 -5.78004
vt 0 0
v 1.74038 1.13443 0.422343
vn 1.10087 -1.52249e-017 -5.74586
vt 0 0
v 1.78845 1.3146 0.430679
vn 0.90442 -9.76589e-018 -5.78004
vt 0 0
v 1.78845 1.13188 0.430679
vn 0.90442 -9.76589e-018 -5.78004
vt 0 0
v 1.78845 1.3146 0.430679
vn 0.90442 -9.76589e-018 -5.78004
vt 0 0
v 1.74038 1.13443 0.422343
vn 1.10087 -1.52249e-017 -5.74586
vt 0 0
v 1.74038 1.31205 0.422343
vn 1.10087 -1.52249e-017 -5.74586
vt 0 0
v 1.69425 1.13687 0.412603
vn 1.3229 -1.14673e-017 -5.69884
vt 0 0
v 1.74038 1.31205 0.422343
vn 1.10087 -1.52249e-017 -5.74586
vt 0 0
v 1.74038 1.13443 0.422343
vn 1.10087 -1.52249e-017 -5.74586
vt 0 0
v 1.74038 1.31205 0.422343
vn 1.10087 -1.52249e-017 -5.74586
vt 0 0
v 1.69425 1.13687 0.412603
vn 1.3229 -1.14673e-017 -5.69884
vt 0 0
v 1.69425 1.3096 0.412603
vn 1.3229 -1.14673e-017 -5.69884
vt 0 0
v 1.65012 1.13922 0.401361
vn 1.57228 -1.12947e-018 -5.63513
vt 0 0
v 1.69425 1.3096 0.412603
vn 1.3229 -1.14673e-017 -5.69884
vt 0 0
v 1.69425 1.13687 0.412603
vn 1.3229 -1.14673e-017 -5.69884
vt 0 0
v 1.69425 1.3096 0.412603
vn 1.3229 -1.14673e-017 -5.69884
vt 0 0
v 1.65012 1.13922 0.401361
vn 1.57228 -1.12947e-018 -5.63513
vt 0 0
v 1.65012 1.30726 0.401361
vn 1.57228 -1.12947e-018 -5.63513
vt 0 0
v 1.60806 1.14145 0.38852
vn 1.85023 -1.41902e-017 -5.55009
vt 0 0
v 1.65012 1.30726 0.401361
vn 1.57228 -1.12947e-018 -5.63513
vt 0 0
v 1.65012 1.13922 0.401361
vn 1.57228 -1.12947e-018 -5.63513
vt 0 0
v 1.65012 1.30726 0.401361
vn 1.57228 -1.12947e-018 -5.63513
vt 0 0
v 1.60806 1.14145 0.38852
vn 1.85023 -1.41902e-017 -5.55009
vt 0 0
v 1.60806 1.30503 0.38852
vn 1.85023 -1.41902e-017 -5.55009
vt 0 0
v 1.56811 1.14357 0.373984
vn 2.1571 -1.72911e-017 -5.43817
vt 0 0
v 1.60806 1.30503 0.38852
vn 1.85023 -1.41902e-017 -5.55009
vt 0 0
v 1.60806 1.14145 0.38852
vn 1.85023 -1.41902e-017 -5.55009
vt 0 0
v 1.60806 1.30503 0.38852
vn 1.85023 -1.41902e-017 -5.55009
vt 0 0
v 1.56811 1.14357 0.373984
vn 2.1571 -1.72911e-017 -5.43817
vt 0 0
v 1.56811 1.30291 0.373984
vn 2.1571 -1.72911e-017 -5.43817
vt 0 0
v 1.53035 1.14557 0.357656
vn 2.49181 -2.90472e-018 -5.29317
vt 0 0
v 1.56811 1.30291 0.373984
vn 2.1571 -1.72911e-017 -5.43817
vt 0 0
v 1.56811 1.14357 0.373984
vn 2.1571 -1.72911e-017 -5.43817
vt 0 0
v 1.56811 1.30291 0.373984
vn 2.1571 -1.72911e-017 -5.43817
vt 0 0
v 1.53035 1.14557 0.357656
vn 2.49181 -2.90472e-018 -5.29317
vt 0 0
v 1.53035 1.3009 0.357656
vn 2.49181 -2.90472e-018 -5.29317
vt 0 0
v 1.49482 1.14745 0.339438
vn 2.85126 4.21197e-018 -5.10853
vt 0 0
v 1.53035 1.3009 0.357656
vn 2.49181 -2.90472e-018 -5.29317
vt 0 0
v 1.53035 1.14557 0.357656
vn 2.49181 -2.90472e-018 -5.29317
vt 0 0
v 1.53035 1.3009 0.357656
vn 2.49181 -2.90472e-018 -5.29317
vt 0 0
v 1.49482 1.14745 0.339438
vn 2.85126 4.21197e-018 -5.10853
vt 0 0
v 1.49482 1.29902 0.339438
vn 2.85126 4.21197e-018 -5.10853
vt 0 0
v 1.40867 1.29445 0.324924
vn -3.78895 -0.236514 4.45137
vt 0 0
v 1.36592 1.22306 0.273428
vn -3.77369 0.00238287 4.47058
vt 0 0
v 1.40867 1.15203 0.324924
vn -3.78951 0.236984 4.45087
vt 0 0
v 1.0859 1.22306 0.121976
vn -2.12881 2.59441e-016 5.44931
vt 0 0
v 1.13266 1.12162 0.149563
vn -2.32434 0.89611 5.29351
vt 0 0
v 1.15192 1.22306 0.149563
vn -2.41685 -1.06466e-015 5.32782
vt 0 0
v 1.13266 1.12162 0.149563
vn -2.32434 0.89611 5.29351
vt 0 0
v 1.0859 1.22306 0.121976
vn -2.12881 2.59441e-016 5.44931
vt 0 0
v 1.06872 1.13254 0.121976
vn -2.05 0.79145 5.42198
vt 0 0
v 1.06872 1.31358 0.121976
vn -2.05 -0.79145 5.42198
vt 0 0
v 1.01763 1.22306 0.0975835
vn -1.84242 -8.16591e-016 5.55268
vt 0 0
v 1.0859 1.22306 0.121976
vn -2.12881 2.59441e-016 5.44931
vt 0 0
v 1.01763 1.22306 0.0975835
vn -1.84242 -8.16591e-016 5.55268
vt 0 0
v 1.06872 1.31358 0.121976
vn -2.05 -0.79145 5.42198
vt 0 0
v 1.00259 1.30228 0.0975835
vn -1.77617 -0.686724 5.53177
vt 0 0
v 0.123126 1.25802 0.054928
vn -1.54399 0.294197 -5.63528
vt 0 0
v 0.0822232 1.34341 0.0765815
vn -1.69578 1.01094 -5.50719
vt 0 0
v 0.149255 1.32575 0.054928
vn -1.43657 0.857758 -5.60601
vt 0 0
v 0.0822232 1.34341 0.0765815
vn -1.69578 1.01094 -5.50719
vt 0 0
v 0.123126 1.25802 0.054928
vn -1.54399 0.294197 -5.63528
vt 0 0
v 0.0515995 1.26403 0.0765815
vn -1.82569 0.347323 -5.54734
vt 0 0
v 0.0515995 1.18208 0.0765815
vn -1.82569 -0.347323 -5.54734
vt 0 0
v -0.017915 1.26988 0.101616
vn -2.10888 0.400616 -5.44233
vt 0 0
v 0.0515995 1.26403 0.0765815
vn -1.82569 0.347323 -5.54734
vt 0 0
v -0.017915 1.26988 0.101616
vn -2.10888 0.400616 -5.44233
vt 0 0
v 0.0515995 1.18208 0.0765815
vn -1.82569 -0.347323 -5.54734
vt 0 0
v -0.017915 1.17624 0.101616
vn -2.10888 -0.400616 -5.44233
vt 0 0
v 0.149255 1.32575 0.054928
vn -1.43657 0.857758 -5.60601
vt 0 0
v 0.141546 1.41522 0.0765815
vn -1.45411 1.59039 -5.43902
vt 0 0
v 0.199872 1.38702 0.054928
vn -1.23548 1.35338 -5.55596
vt 0 0
v 0.141546 1.41522 0.0765815
vn -1.45411 1.59039 -5.43902
vt 0 0
v 0.149255 1.32575 0.054928
vn -1.43657 0.857758 -5.60601
vt 0 0
v 0.0822232 1.34341 0.0765815
vn -1.69578 1.01094 -5.50719
vt 0 0
v 0.141546 1.41522 0.0765815
vn -1.45411 1.59039 -5.43902
vt 0 0
v 0.181179 1.51089 0.101616
vn -1.28969 2.34308 -5.20322
vt 0 0
v 0.225842 1.47496 0.0765815
vn -1.1274 2.0511 -5.36179
vt 0 0
v 0.181179 1.51089 0.101616
vn -1.28969 2.34308 -5.20322
vt 0 0
v 0.141546 1.41522 0.0765815
vn -1.45411 1.59039 -5.43902
vt 0 0
v 0.084861 1.44263 0.101616
vn -1.67013 1.82407 -5.30191
vt 0 0
v 1.0761 1.41957 0.149563
vn -2.0639 -1.70349 5.20243
vt 0 0
v 1.06872 1.31358 0.121976
vn -2.05 -0.79145 5.42198
vt 0 0
v 1.13266 1.3245 0.149563
vn -2.32434 -0.89611 5.29351
vt 0 0
v 1.06872 1.31358 0.121976
vn -2.05 -0.79145 5.42198
vt 0 0
v 1.0761 1.41957 0.149563
vn -2.0639 -1.70349 5.20243
vt 0 0
v 1.01825 1.39841 0.121976
vn -1.82662 -1.50971 5.34893
vt 0 0
v 0.98579 1.50229 0.149563
vn -1.67561 -2.36201 5.08331
vt 0 0
v 1.01825 1.39841 0.121976
vn -1.82662 -1.50971 5.34893
vt 0 0
v 1.0761 1.41957 0.149563
vn -2.0639 -1.70349 5.20243
vt 0 0
v 1.01825 1.39841 0.121976
vn -1.82662 -1.50971 5.34893
vt 0 0
v 0.98579 1.50229 0.149563
vn -1.67561 -2.36201 5.08331
vt 0 0
v 0.937669 1.47222 0.121976
vn -1.48969 -2.10271 5.25226
vt 0 0
v 0.867406 1.56747 0.149563
vn -1.20302 -2.84519 4.96834
vt 0 0
v 0.937669 1.47222 0.121976
vn -1.48969 -2.10271 5.25226
vt 0 0
v 0.98579 1.50229 0.149563
vn -1.67561 -2.36201 5.08331
vt 0 0
v 0.937669 1.47222 0.121976
vn -1.48969 -2.10271 5.25226
vt 0 0
v 0.867406 1.56747 0.149563
vn -1.20302 -2.84519 4.96834
vt 0 0
v 0.832034 1.53038 0.121976
vn -1.07418 -2.54376 5.15773
vt 0 0
v 0.728385 1.61101 0.149563
vn -0.681765 -3.14892 4.88327
vt 0 0
v 0.832034 1.53038 0.121976
vn -1.07418 -2.54376 5.15773
vt 0 0
v 0.867406 1.56747 0.149563
vn -1.20302 -2.84519 4.96834
vt 0 0
v 0.832034 1.53038 0.121976
vn -1.07418 -2.54376 5.15773
vt 0 0
v 0.728385 1.61101 0.149563
vn -0.681765 -3.14892 4.88327
vt 0 0
v 0.707986 1.56922 0.121976
vn -0.610684 -2.82421 5.08701
vt 0 0
v 0.577464 1.63017 0.149563
vn -0.137416 -3.27763 4.84407
vt 0 0
v 0.707986 1.56922 0.121976
vn -0.610684 -2.82421 5.08701
vt 0 0
v 0.728385 1.61101 0.149563
vn -0.681765 -3.14892 4.88327
vt 0 0
v 0.707986 1.56922 0.121976
vn -0.610684 -2.82421 5.08701
vt 0 0
v 0.577464 1.63017 0.149563
vn -0.137416 -3.27763 4.84407
vt 0 0
v 0.573319 1.58632 0.121976
vn -0.123267 -2.94391 5.05421
vt 0 0
v 0.577464 1.63017 0.149563
vn -0.137416 -3.27763 4.84407
vt 0 0
v 0.436493 1.58059 0.121976
vn 0.368684 -2.90406 5.06531
vt 0 0
v 0.573319 1.58632 0.121976
vn -0.123267 -2.94391 5.05421
vt 0 0
v 0.436493 1.58059 0.121976
vn 0.368684 -2.90406 5.06531
vt 0 0
v 0.577464 1.63017 0.149563
vn -0.137416 -3.27763 4.84407
vt 0 0
v 0.424124 1.62375 0.149563
vn 0.411202 -3.23484 4.85732
vt 0 0
v 0.424124 1.62375 0.149563
vn 0.411202 -3.23484 4.85732
vt 0 0
v 0.306107 1.5524 0.121976
vn 0.846779 -2.70417 5.11832
vt 0 0
v 0.436493 1.58059 0.121976
vn 0.368684 -2.90406 5.06531
vt 0 0
v 0.306107 1.5524 0.121976
vn 0.846779 -2.70417 5.11832
vt 0 0
v 0.424124 1.62375 0.149563
vn 0.411202 -3.23484 4.85732
vt 0 0
v 0.278 1.59215 0.149563
vn 0.946662 -3.01927 4.92084
vt 0 0
v 0.278 1.59215 0.149563
vn 0.946662 -3.01927 4.92084
vt 0 0
v 0.190353 1.50351 0.121976
vn 1.28969 -2.34308 5.20322
vt 0 0
v 0.306107 1.5524 0.121976
vn 0.846779 -2.70417 5.11832
vt 0 0
v 0.190353 1.50351 0.121976
vn 1.28969 -2.34308 5.20322
vt 0 0
v 0.278 1.59215 0.149563
vn 0.946662 -3.01927 4.92084
vt 0 0
v 0.148275 1.53736 0.149563
vn 1.44737 -2.62613 5.02348
vt 0 0
v 0.148275 1.53736 0.149563
vn 1.44737 -2.62613 5.02348
vt 0 0
v 0.0965045 1.437 0.121976
vn 1.67013 -1.82407 5.30191
vt 0 0
v 0.190353 1.50351 0.121976
vn 1.28969 -2.34308 5.20322
vt 0 0
v 0.0965045 1.437 0.121976
vn 1.67013 -1.82407 5.30191
vt 0 0
v 0.148275 1.53736 0.149563
vn 1.44737 -2.62613 5.02348
vt 0 0
v 0.043099 1.46282 0.149563
vn 1.88291 -2.05371 5.14429
vt 0 0
v 0.043099 1.46282 0.149563
vn 1.88291 -2.05371 5.14429
vt 0 0
v 0.030458 1.35705 0.121976
vn 1.95468 -1.16361 5.38999
vt 0 0
v 0.0965045 1.437 0.121976
vn 1.67013 -1.82407 5.30191
vt 0 0
v 0.030458 1.35705 0.121976
vn 1.95468 -1.16361 5.38999
vt 0 0
v 0.043099 1.46282 0.149563
vn 1.88291 -2.05371 5.14429
vt 0 0
v -0.0309191 1.37322 0.149563
vn 2.21289 -1.3155 5.25351
vt 0 0
v -0.0309191 1.37322 0.149563
vn 2.21289 -1.3155 5.25351
vt 0 0
v -0.0036363 1.26868 0.121976
vn 2.10888 -0.400616 5.44233
vt 0 0
v 0.030458 1.35705 0.121976
vn 1.95468 -1.16361 5.38999
vt 0 0
v -0.0036363 1.26868 0.121976
vn 2.10888 -0.400616 5.44233
vt 0 0
v -0.0309191 1.37322 0.149563
vn 2.21289 -1.3155 5.25351
vt 0 0
v -0.0691286 1.27418 0.149563
vn 2.39342 -0.454028 5.31904
vt 0 0
v -0.0691286 1.27418 0.149563
vn 2.39342 -0.454028 5.31904
vt 0 0
v -0.0036363 1.17744 0.121976
vn 2.10888 0.400616 5.44233
vt 0 0
v -0.0036363 1.26868 0.121976
vn 2.10888 -0.400616 5.44233
vt 0 0
v -0.0036363 1.17744 0.121976
vn 2.10888 0.400616 5.44233
vt 0 0
v -0.0691286 1.27418 0.149563
vn 2.39342 -0.454028 5.31904
vt 0 0
v -0.0691286 1.17194 0.149563
vn 2.39342 0.454028 5.31904
vt 0 0
v -0.0036363 1.17744 0.121976
vn 2.10888 0.400616 5.44233
vt 0 0
v -0.0309191 1.0729 0.149563
vn 2.21289 1.3155 5.25351
vt 0 0
v 0.030458 1.08907 0.121976
vn 1.95468 1.16361 5.38999
vt 0 0
v -0.0309191 1.0729 0.149563
vn 2.21289 1.3155 5.25351
vt 0 0
v -0.0036363 1.17744 0.121976
vn 2.10888 0.400616 5.44233
vt 0 0
v -0.0691286 1.17194 0.149563
vn 2.39342 0.454028 5.31904
vt 0 0
v 0.030458 1.08907 0.121976
vn 1.95468 1.16361 5.38999
vt 0 0
v 0.043099 0.983296 0.149563
vn 1.88291 2.05371 5.14429
vt 0 0
v 0.0965045 1.00912 0.121976
vn 1.67013 1.82407 5.30191
vt 0 0
v 0.043099 0.983296 0.149563
vn 1.88291 2.05371 5.14429
vt 0 0
v 0.030458 1.08907 0.121976
vn 1.95468 1.16361 5.38999
vt 0 0
v -0.0309191 1.0729 0.149563
vn 2.21289 1.3155 5.25351
vt 0 0
v 0.0965045 1.00912 0.121976
vn 1.67013 1.82407 5.30191
vt 0 0
v 0.148275 0.908759 0.149563
vn 1.44737 2.62613 5.02348
vt 0 0
v 0.190353 0.942609 0.121976
vn 1.28969 2.34308 5.20322
vt 0 0
v 0.148275 0.908759 0.149563
vn 1.44737 2.62613 5.02348
vt 0 0
v 0.0965045 1.00912 0.121976
vn 1.67013 1.82407 5.30191
vt 0 0
v 0.043099 0.983296 0.149563
vn 1.88291 2.05371 5.14429
vt 0 0
v 0.190353 0.942609 0.121976
vn 1.28969 2.34308 5.20322
vt 0 0
v 0.278 0.853971 0.149563
vn 0.946662 3.01927 4.92084
vt 0 0
v 0.306107 0.893722 0.121976
vn 0.846779 2.70417 5.11832
vt 0 0
v 0.278 0.853971 0.149563
vn 0.946662 3.01927 4.92084
vt 0 0
v 0.190353 0.942609 0.121976
vn 1.28969 2.34308 5.20322
vt 0 0
v 0.148275 0.908759 0.149563
vn 1.44737 2.62613 5.02348
vt 0 0
v 0.306107 0.893722 0.121976
vn 0.846779 2.70417 5.11832
vt 0 0
v 0.424124 0.822374 0.149563
vn 0.411202 3.23484 4.85732
vt 0 0
v 0.436493 0.865528 0.121976
vn 0.368684 2.90406 5.06531
vt 0 0
v 0.424124 0.822374 0.149563
vn 0.411202 3.23484 4.85732
vt 0 0
v 0.306107 0.893722 0.121976
vn 0.846779 2.70417 5.11832
vt 0 0
v 0.278 0.853971 0.149563
vn 0.946662 3.01927 4.92084
vt 0 0
v 0.436493 0.865528 0.121976
vn 0.368684 2.90406 5.06531
vt 0 0
v 0.577464 0.815954 0.149563
vn -0.137416 3.27763 4.84407
vt 0 0
v 0.573319 0.859799 0.121976
vn -0.123267 2.94391 5.05421
vt 0 0
v 0.577464 0.815954 0.149563
vn -0.137416 3.27763 4.84407
vt 0 0
v 0.436493 0.865528 0.121976
vn 0.368684 2.90406 5.06531
vt 0 0
v 0.424124 0.822374 0.149563
vn 0.411202 3.23484 4.85732
vt 0 0
v 0.707986 0.876895 0.121976
vn -0.610684 2.82421 5.08701
vt 0 0
v 0.577464 0.815954 0.149563
vn -0.137416 3.27763 4.84407
vt 0 0
v 0.728385 0.835114 0.149563
vn -0.681765 3.14892 4.88327
vt 0 0
v 0.577464 0.815954 0.149563
vn -0.137416 3.27763 4.84407
vt 0 0
v 0.707986 0.876895 0.121976
vn -0.610684 2.82421 5.08701
vt 0 0
v 0.573319 0.859799 0.121976
vn -0.123267 2.94391 5.05421
vt 0 0
v 0.832034 0.915742 0.121976
vn -1.07418 2.54376 5.15773
vt 0 0
v 0.728385 0.835114 0.149563
vn -0.681765 3.14892 4.88327
vt 0 0
v 0.867406 0.878649 0.149563
vn -1.20302 2.84519 4.96834
vt 0 0
v 0.728385 0.835114 0.149563
vn -0.681765 3.14892 4.88327
vt 0 0
v 0.832034 0.915742 0.121976
vn -1.07418 2.54376 5.15773
vt 0 0
v 0.707986 0.876895 0.121976
vn -0.610684 2.82421 5.08701
vt 0 0
v 0.937669 0.973899 0.121976
vn -1.48969 2.10271 5.25226
vt 0 0
v 0.867406 0.878649 0.149563
vn -1.20302 2.84519 4.96834
vt 0 0
v 0.98579 0.943826 0.149563
vn -1.67561 2.36201 5.08331
vt 0 0
v 0.867406 0.878649 0.149563
vn -1.20302 2.84519 4.96834
vt 0 0
v 0.937669 0.973899 0.121976
vn -1.48969 2.10271 5.25226
vt 0 0
v 0.832034 0.915742 0.121976
vn -1.07418 2.54376 5.15773
vt 0 0
v 1.01825 1.04771 0.121976
vn -1.82662 1.50971 5.34893
vt 0 0
v 0.98579 0.943826 0.149563
vn -1.67561 2.36201 5.08331
vt 0 0
v 1.0761 1.02655 0.149563
vn -2.0639 1.70349 5.20243
vt 0 0
v 0.98579 0.943826 0.149563
vn -1.67561 2.36201 5.08331
vt 0 0
v 1.01825 1.04771 0.121976
vn -1.82662 1.50971 5.34893
vt 0 0
v 0.937669 0.973899 0.121976
vn -1.48969 2.10271 5.25226
vt 0 0
v 1.06872 1.13254 0.121976
vn -2.05 0.79145 5.42198
vt 0 0
v 1.0761 1.02655 0.149563
vn -2.0639 1.70349 5.20243
vt 0 0
v 1.13266 1.12162 0.149563
vn -2.32434 0.89611 5.29351
vt 0 0
v 1.0761 1.02655 0.149563
vn -2.0639 1.70349 5.20243
vt 0 0
v 1.06872 1.13254 0.121976
vn -2.05 0.79145 5.42198
vt 0 0
v 1.01825 1.04771 0.121976
vn -1.82662 1.50971 5.34893
vt 0 0
v 1.40867 1.15203 0.324924
vn -3.78951 0.236984 4.45087
vt 0 0
v 1.37787 1.15366 0.298424
vn -3.80578 0.473491 4.41799
vt 0 0
v 1.39327 1.15284 0.311674
vn -3.74573 0.876548 4.40771
vt 0 0
v 1.37787 1.15366 0.298424
vn -3.80578 0.473491 4.41799
vt 0 0
v 1.40867 1.15203 0.324924
vn -3.78951 0.236984 4.45087
vt 0 0
v 1.36592 1.22306 0.273428
vn -3.77369 0.00238287 4.47058
vt 0 0
v 1.14828 1.11895 0.129929
vn 2.32434 -0.89611 -5.29351
vt 0 0
v 1.10029 1.22306 0.101616
vn 2.12881 -2.59441e-017 -5.44931
vt 0 0
v 1.16804 1.22306 0.129929
vn 2.41685 1.05168e-015 -5.32782
vt 0 0
v 1.10029 1.22306 0.101616
vn 2.12881 -2.59441e-017 -5.44931
vt 0 0
v 1.14828 1.11895 0.129929
vn 2.32434 -0.89611 -5.29351
vt 0 0
v 1.08266 1.13016 0.101616
vn 2.05 -0.79145 -5.42198
vt 0 0
v 1.39327 1.15284 0.311674
vn -0.297623 -5.60971 1.63383
vt 0 0
v 1.36689 1.14556 0.289051
vn -0.235705 -4.6535 3.53782
vt 0 0
v 1.45113 1.14977 0.311674
vn -0.312346 -5.82561 0.437544
vt 0 0
v 1.09023 1.02138 0.129929
vn 2.0639 -1.70349 -5.20243
vt 0 0
v 1.08266 1.13016 0.101616
vn 2.05 -0.79145 -5.42198
vt 0 0
v 1.14828 1.11895 0.129929
vn 2.32434 -0.89611 -5.29351
vt 0 0
v 1.08266 1.13016 0.101616
vn 2.05 -0.79145 -5.42198
vt 0 0
v 1.09023 1.02138 0.129929
vn 2.0639 -1.70349 -5.20243
vt 0 0
v 1.03086 1.0431 0.101616
vn 1.82662 -1.50971 -5.34893
vt 0 0
v 0.997548 0.936478 0.129929
vn 1.67561 -2.36201 -5.08331
vt 0 0
v 1.03086 1.0431 0.101616
vn 1.82662 -1.50971 -5.34893
vt 0 0
v 1.09023 1.02138 0.129929
vn 2.0639 -1.70349 -5.20243
vt 0 0
v 1.03086 1.0431 0.101616
vn 1.82662 -1.50971 -5.34893
vt 0 0
v 0.997548 0.936478 0.129929
vn 1.67561 -2.36201 -5.08331
vt 0 0
v 0.94816 0.967342 0.101616
vn 1.48969 -2.10271 -5.25226
vt 0 0
v 0.876048 0.869586 0.129929
vn 1.20302 -2.84519 -4.96834
vt 0 0
v 0.94816 0.967342 0.101616
vn 1.48969 -2.10271 -5.25226
vt 0 0
v 0.997548 0.936478 0.129929
vn 1.67561 -2.36201 -5.08331
vt 0 0
v 0.94816 0.967342 0.101616
vn 1.48969 -2.10271 -5.25226
vt 0 0
v 0.876048 0.869586 0.129929
vn 1.20302 -2.84519 -4.96834
vt 0 0
v 0.839746 0.907655 0.101616
vn 1.07418 -2.54376 -5.15773
vt 0 0
v 0.73337 0.824905 0.129929
vn 0.681765 -3.14892 -4.88327
vt 0 0
v 0.839746 0.907655 0.101616
vn 1.07418 -2.54376 -5.15773
vt 0 0
v 0.876048 0.869586 0.129929
vn 1.20302 -2.84519 -4.96834
vt 0 0
v 0.839746 0.907655 0.101616
vn 1.07418 -2.54376 -5.15773
vt 0 0
v 0.73337 0.824905 0.129929
vn 0.681765 -3.14892 -4.88327
vt 0 0
v 0.712434 0.867786 0.101616
vn 0.610684 -2.82421 -5.08701
vt 0 0
v 0.578476 0.805241 0.129929
vn 0.137416 -3.27763 -4.84407
vt 0 0
v 0.712434 0.867786 0.101616
vn 0.610684 -2.82421 -5.08701
vt 0 0
v 0.73337 0.824905 0.129929
vn 0.681765 -3.14892 -4.88327
vt 0 0
v 0.712434 0.867786 0.101616
vn 0.610684 -2.82421 -5.08701
vt 0 0
v 0.578476 0.805241 0.129929
vn 0.137416 -3.27763 -4.84407
vt 0 0
v 0.574222 0.85024 0.101616
vn 0.123267 -2.94391 -5.05421
vt 0 0
v 0.578476 0.805241 0.129929
vn 0.137416 -3.27763 -4.84407
vt 0 0
v 0.433796 0.856119 0.101616
vn -0.368684 -2.90406 -5.06531
vt 0 0
v 0.574222 0.85024 0.101616
vn 0.123267 -2.94391 -5.05421
vt 0 0
v 0.433796 0.856119 0.101616
vn -0.368684 -2.90406 -5.06531
vt 0 0
v 0.578476 0.805241 0.129929
vn 0.137416 -3.27763 -4.84407
vt 0 0
v 0.421101 0.81183 0.129929
vn -0.411202 -3.23484 -4.85732
vt 0 0
v 0.421101 0.81183 0.129929
vn -0.411202 -3.23484 -4.85732
vt 0 0
v 0.299979 0.885055 0.101616
vn -0.846779 -2.70417 -5.11832
vt 0 0
v 0.433796 0.856119 0.101616
vn -0.368684 -2.90406 -5.06531
vt 0 0
v 0.299979 0.885055 0.101616
vn -0.846779 -2.70417 -5.11832
vt 0 0
v 0.421101 0.81183 0.129929
vn -0.411202 -3.23484 -4.85732
vt 0 0
v 0.271133 0.844259 0.129929
vn -0.946662 -3.01927 -4.92084
vt 0 0
v 0.271133 0.844259 0.129929
vn -0.946662 -3.01927 -4.92084
vt 0 0
v 0.181179 0.935229 0.101616
vn -1.28969 -2.34308 -5.20322
vt 0 0
v 0.299979 0.885055 0.101616
vn -0.846779 -2.70417 -5.11832
vt 0 0
v 0.181179 0.935229 0.101616
vn -1.28969 -2.34308 -5.20322
vt 0 0
v 0.271133 0.844259 0.129929
vn -0.946662 -3.01927 -4.92084
vt 0 0
v 0.137994 0.900488 0.129929
vn -1.44737 -2.62613 -5.02348
vt 0 0
v 0.137994 0.900488 0.129929
vn -1.44737 -2.62613 -5.02348
vt 0 0
v 0.084861 1.00349 0.101616
vn -1.67013 -1.82407 -5.30191
vt 0 0
v 0.181179 0.935229 0.101616
vn -1.28969 -2.34308 -5.20322
vt 0 0
v 0.084861 1.00349 0.101616
vn -1.67013 -1.82407 -5.30191
vt 0 0
v 0.137994 0.900488 0.129929
vn -1.44737 -2.62613 -5.02348
vt 0 0
v 0.0300502 0.976987 0.129929
vn -1.88291 -2.05371 -5.14429
vt 0 0
v 0.0300502 0.976987 0.129929
vn -1.88291 -2.05371 -5.14429
vt 0 0
v 0.0170765 1.08554 0.101616
vn -1.95468 -1.16361 -5.38999
vt 0 0
v 0.084861 1.00349 0.101616
vn -1.67013 -1.82407 -5.30191
vt 0 0
v 0.0170765 1.08554 0.101616
vn -1.95468 -1.16361 -5.38999
vt 0 0
v 0.0300502 0.976987 0.129929
vn -1.88291 -2.05371 -5.14429
vt 0 0
v -0.0459158 1.06895 0.129929
vn -2.21289 -1.3155 -5.25351
vt 0 0
v -0.0459158 1.06895 0.129929
vn -2.21289 -1.3155 -5.25351
vt 0 0
v -0.017915 1.17624 0.101616
vn -2.10888 -0.400616 -5.44233
vt 0 0
v 0.0170765 1.08554 0.101616
vn -1.95468 -1.16361 -5.38999
vt 0 0
v -0.017915 1.17624 0.101616
vn -2.10888 -0.400616 -5.44233
vt 0 0
v -0.0459158 1.06895 0.129929
vn -2.21289 -1.3155 -5.25351
vt 0 0
v -0.0851308 1.17059 0.129929
vn -2.39342 -0.454028 -5.31904
vt 0 0
v 0.181179 1.51089 0.101616
vn -1.28969 2.34308 -5.20322
vt 0 0
v 0.271133 1.60186 0.129929
vn -0.946662 3.01927 -4.92084
vt 0 0
v 0.299979 1.56106 0.101616
vn -0.846779 2.70417 -5.11832
vt 0 0
v 0.271133 1.60186 0.129929
vn -0.946662 3.01927 -4.92084
vt 0 0
v 0.181179 1.51089 0.101616
vn -1.28969 2.34308 -5.20322
vt 0 0
v 0.137994 1.54563 0.129929
vn -1.44737 2.62613 -5.02348
vt 0 0
v 0.299979 1.56106 0.101616
vn -0.846779 2.70417 -5.11832
vt 0 0
v 0.421101 1.63429 0.129929
vn -0.411202 3.23484 -4.85732
vt 0 0
v 0.433796 1.59 0.101616
vn -0.368684 2.90406 -5.06531
vt 0 0
v 0.421101 1.63429 0.129929
vn -0.411202 3.23484 -4.85732
vt 0 0
v 0.299979 1.56106 0.101616
vn -0.846779 2.70417 -5.11832
vt 0 0
v 0.271133 1.60186 0.129929
vn -0.946662 3.01927 -4.92084
vt 0 0
v 0.433796 1.59 0.101616
vn -0.368684 2.90406 -5.06531
vt 0 0
v 0.578476 1.64088 0.129929
vn 0.137416 3.27763 -4.84407
vt 0 0
v 0.574222 1.59588 0.101616
vn 0.123267 2.94391 -5.05421
vt 0 0
v 0.578476 1.64088 0.129929
vn 0.137416 3.27763 -4.84407
vt 0 0
v 0.433796 1.59 0.101616
vn -0.368684 2.90406 -5.06531
vt 0 0
v 0.421101 1.63429 0.129929
vn -0.411202 3.23484 -4.85732
vt 0 0
v 0.712434 1.57833 0.101616
vn 0.610684 2.82421 -5.08701
vt 0 0
v 0.578476 1.64088 0.129929
vn 0.137416 3.27763 -4.84407
vt 0 0
v 0.73337 1.62121 0.129929
vn 0.681765 3.14892 -4.88327
vt 0 0
v 0.578476 1.64088 0.129929
vn 0.137416 3.27763 -4.84407
vt 0 0
v 0.712434 1.57833 0.101616
vn 0.610684 2.82421 -5.08701
vt 0 0
v 0.574222 1.59588 0.101616
vn 0.123267 2.94391 -5.05421
vt 0 0
v 0.839746 1.53846 0.101616
vn 1.07418 2.54376 -5.15773
vt 0 0
v 0.73337 1.62121 0.129929
vn 0.681765 3.14892 -4.88327
vt 0 0
v 0.876048 1.57653 0.129929
vn 1.20302 2.84519 -4.96834
vt 0 0
v 0.73337 1.62121 0.129929
vn 0.681765 3.14892 -4.88327
vt 0 0
v 0.839746 1.53846 0.101616
vn 1.07418 2.54376 -5.15773
vt 0 0
v 0.712434 1.57833 0.101616
vn 0.610684 2.82421 -5.08701
vt 0 0
v 0.94816 1.47878 0.101616
vn 1.48969 2.10271 -5.25226
vt 0 0
v 0.876048 1.57653 0.129929
vn 1.20302 2.84519 -4.96834
vt 0 0
v 0.997548 1.50964 0.129929
vn 1.67561 2.36201 -5.08331
vt 0 0
v 0.876048 1.57653 0.129929
vn 1.20302 2.84519 -4.96834
vt 0 0
v 0.94816 1.47878 0.101616
vn 1.48969 2.10271 -5.25226
vt 0 0
v 0.839746 1.53846 0.101616
vn 1.07418 2.54376 -5.15773
vt 0 0
v 1.03086 1.40302 0.101616
vn 1.82662 1.50971 -5.34893
vt 0 0
v 0.997548 1.50964 0.129929
vn 1.67561 2.36201 -5.08331
vt 0 0
v 1.09023 1.42474 0.129929
vn 2.0639 1.70349 -5.20243
vt 0 0
v 0.997548 1.50964 0.129929
vn 1.67561 2.36201 -5.08331
vt 0 0
v 1.03086 1.40302 0.101616
vn 1.82662 1.50971 -5.34893
vt 0 0
v 0.94816 1.47878 0.101616
vn 1.48969 2.10271 -5.25226
vt 0 0
v 1.08266 1.31596 0.101616
vn 2.05 0.79145 -5.42198
vt 0 0
v 1.09023 1.42474 0.129929
vn 2.0639 1.70349 -5.20243
vt 0 0
v 1.14828 1.32717 0.129929
vn 2.32434 0.89611 -5.29351
vt 0 0
v 1.09023 1.42474 0.129929
vn 2.0639 1.70349 -5.20243
vt 0 0
v 1.08266 1.31596 0.101616
vn 2.05 0.79145 -5.42198
vt 0 0
v 1.03086 1.40302 0.101616
vn 1.82662 1.50971 -5.34893
vt 0 0
v 1.10029 1.22306 0.101616
vn 2.12881 -2.59441e-017 -5.44931
vt 0 0
v 1.14828 1.32717 0.129929
vn 2.32434 0.89611 -5.29351
vt 0 0
v 1.16804 1.22306 0.129929
vn 2.41685 1.05168e-015 -5.32782
vt 0 0
v 1.14828 1.32717 0.129929
vn 2.32434 0.89611 -5.29351
vt 0 0
v 1.10029 1.22306 0.101616
vn 2.12881 -2.59441e-017 -5.44931
vt 0 0
v 1.08266 1.31596 0.101616
vn 2.05 0.79145 -5.42198
vt 0 0
v 1.4616 1.14922 0.319234
vn 3.22973 1.32399e-017 -4.87808
vt 0 0
v 1.49482 1.29902 0.339438
vn 2.85126 4.21197e-018 -5.10853
vt 0 0
v 1.49482 1.14745 0.339438
vn 2.85126 4.21197e-018 -5.10853
vt 0 0
v 1.49482 1.29902 0.339438
vn 2.85126 4.21197e-018 -5.10853
vt 0 0
v 1.4616 1.14922 0.319234
vn 3.22973 1.32399e-017 -4.87808
vt 0 0
v 1.4616 1.29726 0.319234
vn 3.22973 1.32399e-017 -4.87808
vt 0 0
v 4.07755 1.43605 0.591108
vn -0.267769 5.84424 -5.43853e-015
vt 0 0
v 4.0324 1.43365 0.622104
vn -0.309955 5.84215 -3.4473e-015
vt 0 0
v 4.07755 1.43605 0.626914
vn -0.261661 5.84451 -5.72673e-015
vt 0 0
v 4.07755 1.43605 0.591108
vn -0.267769 5.84424 -5.43853e-015
vt 0 0
v 3.87613 1.42536 0.606904
vn -0.309955 5.84215 -3.4473e-015
vt 0 0
v 4.0324 1.43365 0.622104
vn -0.309955 5.84215 -3.4473e-015
vt 0 0
v 4.07755 1.43605 0.591108
vn -0.267769 5.84424 -5.43853e-015
vt 0 0
v 3.70258 1.41615 0.591444
vn -0.309955 5.84215 -3.4473e-015
vt 0 0
v 3.87613 1.42536 0.606904
vn -0.309955 5.84215 -3.4473e-015
vt 0 0
v 4.03601 1.43384 0.586683
vn -0.309955 5.84215 -3.4473e-015
vt 0 0
v 3.70258 1.41615 0.591444
vn -0.309955 5.84215 -3.4473e-015
vt 0 0
v 4.07755 1.43605 0.591108
vn -0.267769 5.84424 -5.43853e-015
vt 0 0
v 4.03601 1.43384 0.586683
vn -0.309955 5.84215 -3.4473e-015
vt 0 0
v 3.51058 1.40596 0.575739
vn -0.309955 5.84215 -3.4473e-015
vt 0 0
v 3.70258 1.41615 0.591444
vn -0.309955 5.84215 -3.4473e-015
vt 0 0
v 3.87944 1.42553 0.571453
vn -0.309955 5.84215 -3.4473e-015
vt 0 0
v 3.51058 1.40596 0.575739
vn -0.309955 5.84215 -3.4473e-015
vt 0 0
v 4.03601 1.43384 0.586683
vn -0.309955 5.84215 -3.4473e-015
vt 0 0
v 3.87944 1.42553 0.571453
vn -0.309955 5.84215 -3.4473e-015
vt 0 0
v 3.29899 1.39474 0.559801
vn -0.309955 5.84215 -3.4473e-015
vt 0 0
v 3.51058 1.40596 0.575739
vn -0.309955 5.84215 -3.4473e-015
vt 0 0
v 3.70561 1.41631 0.555969
vn -0.309955 5.84215 -3.4473e-015
vt 0 0
v 3.29899 1.39474 0.559801
vn -0.309955 5.84215 -3.4473e-015
vt 0 0
v 3.87944 1.42553 0.571453
vn -0.309955 5.84215 -3.4473e-015
vt 0 0
v 3.70561 1.41631 0.555969
vn -0.309955 5.84215 -3.4473e-015
vt 0 0
v 3.06667 1.38241 0.543645
vn -0.309955 5.84215 -3.4473e-015
vt 0 0
v 3.29899 1.39474 0.559801
vn -0.309955 5.84215 -3.4473e-015
vt 0 0
v 3.51337 1.40611 0.540244
vn -0.309955 5.84215 -3.4473e-015
vt 0 0
v 3.06667 1.38241 0.543645
vn -0.309955 5.84215 -3.4473e-015
vt 0 0
v 3.70561 1.41631 0.555969
vn -0.309955 5.84215 -3.4473e-015
vt 0 0
v 3.51337 1.40611 0.540244
vn -0.309955 5.84215 -3.4473e-015
vt 0 0
v 2.81247 1.36893 0.527283
vn -0.309955 5.84215 -3.4473e-015
vt 0 0
v 3.06667 1.38241 0.543645
vn -0.309955 5.84215 -3.4473e-015
vt 0 0
v 3.30157 1.39488 0.52429
vn -0.309955 5.84215 -3.4473e-015
vt 0 0
v 2.81247 1.36893 0.527283
vn -0.309955 5.84215 -3.4473e-015
vt 0 0
v 3.51337 1.40611 0.540244
vn -0.309955 5.84215 -3.4473e-015
vt 0 0
v 3.30157 1.39488 0.52429
vn -0.309955 5.84215 -3.4473e-015
vt 0 0
v 2.53522 1.35422 0.51073
vn -0.309955 5.84215 -3.4473e-015
vt 0 0
v 2.81247 1.36893 0.527283
vn -0.309955 5.84215 -3.4473e-015
vt 0 0
v 3.06905 1.38254 0.50812
vn -0.309955 5.84215 -3.4473e-015
vt 0 0
v 2.53522 1.35422 0.51073
vn -0.309955 5.84215 -3.4473e-015
vt 0 0
v 3.30157 1.39488 0.52429
vn -0.309955 5.84215 -3.4473e-015
vt 0 0
v 3.06905 1.38254 0.50812
vn -0.309955 5.84215 -3.4473e-015
vt 0 0
v 2.23455 1.33826 0.494041
vn -0.309955 5.84215 -3.4473e-015
vt 0 0
v 2.53522 1.35422 0.51073
vn -0.309955 5.84215 -3.4473e-015
vt 0 0
v 2.23455 1.33826 0.494041
vn -0.309955 5.84215 -3.4473e-015
vt 0 0
v 2.11333 1.33183 0.492225
vn -0.309955 5.84215 -3.4473e-015
vt 0 0
v 2.17373 1.33504 0.493454
vn -0.309955 5.84215 -3.4473e-015
vt 0 0
v 2.81467 1.36904 0.491747
vn -0.309955 5.84215 -3.4473e-015
vt 0 0
v 2.23455 1.33826 0.494041
vn -0.309955 5.84215 -3.4473e-015
vt 0 0
v 3.06905 1.38254 0.50812
vn -0.309955 5.84215 -3.4473e-015
vt 0 0
v 2.81467 1.36904 0.491747
vn -0.309955 5.84215 -3.4473e-015
vt 0 0
v 2.11333 1.33183 0.492225
vn -0.309955 5.84215 -3.4473e-015
vt 0 0
v 2.23455 1.33826 0.494041
vn -0.309955 5.84215 -3.4473e-015
vt 0 0
v 2.81467 1.36904 0.491747
vn -0.309955 5.84215 -3.4473e-015
vt 0 0
v 2.05437 1.32871 0.490262
vn -0.309955 5.84215 -3.4473e-015
vt 0 0
v 2.11333 1.33183 0.492225
vn -0.309955 5.84215 -3.4473e-015
vt 0 0
v 2.81467 1.36904 0.491747
vn -0.309955 5.84215 -3.4473e-015
vt 0 0
v 1.99689 1.32566 0.487465
vn -0.309955 5.84215 -3.4473e-015
vt 0 0
v 2.05437 1.32871 0.490262
vn -0.309955 5.84215 -3.4473e-015
vt 0 0
v 2.81467 1.36904 0.491747
vn -0.309955 5.84215 -3.4473e-015
vt 0 0
v 1.94097 1.32269 0.48373
vn -0.309955 5.84215 -3.4473e-015
vt 0 0
v 1.99689 1.32566 0.487465
vn -0.309955 5.84215 -3.4473e-015
vt 0 0
v 2.81467 1.36904 0.491747
vn -0.309955 5.84215 -3.4473e-015
vt 0 0
v 1.88663 1.31981 0.478955
vn -0.309955 5.84215 -3.4473e-015
vt 0 0
v 1.94097 1.32269 0.48373
vn -0.309955 5.84215 -3.4473e-015
vt 0 0
v 2.53727 1.35433 0.475185
vn -0.309955 5.84215 -3.4473e-015
vt 0 0
v 1.88663 1.31981 0.478955
vn -0.309955 5.84215 -3.4473e-015
vt 0 0
v 2.81467 1.36904 0.491747
vn -0.309955 5.84215 -3.4473e-015
vt 0 0
v 2.53727 1.35433 0.475185
vn -0.309955 5.84215 -3.4473e-015
vt 0 0
v 1.83393 1.31701 0.473034
vn -0.309955 5.84215 -3.4473e-015
vt 0 0
v 1.88663 1.31981 0.478955
vn -0.309955 5.84215 -3.4473e-015
vt 0 0
v 2.53727 1.35433 0.475185
vn -0.309955 5.84215 -3.4473e-015
vt 0 0
v 1.78293 1.3143 0.465857
vn -0.309955 5.84215 -3.4473e-015
vt 0 0
v 1.83393 1.31701 0.473034
vn -0.309955 5.84215 -3.4473e-015
vt 0 0
v 2.2357 1.33833 0.458446
vn -0.309955 5.84215 -3.4473e-015
vt 0 0
v 1.78293 1.3143 0.465857
vn -0.309955 5.84215 -3.4473e-015
vt 0 0
v 2.53727 1.35433 0.475185
vn -0.309955 5.84215 -3.4473e-015
vt 0 0
v 2.17426 1.33507 0.457854
vn -0.309955 5.84215 -3.4473e-015
vt 0 0
v 1.78293 1.3143 0.465857
vn -0.309955 5.84215 -3.4473e-015
vt 0 0
v 2.2357 1.33833 0.458446
vn -0.309955 5.84215 -3.4473e-015
vt 0 0
v 2.17426 1.33507 0.457854
vn -0.309955 5.84215 -3.4473e-015
vt 0 0
v 1.73366 1.31169 0.457313
vn -0.309955 5.84215 -3.4473e-015
vt 0 0
v 1.78293 1.3143 0.465857
vn -0.309955 5.84215 -3.4473e-015
vt 0 0
v 2.11428 1.33188 0.456633
vn -0.309955 5.84215 -3.4473e-015
vt 0 0
v 1.73366 1.31169 0.457313
vn -0.309955 5.84215 -3.4473e-015
vt 0 0
v 2.17426 1.33507 0.457854
vn -0.309955 5.84215 -3.4473e-015
vt 0 0
v 2.05582 1.32878 0.454687
vn -0.309955 5.84215 -3.4473e-015
vt 0 0
v 1.73366 1.31169 0.457313
vn -0.309955 5.84215 -3.4473e-015
vt 0 0
v 2.11428 1.33188 0.456633
vn -0.309955 5.84215 -3.4473e-015
vt 0 0
v 1.99895 1.32577 0.451918
vn -0.309955 5.84215 -3.4473e-015
vt 0 0
v 1.73366 1.31169 0.457313
vn -0.309955 5.84215 -3.4473e-015
vt 0 0
v 2.05582 1.32878 0.454687
vn -0.309955 5.84215 -3.4473e-015
vt 0 0
v 1.94371 1.32283 0.44823
vn -0.309955 5.84215 -3.4473e-015
vt 0 0
v 1.73366 1.31169 0.457313
vn -0.309955 5.84215 -3.4473e-015
vt 0 0
v 1.99895 1.32577 0.451918
vn -0.309955 5.84215 -3.4473e-015
vt 0 0
v 1.94371 1.32283 0.44823
vn -0.309955 5.84215 -3.4473e-015
vt 0 0
v 1.68617 1.30917 0.447286
vn -0.309955 5.84215 -3.4473e-015
vt 0 0
v 1.73366 1.31169 0.457313
vn -0.309955 5.84215 -3.4473e-015
vt 0 0
v 1.89018 1.31999 0.443526
vn -0.309955 5.84215 -3.4473e-015
vt 0 0
v 1.68617 1.30917 0.447286
vn -0.309955 5.84215 -3.4473e-015
vt 0 0
v 1.94371 1.32283 0.44823
vn -0.309955 5.84215 -3.4473e-015
vt 0 0
v 1.8384 1.31725 0.437708
vn -0.309955 5.84215 -3.4473e-015
vt 0 0
v 1.68617 1.30917 0.447286
vn -0.309955 5.84215 -3.4473e-015
vt 0 0
v 1.89018 1.31999 0.443526
vn -0.309955 5.84215 -3.4473e-015
vt 0 0
v 1.8384 1.31725 0.437708
vn -0.309955 5.84215 -3.4473e-015
vt 0 0
v 1.64053 1.30675 0.435657
vn -0.309955 5.84215 -3.4473e-015
vt 0 0
v 1.68617 1.30917 0.447286
vn -0.309955 5.84215 -3.4473e-015
vt 0 0
v 1.78845 1.3146 0.430679
vn -0.309955 5.84215 -3.4473e-015
vt 0 0
v 1.64053 1.30675 0.435657
vn -0.309955 5.84215 -3.4473e-015
vt 0 0
v 1.8384 1.31725 0.437708
vn -0.309955 5.84215 -3.4473e-015
vt 0 0
v 1.74038 1.31205 0.422343
vn -0.309955 5.84215 -3.4473e-015
vt 0 0
v 1.64053 1.30675 0.435657
vn -0.309955 5.84215 -3.4473e-015
vt 0 0
v 1.78845 1.3146 0.430679
vn -0.309955 5.84215 -3.4473e-015
vt 0 0
v 1.74038 1.31205 0.422343
vn -0.309955 5.84215 -3.4473e-015
vt 0 0
v 1.59676 1.30443 0.422299
vn -0.309955 5.84215 -3.4473e-015
vt 0 0
v 1.64053 1.30675 0.435657
vn -0.309955 5.84215 -3.4473e-015
vt 0 0
v 1.69425 1.3096 0.412603
vn -0.309955 5.84215 -3.4473e-015
vt 0 0
v 1.59676 1.30443 0.422299
vn -0.309955 5.84215 -3.4473e-015
vt 0 0
v 1.74038 1.31205 0.422343
vn -0.309955 5.84215 -3.4473e-015
vt 0 0
v 1.69425 1.3096 0.412603
vn -0.309955 5.84215 -3.4473e-015
vt 0 0
v 1.55495 1.30221 0.407082
vn -0.309955 5.84215 -3.4473e-015
vt 0 0
v 1.59676 1.30443 0.422299
vn -0.309955 5.84215 -3.4473e-015
vt 0 0
v 1.65012 1.30726 0.401361
vn -0.309955 5.84215 -3.4473e-015
vt 0 0
v 1.55495 1.30221 0.407082
vn -0.309955 5.84215 -3.4473e-015
vt 0 0
v 1.69425 1.3096 0.412603
vn -0.309955 5.84215 -3.4473e-015
vt 0 0
v 1.65012 1.30726 0.401361
vn -0.309955 5.84215 -3.4473e-015
vt 0 0
v 1.51514 1.3001 0.389871
vn -0.309955 5.84215 -3.4473e-015
vt 0 0
v 1.55495 1.30221 0.407082
vn -0.309955 5.84215 -3.4473e-015
vt 0 0
v 1.60806 1.30503 0.38852
vn -0.309955 5.84215 -3.4473e-015
vt 0 0
v 1.51514 1.3001 0.389871
vn -0.309955 5.84215 -3.4473e-015
vt 0 0
v 1.65012 1.30726 0.401361
vn -0.309955 5.84215 -3.4473e-015
vt 0 0
v 1.56811 1.30291 0.373984
vn -0.309955 5.84215 -3.4473e-015
vt 0 0
v 1.51514 1.3001 0.389871
vn -0.309955 5.84215 -3.4473e-015
vt 0 0
v 1.60806 1.30503 0.38852
vn -0.309955 5.84215 -3.4473e-015
vt 0 0
v 1.56811 1.30291 0.373984
vn -0.309955 5.84215 -3.4473e-015
vt 0 0
v 1.47743 1.2981 0.37053
vn -0.309955 5.84215 -3.4473e-015
vt 0 0
v 1.51514 1.3001 0.389871
vn -0.309955 5.84215 -3.4473e-015
vt 0 0
v 1.53035 1.3009 0.357656
vn -0.309955 5.84215 -3.4473e-015
vt 0 0
v 1.47743 1.2981 0.37053
vn -0.309955 5.84215 -3.4473e-015
vt 0 0
v 1.56811 1.30291 0.373984
vn -0.309955 5.84215 -3.4473e-015
vt 0 0
v 1.53035 1.3009 0.357656
vn -0.309955 5.84215 -3.4473e-015
vt 0 0
v 1.4419 1.29621 0.348922
vn -0.309955 5.84215 -3.4473e-015
vt 0 0
v 1.47743 1.2981 0.37053
vn -0.309955 5.84215 -3.4473e-015
vt 0 0
v 1.49482 1.29902 0.339438
vn -0.309955 5.84215 -3.4473e-015
vt 0 0
v 1.4419 1.29621 0.348922
vn -0.309955 5.84215 -3.4473e-015
vt 0 0
v 1.53035 1.3009 0.357656
vn -0.309955 5.84215 -3.4473e-015
vt 0 0
v 1.49482 1.29902 0.339438
vn -0.309955 5.84215 -3.4473e-015
vt 0 0
v 1.40867 1.29445 0.324924
vn -0.309955 5.84215 -3.4473e-015
vt 0 0
v 1.4419 1.29621 0.348922
vn -0.309955 5.84215 -3.4473e-015
vt 0 0
v 1.4616 1.29726 0.319234
vn -0.309955 5.84215 -3.4473e-015
vt 0 0
v 1.40867 1.29445 0.324924
vn -0.309955 5.84215 -3.4473e-015
vt 0 0
v 1.49482 1.29902 0.339438
vn -0.309955 5.84215 -3.4473e-015
vt 0 0
v 1.4616 1.29726 0.319234
vn -0.309955 5.84215 -3.4473e-015
vt 0 0
v 1.39327 1.29363 0.311674
vn -0.197606 5.65787 1.47521
vt 0 0
v 1.40867 1.29445 0.324924
vn -0.309955 5.84215 -3.4473e-015
vt 0 0
v 1.39327 1.29363 0.311674
vn -0.197606 5.65787 1.47521
vt 0 0
v 1.4616 1.29726 0.319234
vn -0.309955 5.84215 -3.4473e-015
vt 0 0
v 1.44605 1.29643 0.308004
vn -0.297383 5.82043 0.51088
vt 0 0
v 4.0324 1.01282 0.622104
vn -0.309955 -5.84215 2.90731e-015
vt 0 0
v 4.07755 1.01043 0.591108
vn -0.267769 -5.84424 -2.04669e-015
vt 0 0
v 4.07755 1.01043 0.626914
vn -0.261661 -5.84451 -2.76375e-015
vt 0 0
v 3.87613 1.02111 0.606904
vn -0.309955 -5.84215 2.90731e-015
vt 0 0
v 4.07755 1.01043 0.591108
vn -0.267769 -5.84424 -2.04669e-015
vt 0 0
v 4.0324 1.01282 0.622104
vn -0.309955 -5.84215 2.90731e-015
vt 0 0
v 3.70258 1.03032 0.591444
vn -0.309955 -5.84215 2.90731e-015
vt 0 0
v 4.07755 1.01043 0.591108
vn -0.267769 -5.84424 -2.04669e-015
vt 0 0
v 3.87613 1.02111 0.606904
vn -0.309955 -5.84215 2.90731e-015
vt 0 0
v 3.70258 1.03032 0.591444
vn -0.309955 -5.84215 2.90731e-015
vt 0 0
v 4.03601 1.01263 0.586683
vn -0.309955 -5.84215 2.90731e-015
vt 0 0
v 4.07755 1.01043 0.591108
vn -0.267769 -5.84424 -2.04669e-015
vt 0 0
v 3.51058 1.04051 0.575739
vn -0.309955 -5.84215 2.90731e-015
vt 0 0
v 4.03601 1.01263 0.586683
vn -0.309955 -5.84215 2.90731e-015
vt 0 0
v 3.70258 1.03032 0.591444
vn -0.309955 -5.84215 2.90731e-015
vt 0 0
v 3.51058 1.04051 0.575739
vn -0.309955 -5.84215 2.90731e-015
vt 0 0
v 3.87944 1.02094 0.571453
vn -0.309955 -5.84215 2.90731e-015
vt 0 0
v 4.03601 1.01263 0.586683
vn -0.309955 -5.84215 2.90731e-015
vt 0 0
v 3.29899 1.05173 0.559801
vn -0.309955 -5.84215 2.90731e-015
vt 0 0
v 3.87944 1.02094 0.571453
vn -0.309955 -5.84215 2.90731e-015
vt 0 0
v 3.51058 1.04051 0.575739
vn -0.309955 -5.84215 2.90731e-015
vt 0 0
v 3.29899 1.05173 0.559801
vn -0.309955 -5.84215 2.90731e-015
vt 0 0
v 3.70561 1.03016 0.555969
vn -0.309955 -5.84215 2.90731e-015
vt 0 0
v 3.87944 1.02094 0.571453
vn -0.309955 -5.84215 2.90731e-015
vt 0 0
v 3.06667 1.06406 0.543645
vn -0.309955 -5.84215 2.90731e-015
vt 0 0
v 3.70561 1.03016 0.555969
vn -0.309955 -5.84215 2.90731e-015
vt 0 0
v 3.29899 1.05173 0.559801
vn -0.309955 -5.84215 2.90731e-015
vt 0 0
v 3.06667 1.06406 0.543645
vn -0.309955 -5.84215 2.90731e-015
vt 0 0
v 3.51337 1.04036 0.540244
vn -0.309955 -5.84215 2.90731e-015
vt 0 0
v 3.70561 1.03016 0.555969
vn -0.309955 -5.84215 2.90731e-015
vt 0 0
v 2.81247 1.07755 0.527283
vn -0.309955 -5.84215 2.90731e-015
vt 0 0
v 3.51337 1.04036 0.540244
vn -0.309955 -5.84215 2.90731e-015
vt 0 0
v 3.06667 1.06406 0.543645
vn -0.309955 -5.84215 2.90731e-015
vt 0 0
v 2.81247 1.07755 0.527283
vn -0.309955 -5.84215 2.90731e-015
vt 0 0
v 3.30157 1.0516 0.52429
vn -0.309955 -5.84215 2.90731e-015
vt 0 0
v 3.51337 1.04036 0.540244
vn -0.309955 -5.84215 2.90731e-015
vt 0 0
v 2.53522 1.09226 0.51073
vn -0.309955 -5.84215 2.90731e-015
vt 0 0
v 3.30157 1.0516 0.52429
vn -0.309955 -5.84215 2.90731e-015
vt 0 0
v 2.81247 1.07755 0.527283
vn -0.309955 -5.84215 2.90731e-015
vt 0 0
v 2.53522 1.09226 0.51073
vn -0.309955 -5.84215 2.90731e-015
vt 0 0
v 3.06905 1.06393 0.50812
vn -0.309955 -5.84215 2.90731e-015
vt 0 0
v 3.30157 1.0516 0.52429
vn -0.309955 -5.84215 2.90731e-015
vt 0 0
v 2.23455 1.10821 0.494041
vn -0.309955 -5.84215 2.90731e-015
vt 0 0
v 3.06905 1.06393 0.50812
vn -0.309955 -5.84215 2.90731e-015
vt 0 0
v 2.53522 1.09226 0.51073
vn -0.309955 -5.84215 2.90731e-015
vt 0 0
v 2.11333 1.11464 0.492225
vn -0.309955 -5.84215 2.90731e-015
vt 0 0
v 2.23455 1.10821 0.494041
vn -0.309955 -5.84215 2.90731e-015
vt 0 0
v 2.17373 1.11144 0.493454
vn -0.309955 -5.84215 2.90731e-015
vt 0 0
v 2.23455 1.10821 0.494041
vn -0.309955 -5.84215 2.90731e-015
vt 0 0
v 2.81467 1.07743 0.491747
vn -0.309955 -5.84215 2.90731e-015
vt 0 0
v 3.06905 1.06393 0.50812
vn -0.309955 -5.84215 2.90731e-015
vt 0 0
v 2.11333 1.11464 0.492225
vn -0.309955 -5.84215 2.90731e-015
vt 0 0
v 2.81467 1.07743 0.491747
vn -0.309955 -5.84215 2.90731e-015
vt 0 0
v 2.23455 1.10821 0.494041
vn -0.309955 -5.84215 2.90731e-015
vt 0 0
v 2.05437 1.11777 0.490262
vn -0.309955 -5.84215 2.90731e-015
vt 0 0
v 2.81467 1.07743 0.491747
vn -0.309955 -5.84215 2.90731e-015
vt 0 0
v 2.11333 1.11464 0.492225
vn -0.309955 -5.84215 2.90731e-015
vt 0 0
v 1.99689 1.12082 0.487465
vn -0.309955 -5.84215 2.90731e-015
vt 0 0
v 2.81467 1.07743 0.491747
vn -0.309955 -5.84215 2.90731e-015
vt 0 0
v 2.05437 1.11777 0.490262
vn -0.309955 -5.84215 2.90731e-015
vt 0 0
v 1.94097 1.12378 0.48373
vn -0.309955 -5.84215 2.90731e-015
vt 0 0
v 2.81467 1.07743 0.491747
vn -0.309955 -5.84215 2.90731e-015
vt 0 0
v 1.99689 1.12082 0.487465
vn -0.309955 -5.84215 2.90731e-015
vt 0 0
v 1.88663 1.12667 0.478955
vn -0.309955 -5.84215 2.90731e-015
vt 0 0
v 2.81467 1.07743 0.491747
vn -0.309955 -5.84215 2.90731e-015
vt 0 0
v 1.94097 1.12378 0.48373
vn -0.309955 -5.84215 2.90731e-015
vt 0 0
v 1.88663 1.12667 0.478955
vn -0.309955 -5.84215 2.90731e-015
vt 0 0
v 2.53727 1.09215 0.475185
vn -0.309955 -5.84215 2.90731e-015
vt 0 0
v 2.81467 1.07743 0.491747
vn -0.309955 -5.84215 2.90731e-015
vt 0 0
v 1.83393 1.12946 0.473034
vn -0.309955 -5.84215 2.90731e-015
vt 0 0
v 2.53727 1.09215 0.475185
vn -0.309955 -5.84215 2.90731e-015
vt 0 0
v 1.88663 1.12667 0.478955
vn -0.309955 -5.84215 2.90731e-015
vt 0 0
v 1.78293 1.13217 0.465857
vn -0.309955 -5.84215 2.90731e-015
vt 0 0
v 2.53727 1.09215 0.475185
vn -0.309955 -5.84215 2.90731e-015
vt 0 0
v 1.83393 1.12946 0.473034
vn -0.309955 -5.84215 2.90731e-015
vt 0 0
v 1.78293 1.13217 0.465857
vn -0.309955 -5.84215 2.90731e-015
vt 0 0
v 2.2357 1.10815 0.458446
vn -0.309955 -5.84215 2.90731e-015
vt 0 0
v 2.53727 1.09215 0.475185
vn -0.309955 -5.84215 2.90731e-015
vt 0 0
v 1.78293 1.13217 0.465857
vn -0.309955 -5.84215 2.90731e-015
vt 0 0
v 2.17426 1.11141 0.457854
vn -0.309955 -5.84215 2.90731e-015
vt 0 0
v 2.2357 1.10815 0.458446
vn -0.309955 -5.84215 2.90731e-015
vt 0 0
v 1.73366 1.13478 0.457313
vn -0.309955 -5.84215 2.90731e-015
vt 0 0
v 2.17426 1.11141 0.457854
vn -0.309955 -5.84215 2.90731e-015
vt 0 0
v 1.78293 1.13217 0.465857
vn -0.309955 -5.84215 2.90731e-015
vt 0 0
v 1.73366 1.13478 0.457313
vn -0.309955 -5.84215 2.90731e-015
vt 0 0
v 2.11428 1.11459 0.456633
vn -0.309955 -5.84215 2.90731e-015
vt 0 0
v 2.17426 1.11141 0.457854
vn -0.309955 -5.84215 2.90731e-015
vt 0 0
v 1.73366 1.13478 0.457313
vn -0.309955 -5.84215 2.90731e-015
vt 0 0
v 2.05582 1.11769 0.454687
vn -0.309955 -5.84215 2.90731e-015
vt 0 0
v 2.11428 1.11459 0.456633
vn -0.309955 -5.84215 2.90731e-015
vt 0 0
v 1.73366 1.13478 0.457313
vn -0.309955 -5.84215 2.90731e-015
vt 0 0
v 1.99895 1.12071 0.451918
vn -0.309955 -5.84215 2.90731e-015
vt 0 0
v 2.05582 1.11769 0.454687
vn -0.309955 -5.84215 2.90731e-015
vt 0 0
v 1.73366 1.13478 0.457313
vn -0.309955 -5.84215 2.90731e-015
vt 0 0
v 1.94371 1.12364 0.44823
vn -0.309955 -5.84215 2.90731e-015
vt 0 0
v 1.99895 1.12071 0.451918
vn -0.309955 -5.84215 2.90731e-015
vt 0 0
v 1.68617 1.1373 0.447286
vn -0.309955 -5.84215 2.90731e-015
vt 0 0
v 1.94371 1.12364 0.44823
vn -0.309955 -5.84215 2.90731e-015
vt 0 0
v 1.73366 1.13478 0.457313
vn -0.309955 -5.84215 2.90731e-015
vt 0 0
v 1.68617 1.1373 0.447286
vn -0.309955 -5.84215 2.90731e-015
vt 0 0
v 1.89018 1.12648 0.443526
vn -0.309955 -5.84215 2.90731e-015
vt 0 0
v 1.94371 1.12364 0.44823
vn -0.309955 -5.84215 2.90731e-015
vt 0 0
v 1.68617 1.1373 0.447286
vn -0.309955 -5.84215 2.90731e-015
vt 0 0
v 1.8384 1.12923 0.437708
vn -0.309955 -5.84215 2.90731e-015
vt 0 0
v 1.89018 1.12648 0.443526
vn -0.309955 -5.84215 2.90731e-015
vt 0 0
v 1.64053 1.13972 0.435657
vn -0.309955 -5.84215 2.90731e-015
vt 0 0
v 1.8384 1.12923 0.437708
vn -0.309955 -5.84215 2.90731e-015
vt 0 0
v 1.68617 1.1373 0.447286
vn -0.309955 -5.84215 2.90731e-015
vt 0 0
v 1.64053 1.13972 0.435657
vn -0.309955 -5.84215 2.90731e-015
vt 0 0
v 1.78845 1.13188 0.430679
vn -0.309955 -5.84215 2.90731e-015
vt 0 0
v 1.8384 1.12923 0.437708
vn -0.309955 -5.84215 2.90731e-015
vt 0 0
v 1.64053 1.13972 0.435657
vn -0.309955 -5.84215 2.90731e-015
vt 0 0
v 1.74038 1.13443 0.422343
vn -0.309955 -5.84215 2.90731e-015
vt 0 0
v 1.78845 1.13188 0.430679
vn -0.309955 -5.84215 2.90731e-015
vt 0 0
v 1.59676 1.14205 0.422299
vn -0.309955 -5.84215 2.90731e-015
vt 0 0
v 1.74038 1.13443 0.422343
vn -0.309955 -5.84215 2.90731e-015
vt 0 0
v 1.64053 1.13972 0.435657
vn -0.309955 -5.84215 2.90731e-015
vt 0 0
v 1.59676 1.14205 0.422299
vn -0.309955 -5.84215 2.90731e-015
vt 0 0
v 1.69425 1.13687 0.412603
vn -0.309955 -5.84215 2.90731e-015
vt 0 0
v 1.74038 1.13443 0.422343
vn -0.309955 -5.84215 2.90731e-015
vt 0 0
v 1.55495 1.14426 0.407082
vn -0.309955 -5.84215 2.90731e-015
vt 0 0
v 1.69425 1.13687 0.412603
vn -0.309955 -5.84215 2.90731e-015
vt 0 0
v 1.59676 1.14205 0.422299
vn -0.309955 -5.84215 2.90731e-015
vt 0 0
v 1.55495 1.14426 0.407082
vn -0.309955 -5.84215 2.90731e-015
vt 0 0
v 1.65012 1.13922 0.401361
vn -0.309955 -5.84215 2.90731e-015
vt 0 0
v 1.69425 1.13687 0.412603
vn -0.309955 -5.84215 2.90731e-015
vt 0 0
v 1.51514 1.14638 0.389871
vn -0.309955 -5.84215 2.90731e-015
vt 0 0
v 1.65012 1.13922 0.401361
vn -0.309955 -5.84215 2.90731e-015
vt 0 0
v 1.55495 1.14426 0.407082
vn -0.309955 -5.84215 2.90731e-015
vt 0 0
v 1.51514 1.14638 0.389871
vn -0.309955 -5.84215 2.90731e-015
vt 0 0
v 1.60806 1.14145 0.38852
vn -0.309955 -5.84215 2.90731e-015
vt 0 0
v 1.65012 1.13922 0.401361
vn -0.309955 -5.84215 2.90731e-015
vt 0 0
v 1.51514 1.14638 0.389871
vn -0.309955 -5.84215 2.90731e-015
vt 0 0
v 1.56811 1.14357 0.373984
vn -0.309955 -5.84215 2.90731e-015
vt 0 0
v 1.60806 1.14145 0.38852
vn -0.309955 -5.84215 2.90731e-015
vt 0 0
v 1.47743 1.14838 0.37053
vn -0.309955 -5.84215 2.90731e-015
vt 0 0
v 1.56811 1.14357 0.373984
vn -0.309955 -5.84215 2.90731e-015
vt 0 0
v 1.51514 1.14638 0.389871
vn -0.309955 -5.84215 2.90731e-015
vt 0 0
v 1.47743 1.14838 0.37053
vn -0.309955 -5.84215 2.90731e-015
vt 0 0
v 1.53035 1.14557 0.357656
vn -0.309955 -5.84215 2.90731e-015
vt 0 0
v 1.56811 1.14357 0.373984
vn -0.309955 -5.84215 2.90731e-015
vt 0 0
v 1.4419 1.15026 0.348922
vn -0.309955 -5.84215 2.90731e-015
vt 0 0
v 1.53035 1.14557 0.357656
vn -0.309955 -5.84215 2.90731e-015
vt 0 0
v 1.47743 1.14838 0.37053
vn -0.309955 -5.84215 2.90731e-015
vt 0 0
v 1.4419 1.15026 0.348922
vn -0.309955 -5.84215 2.90731e-015
vt 0 0
v 1.49482 1.14745 0.339438
vn -0.309955 -5.84215 2.90731e-015
vt 0 0
v 1.53035 1.14557 0.357656
vn -0.309955 -5.84215 2.90731e-015
vt 0 0
v 1.40867 1.15203 0.324924
vn -0.309955 -5.84215 2.90731e-015
vt 0 0
v 1.49482 1.14745 0.339438
vn -0.309955 -5.84215 2.90731e-015
vt 0 0
v 1.4419 1.15026 0.348922
vn -0.309955 -5.84215 2.90731e-015
vt 0 0
v 1.40867 1.15203 0.324924
vn -0.309955 -5.84215 2.90731e-015
vt 0 0
v 1.4616 1.14922 0.319234
vn -0.309955 -5.84215 2.90731e-015
vt 0 0
v 1.49482 1.14745 0.339438
vn -0.309955 -5.84215 2.90731e-015
vt 0 0
v 1.39327 1.15284 0.311674
vn -0.297623 -5.60971 1.63383
vt 0 0
v 1.4616 1.14922 0.319234
vn -0.309955 -5.84215 2.90731e-015
vt 0 0
v 1.40867 1.15203 0.324924
vn -0.309955 -5.84215 2.90731e-015
vt 0 0
v 1.4616 1.14922 0.319234
vn -0.309955 -5.84215 2.90731e-015
vt 0 0
v 1.39327 1.15284 0.311674
vn -0.297623 -5.60971 1.63383
vt 0 0
v 1.45113 1.14977 0.311674
vn -0.312346 -5.82561 0.437544
vt 0 0
v 1.39327 1.29363 0.311674
vn -0.197606 5.65787 1.47521
vt 0 0
v 1.44605 1.29643 0.308004
vn -0.297383 5.82043 0.51088
vt 0 0
v 1.36689 1.30087 0.289051
vn -0.212794 4.65785 3.53355
vt 0 0
v 1.37787 1.29281 0.298424
vn -3.80574 -0.471222 4.41827
vt 0 0
v 1.40867 1.29445 0.324924
vn -3.78895 -0.236514 4.45137
vt 0 0
v 1.39327 1.29363 0.311674
vn -3.74626 -0.87247 4.40807
vt 0 0
v 1.40867 1.29445 0.324924
vn -3.78895 -0.236514 4.45137
vt 0 0
v 1.37787 1.29281 0.298424
vn -3.80574 -0.471222 4.41827
vt 0 0
v 1.36592 1.22306 0.273428
vn -3.77369 0.00238287 4.47058
vt 0 0
v 1.15192 1.22306 0.149563
vn -2.41685 -1.06466e-015 5.32782
vt 0 0
v 1.19415 1.11111 0.18023
vn -2.59874 1.0005 5.14513
vt 0 0
v 1.2154 1.22306 0.18023
vn -2.70623 -2.09248e-015 5.18682
vt 0 0
v 1.19415 1.11111 0.18023
vn -2.59874 1.0005 5.14513
vt 0 0
v 1.15192 1.22306 0.149563
vn -2.41685 -1.06466e-015 5.32782
vt 0 0
v 1.13266 1.12162 0.149563
vn -2.32434 0.89611 5.29351
vt 0 0
v 1.13266 1.3245 0.149563
vn -2.32434 -0.89611 5.29351
vt 0 0
v 1.0859 1.22306 0.121976
vn -2.12881 2.59441e-016 5.44931
vt 0 0
v 1.15192 1.22306 0.149563
vn -2.41685 -1.06466e-015 5.32782
vt 0 0
v 1.0859 1.22306 0.121976
vn -2.12881 2.59441e-016 5.44931
vt 0 0
v 1.13266 1.3245 0.149563
vn -2.32434 -0.89611 5.29351
vt 0 0
v 1.06872 1.31358 0.121976
vn -2.05 -0.79145 5.42198
vt 0 0
v 0.0515995 1.26403 0.0765815
vn -1.82569 0.347323 -5.54734
vt 0 0
v 0.0170765 1.36058 0.101616
vn -1.95468 1.16361 -5.38999
vt 0 0
v 0.0822232 1.34341 0.0765815
vn -1.69578 1.01094 -5.50719
vt 0 0
v 0.0170765 1.36058 0.101616
vn -1.95468 1.16361 -5.38999
vt 0 0
v 0.0515995 1.26403 0.0765815
vn -1.82569 0.347323 -5.54734
vt 0 0
v -0.017915 1.26988 0.101616
vn -2.10888 0.400616 -5.44233
vt 0 0
v -0.017915 1.17624 0.101616
vn -2.10888 -0.400616 -5.44233
vt 0 0
v -0.0851308 1.27553 0.129929
vn -2.39342 0.454028 -5.31904
vt 0 0
v -0.017915 1.26988 0.101616
vn -2.10888 0.400616 -5.44233
vt 0 0
v -0.0851308 1.27553 0.129929
vn -2.39342 0.454028 -5.31904
vt 0 0
v -0.017915 1.17624 0.101616
vn -2.10888 -0.400616 -5.44233
vt 0 0
v -0.0851308 1.17059 0.129929
vn -2.39342 -0.454028 -5.31904
vt 0 0
v 0.0822232 1.34341 0.0765815
vn -1.69578 1.01094 -5.50719
vt 0 0
v 0.084861 1.44263 0.101616
vn -1.67013 1.82407 -5.30191
vt 0 0
v 0.141546 1.41522 0.0765815
vn -1.45411 1.59039 -5.43902
vt 0 0
v 0.084861 1.44263 0.101616
vn -1.67013 1.82407 -5.30191
vt 0 0
v 0.0822232 1.34341 0.0765815
vn -1.69578 1.01094 -5.50719
vt 0 0
v 0.0170765 1.36058 0.101616
vn -1.95468 1.16361 -5.38999
vt 0 0
v 0.084861 1.44263 0.101616
vn -1.67013 1.82407 -5.30191
vt 0 0
v 0.137994 1.54563 0.129929
vn -1.44737 2.62613 -5.02348
vt 0 0
v 0.181179 1.51089 0.101616
vn -1.28969 2.34308 -5.20322
vt 0 0
v 0.137994 1.54563 0.129929
vn -1.44737 2.62613 -5.02348
vt 0 0
v 0.084861 1.44263 0.101616
vn -1.67013 1.82407 -5.30191
vt 0 0
v 0.0300502 1.46913 0.129929
vn -1.88291 2.05371 -5.14429
vt 0 0
v 1.13173 1.43993 0.18023
vn -2.2985 -1.89458 5.0353
vt 0 0
v 1.13266 1.3245 0.149563
vn -2.32434 -0.89611 5.29351
vt 0 0
v 1.19415 1.33501 0.18023
vn -2.59874 -1.0005 5.14513
vt 0 0
v 1.13266 1.3245 0.149563
vn -2.32434 -0.89611 5.29351
vt 0 0
v 1.13173 1.43993 0.18023
vn -2.2985 -1.89458 5.0353
vt 0 0
v 1.0761 1.41957 0.149563
vn -2.0639 -1.70349 5.20243
vt 0 0
v 1.03207 1.53121 0.18023
vn -1.85669 -2.61395 4.89354
vt 0 0
v 1.0761 1.41957 0.149563
vn -2.0639 -1.70349 5.20243
vt 0 0
v 1.13173 1.43993 0.18023
vn -2.2985 -1.89458 5.0353
vt 0 0
v 1.0761 1.41957 0.149563
vn -2.0639 -1.70349 5.20243
vt 0 0
v 1.03207 1.53121 0.18023
vn -1.85669 -2.61395 4.89354
vt 0 0
v 0.98579 1.50229 0.149563
vn -1.67561 -2.36201 5.08331
vt 0 0
v 0.901422 1.60314 0.18023
vn -1.32672 -3.13396 4.75866
vt 0 0
v 0.98579 1.50229 0.149563
vn -1.67561 -2.36201 5.08331
vt 0 0
v 1.03207 1.53121 0.18023
vn -1.85669 -2.61395 4.89354
vt 0 0
v 0.98579 1.50229 0.149563
vn -1.67561 -2.36201 5.08331
vt 0 0
v 0.901422 1.60314 0.18023
vn -1.32672 -3.13396 4.75866
vt 0 0
v 0.867406 1.56747 0.149563
vn -1.20302 -2.84519 4.96834
vt 0 0
v 0.748003 1.65119 0.18023
vn -0.749302 -3.45678 4.66004
vt 0 0
v 0.867406 1.56747 0.149563
vn -1.20302 -2.84519 4.96834
vt 0 0
v 0.901422 1.60314 0.18023
vn -1.32672 -3.13396 4.75866
vt 0 0
v 0.867406 1.56747 0.149563
vn -1.20302 -2.84519 4.96834
vt 0 0
v 0.748003 1.65119 0.18023
vn -0.749302 -3.45678 4.66004
vt 0 0
v 0.728385 1.61101 0.149563
vn -0.681765 -3.14892 4.88327
vt 0 0
v 0.58145 1.67233 0.18023
vn -0.150794 -3.59255 4.61494
vt 0 0
v 0.728385 1.61101 0.149563
vn -0.681765 -3.14892 4.88327
vt 0 0
v 0.748003 1.65119 0.18023
vn -0.749302 -3.45678 4.66004
vt 0 0
v 0.728385 1.61101 0.149563
vn -0.681765 -3.14892 4.88327
vt 0 0
v 0.58145 1.67233 0.18023
vn -0.150794 -3.59255 4.61494
vt 0 0
v 0.577464 1.63017 0.149563
vn -0.137416 -3.27763 4.84407
vt 0 0
v 0.58145 1.67233 0.18023
vn -0.150794 -3.59255 4.61494
vt 0 0
v 0.424124 1.62375 0.149563
vn 0.411202 -3.23484 4.85732
vt 0 0
v 0.577464 1.63017 0.149563
vn -0.137416 -3.27763 4.84407
vt 0 0
v 0.424124 1.62375 0.149563
vn 0.411202 -3.23484 4.85732
vt 0 0
v 0.58145 1.67233 0.18023
vn -0.150794 -3.59255 4.61494
vt 0 0
v 0.412228 1.66524 0.18023
vn 0.451471 -3.54748 4.63015
vt 0 0
v 0.412228 1.66524 0.18023
vn 0.451471 -3.54748 4.63015
vt 0 0
v 0.278 1.59215 0.149563
vn 0.946662 -3.01927 4.92084
vt 0 0
v 0.424124 1.62375 0.149563
vn 0.411202 -3.23484 4.85732
vt 0 0
v 0.278 1.59215 0.149563
vn 0.946662 -3.01927 4.92084
vt 0 0
v 0.412228 1.66524 0.18023
vn 0.451471 -3.54748 4.63015
vt 0 0
v 0.250971 1.63038 0.18023
vn 1.04201 -3.3194 4.70347
vt 0 0
v 0.250971 1.63038 0.18023
vn 1.04201 -3.3194 4.70347
vt 0 0
v 0.148275 1.53736 0.149563
vn 1.44737 -2.62613 5.02348
vt 0 0
v 0.278 1.59215 0.149563
vn 0.946662 -3.01927 4.92084
vt 0 0
v 0.148275 1.53736 0.149563
vn 1.44737 -2.62613 5.02348
vt 0 0
v 0.250971 1.63038 0.18023
vn 1.04201 -3.3194 4.70347
vt 0 0
v 0.10781 1.56991 0.18023
vn 1.59982 -2.89912 4.82312
vt 0 0
v 0.10781 1.56991 0.18023
vn 1.59982 -2.89912 4.82312
vt 0 0
v 0.043099 1.46282 0.149563
vn 1.88291 -2.05371 5.14429
vt 0 0
v 0.148275 1.53736 0.149563
vn 1.44737 -2.62613 5.02348
vt 0 0
v 0.043099 1.46282 0.149563
vn 1.88291 -2.05371 5.14429
vt 0 0
v 0.10781 1.56991 0.18023
vn 1.59982 -2.89912 4.82312
vt 0 0
v -0.00825953 1.48766 0.18023
vn 2.09175 -2.27852 4.96586
vt 0 0
v -0.00825953 1.48766 0.18023
vn 2.09175 -2.27852 4.96586
vt 0 0
v -0.0309191 1.37322 0.149563
vn 2.21289 -1.3155 5.25351
vt 0 0
v 0.043099 1.46282 0.149563
vn 1.88291 -2.05371 5.14429
vt 0 0
v -0.0309191 1.37322 0.149563
vn 2.21289 -1.3155 5.25351
vt 0 0
v -0.00825953 1.48766 0.18023
vn 2.09175 -2.27852 4.96586
vt 0 0
v -0.0899438 1.38877 0.18023
vn 2.46985 -1.46624 5.09674
vt 0 0
v -0.0899438 1.38877 0.18023
vn 2.46985 -1.46624 5.09674
vt 0 0
v -0.0691286 1.27418 0.149563
vn 2.39342 -0.454028 5.31904
vt 0 0
v -0.0309191 1.37322 0.149563
vn 2.21289 -1.3155 5.25351
vt 0 0
v -0.0691286 1.27418 0.149563
vn 2.39342 -0.454028 5.31904
vt 0 0
v -0.0899438 1.38877 0.18023
vn 2.46985 -1.46624 5.09674
vt 0 0
v -0.132111 1.27948 0.18023
vn 2.67897 -0.507475 5.17614
vt 0 0
v -0.132111 1.27948 0.18023
vn 2.67897 -0.507475 5.17614
vt 0 0
v -0.0691286 1.17194 0.149563
vn 2.39342 0.454028 5.31904
vt 0 0
v -0.0691286 1.27418 0.149563
vn 2.39342 -0.454028 5.31904
vt 0 0
v -0.0691286 1.17194 0.149563
vn 2.39342 0.454028 5.31904
vt 0 0
v -0.132111 1.27948 0.18023
vn 2.67897 -0.507475 5.17614
vt 0 0
v -0.132111 1.16664 0.18023
vn 2.67897 0.507475 5.17614
vt 0 0
v -0.0691286 1.17194 0.149563
vn 2.39342 0.454028 5.31904
vt 0 0
v -0.0899438 1.05735 0.18023
vn 2.46985 1.46624 5.09674
vt 0 0
v -0.0309191 1.0729 0.149563
vn 2.21289 1.3155 5.25351
vt 0 0
v -0.0899438 1.05735 0.18023
vn 2.46985 1.46624 5.09674
vt 0 0
v -0.0691286 1.17194 0.149563
vn 2.39342 0.454028 5.31904
vt 0 0
v -0.132111 1.16664 0.18023
vn 2.67897 0.507475 5.17614
vt 0 0
v -0.0309191 1.0729 0.149563
vn 2.21289 1.3155 5.25351
vt 0 0
v -0.00825953 0.958463 0.18023
vn 2.09175 2.27852 4.96586
vt 0 0
v 0.043099 0.983296 0.149563
vn 1.88291 2.05371 5.14429
vt 0 0
v -0.00825953 0.958463 0.18023
vn 2.09175 2.27852 4.96586
vt 0 0
v -0.0309191 1.0729 0.149563
vn 2.21289 1.3155 5.25351
vt 0 0
v -0.0899438 1.05735 0.18023
vn 2.46985 1.46624 5.09674
vt 0 0
v 0.043099 0.983296 0.149563
vn 1.88291 2.05371 5.14429
vt 0 0
v 0.10781 0.876207 0.18023
vn 1.59982 2.89912 4.82312
vt 0 0
v 0.148275 0.908759 0.149563
vn 1.44737 2.62613 5.02348
vt 0 0
v 0.10781 0.876207 0.18023
vn 1.59982 2.89912 4.82312
vt 0 0
v 0.043099 0.983296 0.149563
vn 1.88291 2.05371 5.14429
vt 0 0
v -0.00825953 0.958463 0.18023
vn 2.09175 2.27852 4.96586
vt 0 0
v 0.148275 0.908759 0.149563
vn 1.44737 2.62613 5.02348
vt 0 0
v 0.250971 0.815744 0.18023
vn 1.04201 3.3194 4.70347
vt 0 0
v 0.278 0.853971 0.149563
vn 0.946662 3.01927 4.92084
vt 0 0
v 0.250971 0.815744 0.18023
vn 1.04201 3.3194 4.70347
vt 0 0
v 0.148275 0.908759 0.149563
vn 1.44737 2.62613 5.02348
vt 0 0
v 0.10781 0.876207 0.18023
vn 1.59982 2.89912 4.82312
vt 0 0
v 0.278 0.853971 0.149563
vn 0.946662 3.01927 4.92084
vt 0 0
v 0.412228 0.780875 0.18023
vn 0.451471 3.54748 4.63015
vt 0 0
v 0.424124 0.822374 0.149563
vn 0.411202 3.23484 4.85732
vt 0 0
v 0.412228 0.780875 0.18023
vn 0.451471 3.54748 4.63015
vt 0 0
v 0.278 0.853971 0.149563
vn 0.946662 3.01927 4.92084
vt 0 0
v 0.250971 0.815744 0.18023
vn 1.04201 3.3194 4.70347
vt 0 0
v 0.424124 0.822374 0.149563
vn 0.411202 3.23484 4.85732
vt 0 0
v 0.58145 0.77379 0.18023
vn -0.150794 3.59255 4.61494
vt 0 0
v 0.577464 0.815954 0.149563
vn -0.137416 3.27763 4.84407
vt 0 0
v 0.58145 0.77379 0.18023
vn -0.150794 3.59255 4.61494
vt 0 0
v 0.424124 0.822374 0.149563
vn 0.411202 3.23484 4.85732
vt 0 0
v 0.412228 0.780875 0.18023
vn 0.451471 3.54748 4.63015
vt 0 0
v 0.728385 0.835114 0.149563
vn -0.681765 3.14892 4.88327
vt 0 0
v 0.58145 0.77379 0.18023
vn -0.150794 3.59255 4.61494
vt 0 0
v 0.748003 0.794934 0.18023
vn -0.749302 3.45678 4.66004
vt 0 0
v 0.58145 0.77379 0.18023
vn -0.150794 3.59255 4.61494
vt 0 0
v 0.728385 0.835114 0.149563
vn -0.681765 3.14892 4.88327
vt 0 0
v 0.577464 0.815954 0.149563
vn -0.137416 3.27763 4.84407
vt 0 0
v 0.867406 0.878649 0.149563
vn -1.20302 2.84519 4.96834
vt 0 0
v 0.748003 0.794934 0.18023
vn -0.749302 3.45678 4.66004
vt 0 0
v 0.901422 0.842978 0.18023
vn -1.32672 3.13396 4.75866
vt 0 0
v 0.748003 0.794934 0.18023
vn -0.749302 3.45678 4.66004
vt 0 0
v 0.867406 0.878649 0.149563
vn -1.20302 2.84519 4.96834
vt 0 0
v 0.728385 0.835114 0.149563
vn -0.681765 3.14892 4.88327
vt 0 0
v 0.98579 0.943826 0.149563
vn -1.67561 2.36201 5.08331
vt 0 0
v 0.901422 0.842978 0.18023
vn -1.32672 3.13396 4.75866
vt 0 0
v 1.03207 0.914905 0.18023
vn -1.85669 2.61395 4.89354
vt 0 0
v 0.901422 0.842978 0.18023
vn -1.32672 3.13396 4.75866
vt 0 0
v 0.98579 0.943826 0.149563
vn -1.67561 2.36201 5.08331
vt 0 0
v 0.867406 0.878649 0.149563
vn -1.20302 2.84519 4.96834
vt 0 0
v 1.0761 1.02655 0.149563
vn -2.0639 1.70349 5.20243
vt 0 0
v 1.03207 0.914905 0.18023
vn -1.85669 2.61395 4.89354
vt 0 0
v 1.13173 1.00619 0.18023
vn -2.2985 1.89458 5.0353
vt 0 0
v 1.03207 0.914905 0.18023
vn -1.85669 2.61395 4.89354
vt 0 0
v 1.0761 1.02655 0.149563
vn -2.0639 1.70349 5.20243
vt 0 0
v 0.98579 0.943826 0.149563
vn -1.67561 2.36201 5.08331
vt 0 0
v 1.13266 1.12162 0.149563
vn -2.32434 0.89611 5.29351
vt 0 0
v 1.13173 1.00619 0.18023
vn -2.2985 1.89458 5.0353
vt 0 0
v 1.19415 1.11111 0.18023
vn -2.59874 1.0005 5.14513
vt 0 0
v 1.13173 1.00619 0.18023
vn -2.2985 1.89458 5.0353
vt 0 0
v 1.13266 1.12162 0.149563
vn -2.32434 0.89611 5.29351
vt 0 0
v 1.0761 1.02655 0.149563
vn -2.0639 1.70349 5.20243
vt 0 0
v 1.37787 1.15366 0.298424
vn -3.80578 0.473491 4.41799
vt 0 0
v 1.36592 1.22306 0.273428
vn -3.77369 0.00238287 4.47058
vt 0 0
v 1.33398 1.22306 0.250463
vn -3.5047 0.000505462 4.68443
vt 0 0
v 1.39327 1.15284 0.311674
vn -3.74573 0.876548 4.40771
vt 0 0
v 1.37787 1.15366 0.298424
vn -3.80578 0.473491 4.41799
vt 0 0
v 1.36689 1.14556 0.289051
vn -3.95988 0.404421 4.2875
vt 0 0
v 1.21139 1.10816 0.161402
vn 2.59874 -1.0005 -5.14513
vt 0 0
v 1.16804 1.22306 0.129929
vn 2.41685 1.05168e-015 -5.32782
vt 0 0
v 1.2332 1.22306 0.161402
vn 2.70623 2.49537e-015 -5.18682
vt 0 0
v 1.16804 1.22306 0.129929
vn 2.41685 1.05168e-015 -5.32782
vt 0 0
v 1.21139 1.10816 0.161402
vn 2.59874 -1.0005 -5.14513
vt 0 0
v 1.14828 1.11895 0.129929
vn 2.32434 -0.89611 -5.29351
vt 0 0
v 1.36689 1.14556 0.289051
vn -0.235705 -4.6535 3.53782
vt 0 0
v 1.35592 1.13746 0.279677
vn -0.153932 -2.74315 5.1651
vt 0 0
v 1.41637 1.1423 0.288127
vn -0.308647 -5.17743 2.70662
vt 0 0
v 1.45113 1.14977 0.311674
vn -0.312346 -5.82561 0.437544
vt 0 0
v 1.36689 1.14556 0.289051
vn -0.235705 -4.6535 3.53782
vt 0 0
v 1.41637 1.1423 0.288127
vn -0.308647 -5.17743 2.70662
vt 0 0
v 1.14733 1.00049 0.161402
vn 2.2985 -1.89458 -5.0353
vt 0 0
v 1.14828 1.11895 0.129929
vn 2.32434 -0.89611 -5.29351
vt 0 0
v 1.21139 1.10816 0.161402
vn 2.59874 -1.0005 -5.14513
vt 0 0
v 1.14828 1.11895 0.129929
vn 2.32434 -0.89611 -5.29351
vt 0 0
v 1.14733 1.00049 0.161402
vn 2.2985 -1.89458 -5.0353
vt 0 0
v 1.09023 1.02138 0.129929
vn 2.0639 -1.70349 -5.20243
vt 0 0
v 1.04504 0.906796 0.161402
vn 1.85669 -2.61395 -4.89354
vt 0 0
v 1.09023 1.02138 0.129929
vn 2.0639 -1.70349 -5.20243
vt 0 0
v 1.14733 1.00049 0.161402
vn 2.2985 -1.89458 -5.0353
vt 0 0
v 1.09023 1.02138 0.129929
vn 2.0639 -1.70349 -5.20243
vt 0 0
v 1.04504 0.906796 0.161402
vn 1.85669 -2.61395 -4.89354
vt 0 0
v 0.997548 0.936478 0.129929
vn 1.67561 -2.36201 -5.08331
vt 0 0
v 0.910959 0.832977 0.161402
vn 1.32672 -3.13396 -4.75866
vt 0 0
v 0.997548 0.936478 0.129929
vn 1.67561 -2.36201 -5.08331
vt 0 0
v 1.04504 0.906796 0.161402
vn 1.85669 -2.61395 -4.89354
vt 0 0
v 0.997548 0.936478 0.129929
vn 1.67561 -2.36201 -5.08331
vt 0 0
v 0.910959 0.832977 0.161402
vn 1.32672 -3.13396 -4.75866
vt 0 0
v 0.876048 0.869586 0.129929
vn 1.20302 -2.84519 -4.96834
vt 0 0
v 0.753503 0.783668 0.161402
vn 0.749302 -3.45678 -4.66004
vt 0 0
v 0.876048 0.869586 0.129929
vn 1.20302 -2.84519 -4.96834
vt 0 0
v 0.910959 0.832977 0.161402
vn 1.32672 -3.13396 -4.75866
vt 0 0
v 0.876048 0.869586 0.129929
vn 1.20302 -2.84519 -4.96834
vt 0 0
v 0.753503 0.783668 0.161402
vn 0.749302 -3.45678 -4.66004
vt 0 0
v 0.73337 0.824905 0.129929
vn 0.681765 -3.14892 -4.88327
vt 0 0
v 0.582567 0.761967 0.161402
vn 0.150794 -3.59255 -4.61494
vt 0 0
v 0.73337 0.824905 0.129929
vn 0.681765 -3.14892 -4.88327
vt 0 0
v 0.753503 0.783668 0.161402
vn 0.749302 -3.45678 -4.66004
vt 0 0
v 0.73337 0.824905 0.129929
vn 0.681765 -3.14892 -4.88327
vt 0 0
v 0.582567 0.761967 0.161402
vn 0.150794 -3.59255 -4.61494
vt 0 0
v 0.578476 0.805241 0.129929
vn 0.137416 -3.27763 -4.84407
vt 0 0
v 0.582567 0.761967 0.161402
vn 0.150794 -3.59255 -4.61494
vt 0 0
v 0.421101 0.81183 0.129929
vn -0.411202 -3.23484 -4.85732
vt 0 0
v 0.578476 0.805241 0.129929
vn 0.137416 -3.27763 -4.84407
vt 0 0
v 0.421101 0.81183 0.129929
vn -0.411202 -3.23484 -4.85732
vt 0 0
v 0.582567 0.761967 0.161402
vn 0.150794 -3.59255 -4.61494
vt 0 0
v 0.408893 0.769239 0.161402
vn -0.451471 -3.54748 -4.63015
vt 0 0
v 0.408893 0.769239 0.161402
vn -0.451471 -3.54748 -4.63015
vt 0 0
v 0.271133 0.844259 0.129929
vn -0.946662 -3.01927 -4.92084
vt 0 0
v 0.421101 0.81183 0.129929
vn -0.411202 -3.23484 -4.85732
vt 0 0
v 0.271133 0.844259 0.129929
vn -0.946662 -3.01927 -4.92084
vt 0 0
v 0.408893 0.769239 0.161402
vn -0.451471 -3.54748 -4.63015
vt 0 0
v 0.243392 0.805026 0.161402
vn -1.04201 -3.3194 -4.70347
vt 0 0
v 0.243392 0.805026 0.161402
vn -1.04201 -3.3194 -4.70347
vt 0 0
v 0.137994 0.900488 0.129929
vn -1.44737 -2.62613 -5.02348
vt 0 0
v 0.271133 0.844259 0.129929
vn -0.946662 -3.01927 -4.92084
vt 0 0
v 0.137994 0.900488 0.129929
vn -1.44737 -2.62613 -5.02348
vt 0 0
v 0.243392 0.805026 0.161402
vn -1.04201 -3.3194 -4.70347
vt 0 0
v 0.0964636 0.867079 0.161402
vn -1.59982 -2.89912 -4.82312
vt 0 0
v 0.0964636 0.867079 0.161402
vn -1.59982 -2.89912 -4.82312
vt 0 0
v 0.0300502 0.976987 0.129929
vn -1.88291 -2.05371 -5.14429
vt 0 0
v 0.137994 0.900488 0.129929
vn -1.44737 -2.62613 -5.02348
vt 0 0
v 0.0300502 0.976987 0.129929
vn -1.88291 -2.05371 -5.14429
vt 0 0
v 0.0964636 0.867079 0.161402
vn -1.59982 -2.89912 -4.82312
vt 0 0
v -0.0226599 0.951501 0.161402
vn -2.09175 -2.27852 -4.96586
vt 0 0
v -0.0226599 0.951501 0.161402
vn -2.09175 -2.27852 -4.96586
vt 0 0
v -0.0459158 1.06895 0.129929
vn -2.21289 -1.3155 -5.25351
vt 0 0
v 0.0300502 0.976987 0.129929
vn -1.88291 -2.05371 -5.14429
vt 0 0
v -0.0459158 1.06895 0.129929
vn -2.21289 -1.3155 -5.25351
vt 0 0
v -0.0226599 0.951501 0.161402
vn -2.09175 -2.27852 -4.96586
vt 0 0
v -0.106494 1.05298 0.161402
vn -2.46985 -1.46624 -5.09674
vt 0 0
v -0.106494 1.05298 0.161402
vn -2.46985 -1.46624 -5.09674
vt 0 0
v -0.0851308 1.17059 0.129929
vn -2.39342 -0.454028 -5.31904
vt 0 0
v -0.0459158 1.06895 0.129929
vn -2.21289 -1.3155 -5.25351
vt 0 0
v -0.0851308 1.17059 0.129929
vn -2.39342 -0.454028 -5.31904
vt 0 0
v -0.106494 1.05298 0.161402
vn -2.46985 -1.46624 -5.09674
vt 0 0
v -0.14977 1.16516 0.161402
vn -2.67897 -0.507475 -5.17614
vt 0 0
v 0.137994 1.54563 0.129929
vn -1.44737 2.62613 -5.02348
vt 0 0
v 0.243392 1.64109 0.161402
vn -1.04201 3.3194 -4.70347
vt 0 0
v 0.271133 1.60186 0.129929
vn -0.946662 3.01927 -4.92084
vt 0 0
v 0.243392 1.64109 0.161402
vn -1.04201 3.3194 -4.70347
vt 0 0
v 0.137994 1.54563 0.129929
vn -1.44737 2.62613 -5.02348
vt 0 0
v 0.0964636 1.57904 0.161402
vn -1.59982 2.89912 -4.82312
vt 0 0
v 0.271133 1.60186 0.129929
vn -0.946662 3.01927 -4.92084
vt 0 0
v 0.408893 1.67688 0.161402
vn -0.451471 3.54748 -4.63015
vt 0 0
v 0.421101 1.63429 0.129929
vn -0.411202 3.23484 -4.85732
vt 0 0
v 0.408893 1.67688 0.161402
vn -0.451471 3.54748 -4.63015
vt 0 0
v 0.271133 1.60186 0.129929
vn -0.946662 3.01927 -4.92084
vt 0 0
v 0.243392 1.64109 0.161402
vn -1.04201 3.3194 -4.70347
vt 0 0
v 0.421101 1.63429 0.129929
vn -0.411202 3.23484 -4.85732
vt 0 0
v 0.582567 1.68415 0.161402
vn 0.150794 3.59255 -4.61494
vt 0 0
v 0.578476 1.64088 0.129929
vn 0.137416 3.27763 -4.84407
vt 0 0
v 0.582567 1.68415 0.161402
vn 0.150794 3.59255 -4.61494
vt 0 0
v 0.421101 1.63429 0.129929
vn -0.411202 3.23484 -4.85732
vt 0 0
v 0.408893 1.67688 0.161402
vn -0.451471 3.54748 -4.63015
vt 0 0
v 0.73337 1.62121 0.129929
vn 0.681765 3.14892 -4.88327
vt 0 0
v 0.582567 1.68415 0.161402
vn 0.150794 3.59255 -4.61494
vt 0 0
v 0.753503 1.66245 0.161402
vn 0.749302 3.45678 -4.66004
vt 0 0
v 0.582567 1.68415 0.161402
vn 0.150794 3.59255 -4.61494
vt 0 0
v 0.73337 1.62121 0.129929
vn 0.681765 3.14892 -4.88327
vt 0 0
v 0.578476 1.64088 0.129929
vn 0.137416 3.27763 -4.84407
vt 0 0
v 0.876048 1.57653 0.129929
vn 1.20302 2.84519 -4.96834
vt 0 0
v 0.753503 1.66245 0.161402
vn 0.749302 3.45678 -4.66004
vt 0 0
v 0.910959 1.61314 0.161402
vn 1.32672 3.13396 -4.75866
vt 0 0
v 0.753503 1.66245 0.161402
vn 0.749302 3.45678 -4.66004
vt 0 0
v 0.876048 1.57653 0.129929
vn 1.20302 2.84519 -4.96834
vt 0 0
v 0.73337 1.62121 0.129929
vn 0.681765 3.14892 -4.88327
vt 0 0
v 0.997548 1.50964 0.129929
vn 1.67561 2.36201 -5.08331
vt 0 0
v 0.910959 1.61314 0.161402
vn 1.32672 3.13396 -4.75866
vt 0 0
v 1.04504 1.53932 0.161402
vn 1.85669 2.61395 -4.89354
vt 0 0
v 0.910959 1.61314 0.161402
vn 1.32672 3.13396 -4.75866
vt 0 0
v 0.997548 1.50964 0.129929
vn 1.67561 2.36201 -5.08331
vt 0 0
v 0.876048 1.57653 0.129929
vn 1.20302 2.84519 -4.96834
vt 0 0
v 1.09023 1.42474 0.129929
vn 2.0639 1.70349 -5.20243
vt 0 0
v 1.04504 1.53932 0.161402
vn 1.85669 2.61395 -4.89354
vt 0 0
v 1.14733 1.44563 0.161402
vn 2.2985 1.89458 -5.0353
vt 0 0
v 1.04504 1.53932 0.161402
vn 1.85669 2.61395 -4.89354
vt 0 0
v 1.09023 1.42474 0.129929
vn 2.0639 1.70349 -5.20243
vt 0 0
v 0.997548 1.50964 0.129929
vn 1.67561 2.36201 -5.08331
vt 0 0
v 1.14828 1.32717 0.129929
vn 2.32434 0.89611 -5.29351
vt 0 0
v 1.14733 1.44563 0.161402
vn 2.2985 1.89458 -5.0353
vt 0 0
v 1.21139 1.33796 0.161402
vn 2.59874 1.0005 -5.14513
vt 0 0
v 1.14733 1.44563 0.161402
vn 2.2985 1.89458 -5.0353
vt 0 0
v 1.14828 1.32717 0.129929
vn 2.32434 0.89611 -5.29351
vt 0 0
v 1.09023 1.42474 0.129929
vn 2.0639 1.70349 -5.20243
vt 0 0
v 1.16804 1.22306 0.129929
vn 2.41685 1.05168e-015 -5.32782
vt 0 0
v 1.21139 1.33796 0.161402
vn 2.59874 1.0005 -5.14513
vt 0 0
v 1.2332 1.22306 0.161402
vn 2.70623 2.49537e-015 -5.18682
vt 0 0
v 1.21139 1.33796 0.161402
vn 2.59874 1.0005 -5.14513
vt 0 0
v 1.16804 1.22306 0.129929
vn 2.41685 1.05168e-015 -5.32782
vt 0 0
v 1.14828 1.32717 0.129929
vn 2.32434 0.89611 -5.29351
vt 0 0
v 1.45113 1.14977 0.311674
vn 3.42334 -0.0520613 -4.74393
vt 0 0
v 1.4616 1.29726 0.319234
vn 3.22973 1.32399e-017 -4.87808
vt 0 0
v 1.4616 1.14922 0.319234
vn 3.22973 1.32399e-017 -4.87808
vt 0 0
v 1.45113 1.14977 0.311674
vn 3.42334 -0.0520613 -4.74393
vt 0 0
v 1.44605 1.29643 0.308004
vn 3.42299 0.0607293 -4.74408
vt 0 0
v 1.4616 1.29726 0.319234
vn 3.22973 1.32399e-017 -4.87808
vt 0 0
v 1.43074 1.15085 0.296947
vn 3.44712 -0.496201 -4.70084
vt 0 0
v 1.44605 1.29643 0.308004
vn 3.42299 0.0607293 -4.74408
vt 0 0
v 1.45113 1.14977 0.311674
vn 3.42334 -0.0520613 -4.74393
vt 0 0
v 1.44605 1.29643 0.308004
vn 3.42299 0.0607293 -4.74408
vt 0 0
v 1.43074 1.15085 0.296947
vn 3.44712 -0.496201 -4.70084
vt 0 0
v 1.43074 1.29562 0.296947
vn 3.44533 0.500314 -4.70172
vt 0 0
v 1.44605 1.29643 0.308004
vn -0.297383 5.82043 0.51088
vt 0 0
v 1.41635 1.30413 0.288127
vn -0.296206 5.05343 2.9329
vt 0 0
v 1.36689 1.30087 0.289051
vn -0.212794 4.65785 3.53355
vt 0 0
v 1.36689 1.30087 0.289051
vn -0.212794 4.65785 3.53355
vt 0 0
v 1.41635 1.30413 0.288127
vn -0.296206 5.05343 2.9329
vt 0 0
v 1.35592 1.30893 0.279677
vn -0.154677 2.75151 5.16063
vt 0 0
v 1.39327 1.29363 0.311674
vn -3.74626 -0.87247 4.40807
vt 0 0
v 1.36689 1.30087 0.289051
vn -3.9588 -0.403971 4.28853
vt 0 0
v 1.37787 1.29281 0.298424
vn -3.80574 -0.471222 4.41827
vt 0 0
v 1.37787 1.29281 0.298424
vn -3.80574 -0.471222 4.41827
vt 0 0
v 1.33398 1.22306 0.250463
vn -3.5047 0.000505462 4.68443
vt 0 0
v 1.36592 1.22306 0.273428
vn -3.77369 0.00238287 4.47058
vt 0 0
v 1.2154 1.22306 0.18023
vn -2.70623 -2.09248e-015 5.18682
vt 0 0
v 1.25293 1.10107 0.21385
vn -2.87254 1.10433 4.97552
vt 0 0
v 1.27609 1.22306 0.21385
vn -2.99639 -2.10782e-015 5.02478
vt 0 0
v 1.25293 1.10107 0.21385
vn -2.87254 1.10433 4.97552
vt 0 0
v 1.2154 1.22306 0.18023
vn -2.70623 -2.09248e-015 5.18682
vt 0 0
v 1.19415 1.11111 0.18023
vn -2.59874 1.0005 5.14513
vt 0 0
v 1.19415 1.33501 0.18023
vn -2.59874 -1.0005 5.14513
vt 0 0
v 1.15192 1.22306 0.149563
vn -2.41685 -1.06466e-015 5.32782
vt 0 0
v 1.2154 1.22306 0.18023
vn -2.70623 -2.09248e-015 5.18682
vt 0 0
v 1.15192 1.22306 0.149563
vn -2.41685 -1.06466e-015 5.32782
vt 0 0
v 1.19415 1.33501 0.18023
vn -2.59874 -1.0005 5.14513
vt 0 0
v 1.13266 1.3245 0.149563
vn -2.32434 -0.89611 5.29351
vt 0 0
v -0.017915 1.26988 0.101616
vn -2.10888 0.400616 -5.44233
vt 0 0
v -0.0459158 1.37717 0.129929
vn -2.21289 1.3155 -5.25351
vt 0 0
v 0.0170765 1.36058 0.101616
vn -1.95468 1.16361 -5.38999
vt 0 0
v -0.0459158 1.37717 0.129929
vn -2.21289 1.3155 -5.25351
vt 0 0
v -0.017915 1.26988 0.101616
vn -2.10888 0.400616 -5.44233
vt 0 0
v -0.0851308 1.27553 0.129929
vn -2.39342 0.454028 -5.31904
vt 0 0
v -0.0851308 1.17059 0.129929
vn -2.39342 -0.454028 -5.31904
vt 0 0
v -0.14977 1.28096 0.161402
vn -2.67897 0.507475 -5.17614
vt 0 0
v -0.0851308 1.27553 0.129929
vn -2.39342 0.454028 -5.31904
vt 0 0
v -0.14977 1.28096 0.161402
vn -2.67897 0.507475 -5.17614
vt 0 0
v -0.0851308 1.17059 0.129929
vn -2.39342 -0.454028 -5.31904
vt 0 0
v -0.14977 1.16516 0.161402
vn -2.67897 -0.507475 -5.17614
vt 0 0
v 0.0170765 1.36058 0.101616
vn -1.95468 1.16361 -5.38999
vt 0 0
v 0.0300502 1.46913 0.129929
vn -1.88291 2.05371 -5.14429
vt 0 0
v 0.084861 1.44263 0.101616
vn -1.67013 1.82407 -5.30191
vt 0 0
v 0.0300502 1.46913 0.129929
vn -1.88291 2.05371 -5.14429
vt 0 0
v 0.0170765 1.36058 0.101616
vn -1.95468 1.16361 -5.38999
vt 0 0
v -0.0459158 1.37717 0.129929
vn -2.21289 1.3155 -5.25351
vt 0 0
v 0.0300502 1.46913 0.129929
vn -1.88291 2.05371 -5.14429
vt 0 0
v 0.0964636 1.57904 0.161402
vn -1.59982 2.89912 -4.82312
vt 0 0
v 0.137994 1.54563 0.129929
vn -1.44737 2.62613 -5.02348
vt 0 0
v 0.0964636 1.57904 0.161402
vn -1.59982 2.89912 -4.82312
vt 0 0
v 0.0300502 1.46913 0.129929
vn -1.88291 2.05371 -5.14429
vt 0 0
v -0.0226599 1.49462 0.161402
vn -2.09175 2.27852 -4.96586
vt 0 0
v 1.18491 1.45938 0.21385
vn -2.52961 -2.08228 4.84685
vt 0 0
v 1.19415 1.33501 0.18023
vn -2.59874 -1.0005 5.14513
vt 0 0
v 1.25293 1.34505 0.21385
vn -2.87254 -1.10433 4.97552
vt 0 0
v 1.19415 1.33501 0.18023
vn -2.59874 -1.0005 5.14513
vt 0 0
v 1.18491 1.45938 0.21385
vn -2.52961 -2.08228 4.84685
vt 0 0
v 1.13173 1.43993 0.18023
vn -2.2985 -1.89458 5.0353
vt 0 0
v 1.07631 1.55886 0.21385
vn -2.0322 -2.85749 4.68313
vt 0 0
v 1.13173 1.43993 0.18023
vn -2.2985 -1.89458 5.0353
vt 0 0
v 1.18491 1.45938 0.21385
vn -2.52961 -2.08228 4.84685
vt 0 0
v 1.13173 1.43993 0.18023
vn -2.2985 -1.89458 5.0353
vt 0 0
v 1.07631 1.55886 0.21385
vn -2.0322 -2.85749 4.68313
vt 0 0
v 1.03207 1.53121 0.18023
vn -1.85669 -2.61395 4.89354
vt 0 0
v 0.933941 1.63724 0.21385
vn -1.44481 -3.40895 4.52972
vt 0 0
v 1.03207 1.53121 0.18023
vn -1.85669 -2.61395 4.89354
vt 0 0
v 1.07631 1.55886 0.21385
vn -2.0322 -2.85749 4.68313
vt 0 0
v 1.03207 1.53121 0.18023
vn -1.85669 -2.61395 4.89354
vt 0 0
v 0.933941 1.63724 0.21385
vn -1.44481 -3.40895 4.52972
vt 0 0
v 0.901422 1.60314 0.18023
vn -1.32672 -3.13396 4.75866
vt 0 0
v 0.766757 1.6896 0.21385
vn -0.813055 -3.74679 4.41897
vt 0 0
v 0.901422 1.60314 0.18023
vn -1.32672 -3.13396 4.75866
vt 0 0
v 0.933941 1.63724 0.21385
vn -1.44481 -3.40895 4.52972
vt 0 0
v 0.901422 1.60314 0.18023
vn -1.32672 -3.13396 4.75866
vt 0 0
v 0.766757 1.6896 0.21385
vn -0.813055 -3.74679 4.41897
vt 0 0
v 0.748003 1.65119 0.18023
vn -0.749302 -3.45678 4.66004
vt 0 0
v 0.585261 1.71264 0.21385
vn -0.163359 -3.88774 4.3687
vt 0 0
v 0.748003 1.65119 0.18023
vn -0.749302 -3.45678 4.66004
vt 0 0
v 0.766757 1.6896 0.21385
vn -0.813055 -3.74679 4.41897
vt 0 0
v 0.748003 1.65119 0.18023
vn -0.749302 -3.45678 4.66004
vt 0 0
v 0.585261 1.71264 0.21385
vn -0.163359 -3.88774 4.3687
vt 0 0
v 0.58145 1.67233 0.18023
vn -0.150794 -3.59255 4.61494
vt 0 0
v 0.585261 1.71264 0.21385
vn -0.163359 -3.88774 4.3687
vt 0 0
v 0.412228 1.66524 0.18023
vn 0.451471 -3.54748 4.63015
vt 0 0
v 0.58145 1.67233 0.18023
vn -0.150794 -3.59255 4.61494
vt 0 0
v 0.412228 1.66524 0.18023
vn 0.451471 -3.54748 4.63015
vt 0 0
v 0.585261 1.71264 0.21385
vn -0.163359 -3.88774 4.3687
vt 0 0
v 0.400856 1.70492 0.21385
vn 0.489357 -3.84103 4.38564
vt 0 0
v 0.400856 1.70492 0.21385
vn 0.489357 -3.84103 4.38564
vt 0 0
v 0.250971 1.63038 0.18023
vn 1.04201 -3.3194 4.70347
vt 0 0
v 0.412228 1.66524 0.18023
vn 0.451471 -3.54748 4.63015
vt 0 0
v 0.250971 1.63038 0.18023
vn 1.04201 -3.3194 4.70347
vt 0 0
v 0.400856 1.70492 0.21385
vn 0.489357 -3.84103 4.38564
vt 0 0
v 0.22513 1.66692 0.21385
vn 1.13245 -3.60346 4.46759
vt 0 0
v 0.22513 1.66692 0.21385
vn 1.13245 -3.60346 4.46759
vt 0 0
v 0.10781 1.56991 0.18023
vn 1.59982 -2.89912 4.82312
vt 0 0
v 0.250971 1.63038 0.18023
vn 1.04201 -3.3194 4.70347
vt 0 0
v 0.10781 1.56991 0.18023
vn 1.59982 -2.89912 4.82312
vt 0 0
v 0.22513 1.66692 0.21385
vn 1.13245 -3.60346 4.46759
vt 0 0
v 0.0691241 1.60103 0.21385
vn 1.74639 -3.16096 4.60275
vt 0 0
v 0.0691241 1.60103 0.21385
vn 1.74639 -3.16096 4.60275
vt 0 0
v -0.00825953 1.48766 0.18023
vn 2.09175 -2.27852 4.96586
vt 0 0
v 0.10781 1.56991 0.18023
vn 1.59982 -2.89912 4.82312
vt 0 0
v -0.00825953 1.48766 0.18023
vn 2.09175 -2.27852 4.96586
vt 0 0
v 0.0691241 1.60103 0.21385
vn 1.74639 -3.16096 4.60275
vt 0 0
v -0.0573591 1.5114 0.21385
vn 2.29585 -2.49761 4.76632
vt 0 0
v -0.0573591 1.5114 0.21385
vn 2.29585 -2.49761 4.76632
vt 0 0
v -0.0899438 1.38877 0.18023
vn 2.46985 -1.46624 5.09674
vt 0 0
v -0.00825953 1.48766 0.18023
vn 2.09175 -2.27852 4.96586
vt 0 0
v -0.0899438 1.38877 0.18023
vn 2.46985 -1.46624 5.09674
vt 0 0
v -0.0573591 1.5114 0.21385
vn 2.29585 -2.49761 4.76632
vt 0 0
v -0.146372 1.40364 0.21385
vn 2.7248 -1.61534 4.91863
vt 0 0
v -0.146372 1.40364 0.21385
vn 2.7248 -1.61534 4.91863
vt 0 0
v -0.132111 1.27948 0.18023
vn 2.67897 -0.507475 5.17614
vt 0 0
v -0.0899438 1.38877 0.18023
vn 2.46985 -1.46624 5.09674
vt 0 0
v -0.132111 1.27948 0.18023
vn 2.67897 -0.507475 5.17614
vt 0 0
v -0.146372 1.40364 0.21385
vn 2.7248 -1.61534 4.91863
vt 0 0
v -0.192323 1.28454 0.21385
vn 2.96492 -0.560827 5.01214
vt 0 0
v -0.192323 1.28454 0.21385
vn 2.96492 -0.560827 5.01214
vt 0 0
v -0.132111 1.16664 0.18023
vn 2.67897 0.507475 5.17614
vt 0 0
v -0.132111 1.27948 0.18023
vn 2.67897 -0.507475 5.17614
vt 0 0
v -0.132111 1.16664 0.18023
vn 2.67897 0.507475 5.17614
vt 0 0
v -0.192323 1.28454 0.21385
vn 2.96492 -0.560827 5.01214
vt 0 0
v -0.192323 1.16158 0.21385
vn 2.96492 0.560827 5.01214
vt 0 0
v -0.132111 1.16664 0.18023
vn 2.67897 0.507475 5.17614
vt 0 0
v -0.146372 1.04248 0.21385
vn 2.7248 1.61534 4.91863
vt 0 0
v -0.0899438 1.05735 0.18023
vn 2.46985 1.46624 5.09674
vt 0 0
v -0.146372 1.04248 0.21385
vn 2.7248 1.61534 4.91863
vt 0 0
v -0.132111 1.16664 0.18023
vn 2.67897 0.507475 5.17614
vt 0 0
v -0.192323 1.16158 0.21385
vn 2.96492 0.560827 5.01214
vt 0 0
v -0.0899438 1.05735 0.18023
vn 2.46985 1.46624 5.09674
vt 0 0
v -0.0573591 0.934723 0.21385
vn 2.29585 2.49761 4.76632
vt 0 0
v -0.00825953 0.958463 0.18023
vn 2.09175 2.27852 4.96586
vt 0 0
v -0.0573591 0.934723 0.21385
vn 2.29585 2.49761 4.76632
vt 0 0
v -0.0899438 1.05735 0.18023
vn 2.46985 1.46624 5.09674
vt 0 0
v -0.146372 1.04248 0.21385
vn 2.7248 1.61534 4.91863
vt 0 0
v -0.00825953 0.958463 0.18023
vn 2.09175 2.27852 4.96586
vt 0 0
v 0.0691241 0.845086 0.21385
vn 1.74639 3.16096 4.60275
vt 0 0
v 0.10781 0.876207 0.18023
vn 1.59982 2.89912 4.82312
vt 0 0
v 0.0691241 0.845086 0.21385
vn 1.74639 3.16096 4.60275
vt 0 0
v -0.00825953 0.958463 0.18023
vn 2.09175 2.27852 4.96586
vt 0 0
v -0.0573591 0.934723 0.21385
vn 2.29585 2.49761 4.76632
vt 0 0
v 0.10781 0.876207 0.18023
vn 1.59982 2.89912 4.82312
vt 0 0
v 0.22513 0.779199 0.21385
vn 1.13245 3.60346 4.46759
vt 0 0
v 0.250971 0.815744 0.18023
vn 1.04201 3.3194 4.70347
vt 0 0
v 0.22513 0.779199 0.21385
vn 1.13245 3.60346 4.46759
vt 0 0
v 0.10781 0.876207 0.18023
vn 1.59982 2.89912 4.82312
vt 0 0
v 0.0691241 0.845086 0.21385
vn 1.74639 3.16096 4.60275
vt 0 0
v 0.250971 0.815744 0.18023
vn 1.04201 3.3194 4.70347
vt 0 0
v 0.400856 0.741201 0.21385
vn 0.489357 3.84103 4.38564
vt 0 0
v 0.412228 0.780875 0.18023
vn 0.451471 3.54748 4.63015
vt 0 0
v 0.400856 0.741201 0.21385
vn 0.489357 3.84103 4.38564
vt 0 0
v 0.250971 0.815744 0.18023
vn 1.04201 3.3194 4.70347
vt 0 0
v 0.22513 0.779199 0.21385
vn 1.13245 3.60346 4.46759
vt 0 0
v 0.412228 0.780875 0.18023
vn 0.451471 3.54748 4.63015
vt 0 0
v 0.585261 0.73348 0.21385
vn -0.163359 3.88774 4.3687
vt 0 0
v 0.58145 0.77379 0.18023
vn -0.150794 3.59255 4.61494
vt 0 0
v 0.585261 0.73348 0.21385
vn -0.163359 3.88774 4.3687
vt 0 0
v 0.412228 0.780875 0.18023
vn 0.451471 3.54748 4.63015
vt 0 0
v 0.400856 0.741201 0.21385
vn 0.489357 3.84103 4.38564
vt 0 0
v 0.748003 0.794934 0.18023
vn -0.749302 3.45678 4.66004
vt 0 0
v 0.585261 0.73348 0.21385
vn -0.163359 3.88774 4.3687
vt 0 0
v 0.766757 0.756521 0.21385
vn -0.813055 3.74679 4.41897
vt 0 0
v 0.585261 0.73348 0.21385
vn -0.163359 3.88774 4.3687
vt 0 0
v 0.748003 0.794934 0.18023
vn -0.749302 3.45678 4.66004
vt 0 0
v 0.58145 0.77379 0.18023
vn -0.150794 3.59255 4.61494
vt 0 0
v 0.901422 0.842978 0.18023
vn -1.32672 3.13396 4.75866
vt 0 0
v 0.766757 0.756521 0.21385
vn -0.813055 3.74679 4.41897
vt 0 0
v 0.933941 0.808877 0.21385
vn -1.44481 3.40895 4.52972
vt 0 0
v 0.766757 0.756521 0.21385
vn -0.813055 3.74679 4.41897
vt 0 0
v 0.901422 0.842978 0.18023
vn -1.32672 3.13396 4.75866
vt 0 0
v 0.748003 0.794934 0.18023
vn -0.749302 3.45678 4.66004
vt 0 0
v 1.03207 0.914905 0.18023
vn -1.85669 2.61395 4.89354
vt 0 0
v 0.933941 0.808877 0.21385
vn -1.44481 3.40895 4.52972
vt 0 0
v 1.07631 0.887257 0.21385
vn -2.0322 2.85749 4.68313
vt 0 0
v 0.933941 0.808877 0.21385
vn -1.44481 3.40895 4.52972
vt 0 0
v 1.03207 0.914905 0.18023
vn -1.85669 2.61395 4.89354
vt 0 0
v 0.901422 0.842978 0.18023
vn -1.32672 3.13396 4.75866
vt 0 0
v 1.13173 1.00619 0.18023
vn -2.2985 1.89458 5.0353
vt 0 0
v 1.07631 0.887257 0.21385
vn -2.0322 2.85749 4.68313
vt 0 0
v 1.18491 0.986737 0.21385
vn -2.52961 2.08228 4.84685
vt 0 0
v 1.07631 0.887257 0.21385
vn -2.0322 2.85749 4.68313
vt 0 0
v 1.13173 1.00619 0.18023
vn -2.2985 1.89458 5.0353
vt 0 0
v 1.03207 0.914905 0.18023
vn -1.85669 2.61395 4.89354
vt 0 0
v 1.19415 1.11111 0.18023
vn -2.59874 1.0005 5.14513
vt 0 0
v 1.18491 0.986737 0.21385
vn -2.52961 2.08228 4.84685
vt 0 0
v 1.25293 1.10107 0.21385
vn -2.87254 1.10433 4.97552
vt 0 0
v 1.18491 0.986737 0.21385
vn -2.52961 2.08228 4.84685
vt 0 0
v 1.19415 1.11111 0.18023
vn -2.59874 1.0005 5.14513
vt 0 0
v 1.13173 1.00619 0.18023
vn -2.2985 1.89458 5.0353
vt 0 0
v 1.37787 1.15366 0.298424
vn -3.80578 0.473491 4.41799
vt 0 0
v 1.35592 1.13746 0.279677
vn -3.88447 0.488449 4.34731
vt 0 0
v 1.36689 1.14556 0.289051
vn -3.95988 0.404421 4.2875
vt 0 0
v 1.35592 1.13746 0.279677
vn -3.88447 0.488449 4.34731
vt 0 0
v 1.37787 1.15366 0.298424
vn -3.80578 0.473491 4.41799
vt 0 0
v 1.33398 1.22306 0.250463
vn -3.5047 0.000505462 4.68443
vt 0 0
v 1.27172 1.09786 0.195907
vn 2.87254 -1.10433 -4.97552
vt 0 0
v 1.2332 1.22306 0.161402
vn 2.70623 2.49537e-015 -5.18682
vt 0 0
v 1.29549 1.22306 0.195907
vn 2.99639 4.16359e-015 -5.02478
vt 0 0
v 1.2332 1.22306 0.161402
vn 2.70623 2.49537e-015 -5.18682
vt 0 0
v 1.27172 1.09786 0.195907
vn 2.87254 -1.10433 -4.97552
vt 0 0
v 1.21139 1.10816 0.161402
vn 2.59874 -1.0005 -5.14513
vt 0 0
v 1.41637 1.1423 0.288127
vn -0.308647 -5.17743 2.70662
vt 0 0
v 1.35592 1.13746 0.279677
vn -0.153932 -2.74315 5.1651
vt 0 0
v 1.40199 1.13374 0.279308
vn -0.2525 -3.33997 4.79663
vt 0 0
v 1.45113 1.14977 0.311674
vn 3.42334 -0.0520613 -4.74393
vt 0 0
v 1.41637 1.1423 0.288127
vn 3.31394 -0.64218 -4.77831
vt 0 0
v 1.43074 1.15085 0.296947
vn 3.44712 -0.496201 -4.70084
vt 0 0
v 1.20191 0.980518 0.195907
vn 2.52961 -2.08228 -4.84685
vt 0 0
v 1.21139 1.10816 0.161402
vn 2.59874 -1.0005 -5.14513
vt 0 0
v 1.27172 1.09786 0.195907
vn 2.87254 -1.10433 -4.97552
vt 0 0
v 1.21139 1.10816 0.161402
vn 2.59874 -1.0005 -5.14513
vt 0 0
v 1.20191 0.980518 0.195907
vn 2.52961 -2.08228 -4.84685
vt 0 0
v 1.14733 1.00049 0.161402
vn 2.2985 -1.89458 -5.0353
vt 0 0
v 1.09045 0.87842 0.195907
vn 2.0322 -2.85749 -4.68313
vt 0 0
v 1.14733 1.00049 0.161402
vn 2.2985 -1.89458 -5.0353
vt 0 0
v 1.20191 0.980518 0.195907
vn 2.52961 -2.08228 -4.84685
vt 0 0
v 1.14733 1.00049 0.161402
vn 2.2985 -1.89458 -5.0353
vt 0 0
v 1.09045 0.87842 0.195907
vn 2.0322 -2.85749 -4.68313
vt 0 0
v 1.04504 0.906796 0.161402
vn 1.85669 -2.61395 -4.89354
vt 0 0
v 0.944335 0.797977 0.195907
vn 1.44481 -3.40895 -4.52972
vt 0 0
v 1.04504 0.906796 0.161402
vn 1.85669 -2.61395 -4.89354
vt 0 0
v 1.09045 0.87842 0.195907
vn 2.0322 -2.85749 -4.68313
vt 0 0
v 1.04504 0.906796 0.161402
vn 1.85669 -2.61395 -4.89354
vt 0 0
v 0.944335 0.797977 0.195907
vn 1.44481 -3.40895 -4.52972
vt 0 0
v 0.910959 0.832977 0.161402
vn 1.32672 -3.13396 -4.75866
vt 0 0
v 0.772751 0.744244 0.195907
vn 0.813055 -3.74679 -4.41897
vt 0 0
v 0.910959 0.832977 0.161402
vn 1.32672 -3.13396 -4.75866
vt 0 0
v 0.944335 0.797977 0.195907
vn 1.44481 -3.40895 -4.52972
vt 0 0
v 0.910959 0.832977 0.161402
vn 1.32672 -3.13396 -4.75866
vt 0 0
v 0.772751 0.744244 0.195907
vn 0.813055 -3.74679 -4.41897
vt 0 0
v 0.753503 0.783668 0.161402
vn 0.749302 -3.45678 -4.66004
vt 0 0
v 0.586478 0.720597 0.195907
vn 0.163359 -3.88774 -4.3687
vt 0 0
v 0.753503 0.783668 0.161402
vn 0.749302 -3.45678 -4.66004
vt 0 0
v 0.772751 0.744244 0.195907
vn 0.813055 -3.74679 -4.41897
vt 0 0
v 0.753503 0.783668 0.161402
vn 0.749302 -3.45678 -4.66004
vt 0 0
v 0.586478 0.720597 0.195907
vn 0.163359 -3.88774 -4.3687
vt 0 0
v 0.582567 0.761967 0.161402
vn 0.150794 -3.59255 -4.61494
vt 0 0
v 0.586478 0.720597 0.195907
vn 0.163359 -3.88774 -4.3687
vt 0 0
v 0.408893 0.769239 0.161402
vn -0.451471 -3.54748 -4.63015
vt 0 0
v 0.582567 0.761967 0.161402
vn 0.150794 -3.59255 -4.61494
vt 0 0
v 0.408893 0.769239 0.161402
vn -0.451471 -3.54748 -4.63015
vt 0 0
v 0.586478 0.720597 0.195907
vn 0.163359 -3.88774 -4.3687
vt 0 0
v 0.397221 0.728521 0.195907
vn -0.489357 -3.84103 -4.38564
vt 0 0
v 0.397221 0.728521 0.195907
vn -0.489357 -3.84103 -4.38564
vt 0 0
v 0.243392 0.805026 0.161402
vn -1.04201 -3.3194 -4.70347
vt 0 0
v 0.408893 0.769239 0.161402
vn -0.451471 -3.54748 -4.63015
vt 0 0
v 0.243392 0.805026 0.161402
vn -1.04201 -3.3194 -4.70347
vt 0 0
v 0.397221 0.728521 0.195907
vn -0.489357 -3.84103 -4.38564
vt 0 0
v 0.216871 0.767519 0.195907
vn -1.13245 -3.60346 -4.46759
vt 0 0
v 0.216871 0.767519 0.195907
vn -1.13245 -3.60346 -4.46759
vt 0 0
v 0.0964636 0.867079 0.161402
vn -1.59982 -2.89912 -4.82312
vt 0 0
v 0.243392 0.805026 0.161402
vn -1.04201 -3.3194 -4.70347
vt 0 0
v 0.0964636 0.867079 0.161402
vn -1.59982 -2.89912 -4.82312
vt 0 0
v 0.216871 0.767519 0.195907
vn -1.13245 -3.60346 -4.46759
vt 0 0
v 0.0567601 0.83514 0.195907
vn -1.74639 -3.16096 -4.60275
vt 0 0
v 0.0567601 0.83514 0.195907
vn -1.74639 -3.16096 -4.60275
vt 0 0
v -0.0226599 0.951501 0.161402
vn -2.09175 -2.27852 -4.96586
vt 0 0
v 0.0964636 0.867079 0.161402
vn -1.59982 -2.89912 -4.82312
vt 0 0
v -0.0226599 0.951501 0.161402
vn -2.09175 -2.27852 -4.96586
vt 0 0
v 0.0567601 0.83514 0.195907
vn -1.74639 -3.16096 -4.60275
vt 0 0
v -0.0730516 0.927135 0.195907
vn -2.29585 -2.49761 -4.76632
vt 0 0
v -0.0730516 0.927135 0.195907
vn -2.29585 -2.49761 -4.76632
vt 0 0
v -0.106494 1.05298 0.161402
vn -2.46985 -1.46624 -5.09674
vt 0 0
v -0.0226599 0.951501 0.161402
vn -2.09175 -2.27852 -4.96586
vt 0 0
v -0.106494 1.05298 0.161402
vn -2.46985 -1.46624 -5.09674
vt 0 0
v -0.0730516 0.927135 0.195907
vn -2.29585 -2.49761 -4.76632
vt 0 0
v -0.164407 1.03773 0.195907
vn -2.7248 -1.61534 -4.91863
vt 0 0
v -0.164407 1.03773 0.195907
vn -2.7248 -1.61534 -4.91863
vt 0 0
v -0.14977 1.16516 0.161402
vn -2.67897 -0.507475 -5.17614
vt 0 0
v -0.106494 1.05298 0.161402
vn -2.46985 -1.46624 -5.09674
vt 0 0
v -0.14977 1.16516 0.161402
vn -2.67897 -0.507475 -5.17614
vt 0 0
v -0.164407 1.03773 0.195907
vn -2.7248 -1.61534 -4.91863
vt 0 0
v -0.211567 1.15996 0.195907
vn -2.96492 -0.560827 -5.01214
vt 0 0
v 0.0964636 1.57904 0.161402
vn -1.59982 2.89912 -4.82312
vt 0 0
v 0.216871 1.6786 0.195907
vn -1.13245 3.60346 -4.46759
vt 0 0
v 0.243392 1.64109 0.161402
vn -1.04201 3.3194 -4.70347
vt 0 0
v 0.216871 1.6786 0.195907
vn -1.13245 3.60346 -4.46759
vt 0 0
v 0.0964636 1.57904 0.161402
vn -1.59982 2.89912 -4.82312
vt 0 0
v 0.0567601 1.61098 0.195907
vn -1.74639 3.16096 -4.60275
vt 0 0
v 0.243392 1.64109 0.161402
vn -1.04201 3.3194 -4.70347
vt 0 0
v 0.397221 1.7176 0.195907
vn -0.489357 3.84103 -4.38564
vt 0 0
v 0.408893 1.67688 0.161402
vn -0.451471 3.54748 -4.63015
vt 0 0
v 0.397221 1.7176 0.195907
vn -0.489357 3.84103 -4.38564
vt 0 0
v 0.243392 1.64109 0.161402
vn -1.04201 3.3194 -4.70347
vt 0 0
v 0.216871 1.6786 0.195907
vn -1.13245 3.60346 -4.46759
vt 0 0
v 0.408893 1.67688 0.161402
vn -0.451471 3.54748 -4.63015
vt 0 0
v 0.586478 1.72552 0.195907
vn 0.163359 3.88774 -4.3687
vt 0 0
v 0.582567 1.68415 0.161402
vn 0.150794 3.59255 -4.61494
vt 0 0
v 0.586478 1.72552 0.195907
vn 0.163359 3.88774 -4.3687
vt 0 0
v 0.408893 1.67688 0.161402
vn -0.451471 3.54748 -4.63015
vt 0 0
v 0.397221 1.7176 0.195907
vn -0.489357 3.84103 -4.38564
vt 0 0
v 0.753503 1.66245 0.161402
vn 0.749302 3.45678 -4.66004
vt 0 0
v 0.586478 1.72552 0.195907
vn 0.163359 3.88774 -4.3687
vt 0 0
v 0.772751 1.70188 0.195907
vn 0.813055 3.74679 -4.41897
vt 0 0
v 0.586478 1.72552 0.195907
vn 0.163359 3.88774 -4.3687
vt 0 0
v 0.753503 1.66245 0.161402
vn 0.749302 3.45678 -4.66004
vt 0 0
v 0.582567 1.68415 0.161402
vn 0.150794 3.59255 -4.61494
vt 0 0
v 0.910959 1.61314 0.161402
vn 1.32672 3.13396 -4.75866
vt 0 0
v 0.772751 1.70188 0.195907
vn 0.813055 3.74679 -4.41897
vt 0 0
v 0.944335 1.64814 0.195907
vn 1.44481 3.40895 -4.52972
vt 0 0
v 0.772751 1.70188 0.195907
vn 0.813055 3.74679 -4.41897
vt 0 0
v 0.910959 1.61314 0.161402
vn 1.32672 3.13396 -4.75866
vt 0 0
v 0.753503 1.66245 0.161402
vn 0.749302 3.45678 -4.66004
vt 0 0
v 1.04504 1.53932 0.161402
vn 1.85669 2.61395 -4.89354
vt 0 0
v 0.944335 1.64814 0.195907
vn 1.44481 3.40895 -4.52972
vt 0 0
v 1.09045 1.5677 0.195907
vn 2.0322 2.85749 -4.68313
vt 0 0
v 0.944335 1.64814 0.195907
vn 1.44481 3.40895 -4.52972
vt 0 0
v 1.04504 1.53932 0.161402
vn 1.85669 2.61395 -4.89354
vt 0 0
v 0.910959 1.61314 0.161402
vn 1.32672 3.13396 -4.75866
vt 0 0
v 1.14733 1.44563 0.161402
vn 2.2985 1.89458 -5.0353
vt 0 0
v 1.09045 1.5677 0.195907
vn 2.0322 2.85749 -4.68313
vt 0 0
v 1.20191 1.4656 0.195907
vn 2.52961 2.08228 -4.84685
vt 0 0
v 1.09045 1.5677 0.195907
vn 2.0322 2.85749 -4.68313
vt 0 0
v 1.14733 1.44563 0.161402
vn 2.2985 1.89458 -5.0353
vt 0 0
v 1.04504 1.53932 0.161402
vn 1.85669 2.61395 -4.89354
vt 0 0
v 1.21139 1.33796 0.161402
vn 2.59874 1.0005 -5.14513
vt 0 0
v 1.20191 1.4656 0.195907
vn 2.52961 2.08228 -4.84685
vt 0 0
v 1.27172 1.34826 0.195907
vn 2.87254 1.10433 -4.97552
vt 0 0
v 1.20191 1.4656 0.195907
vn 2.52961 2.08228 -4.84685
vt 0 0
v 1.21139 1.33796 0.161402
vn 2.59874 1.0005 -5.14513
vt 0 0
v 1.14733 1.44563 0.161402
vn 2.2985 1.89458 -5.0353
vt 0 0
v 1.2332 1.22306 0.161402
vn 2.70623 2.49537e-015 -5.18682
vt 0 0
v 1.27172 1.34826 0.195907
vn 2.87254 1.10433 -4.97552
vt 0 0
v 1.29549 1.22306 0.195907
vn 2.99639 4.16359e-015 -5.02478
vt 0 0
v 1.27172 1.34826 0.195907
vn 2.87254 1.10433 -4.97552
vt 0 0
v 1.2332 1.22306 0.161402
vn 2.70623 2.49537e-015 -5.18682
vt 0 0
v 1.21139 1.33796 0.161402
vn 2.59874 1.0005 -5.14513
vt 0 0
v 1.43074 1.29562 0.296947
vn 3.44533 0.500314 -4.70172
vt 0 0
v 1.43074 1.15085 0.296947
vn 3.44712 -0.496201 -4.70084
vt 0 0
v 1.41045 1.22306 0.273428
vn 3.80476 -0.000245732 -4.44416
vt 0 0
v 1.44605 1.29643 0.308004
vn 3.42299 0.0607293 -4.74408
vt 0 0
v 1.43074 1.29562 0.296947
vn 3.44533 0.500314 -4.70172
vt 0 0
v 1.41635 1.30413 0.288127
vn 3.30922 0.640453 -4.78181
vt 0 0
v 1.41635 1.30413 0.288127
vn -0.296206 5.05343 2.9329
vt 0 0
v 1.40196 1.31264 0.279308
vn -0.253495 3.35059 4.78916
vt 0 0
v 1.35592 1.30893 0.279677
vn -0.154677 2.75151 5.16063
vt 0 0
v 1.35592 1.30893 0.279677
vn -3.88224 -0.488198 4.34933
vt 0 0
v 1.37787 1.29281 0.298424
vn -3.80574 -0.471222 4.41827
vt 0 0
v 1.36689 1.30087 0.289051
vn -3.9588 -0.403971 4.28853
vt 0 0
v 1.37787 1.29281 0.298424
vn -3.80574 -0.471222 4.41827
vt 0 0
v 1.35592 1.30893 0.279677
vn -3.88224 -0.488198 4.34933
vt 0 0
v 1.33398 1.22306 0.250463
vn -3.5047 0.000505462 4.68443
vt 0 0
v 1.27609 1.22306 0.21385
vn -2.99639 -2.10782e-015 5.02478
vt 0 0
v 1.30877 1.09152 0.250284
vn -3.14479 1.20722 4.78327
vt 0 0
v 1.33374 1.22306 0.250284
vn -3.28645 -1.27666e-015 4.84005
vt 0 0
v 1.30877 1.09152 0.250284
vn -3.14479 1.20722 4.78327
vt 0 0
v 1.27609 1.22306 0.21385
vn -2.99639 -2.10782e-015 5.02478
vt 0 0
v 1.25293 1.10107 0.21385
vn -2.87254 1.10433 4.97552
vt 0 0
v 1.25293 1.34505 0.21385
vn -2.87254 -1.10433 4.97552
vt 0 0
v 1.2154 1.22306 0.18023
vn -2.70623 -2.09248e-015 5.18682
vt 0 0
v 1.27609 1.22306 0.21385
vn -2.99639 -2.10782e-015 5.02478
vt 0 0
v 1.2154 1.22306 0.18023
vn -2.70623 -2.09248e-015 5.18682
vt 0 0
v 1.25293 1.34505 0.21385
vn -2.87254 -1.10433 4.97552
vt 0 0
v 1.19415 1.33501 0.18023
vn -2.59874 -1.0005 5.14513
vt 0 0
v -0.0851308 1.27553 0.129929
vn -2.39342 0.454028 -5.31904
vt 0 0
v -0.106494 1.39313 0.161402
vn -2.46985 1.46624 -5.09674
vt 0 0
v -0.0459158 1.37717 0.129929
vn -2.21289 1.3155 -5.25351
vt 0 0
v -0.106494 1.39313 0.161402
vn -2.46985 1.46624 -5.09674
vt 0 0
v -0.0851308 1.27553 0.129929
vn -2.39342 0.454028 -5.31904
vt 0 0
v -0.14977 1.28096 0.161402
vn -2.67897 0.507475 -5.17614
vt 0 0
v -0.211567 1.15996 0.195907
vn -2.96492 -0.560827 -5.01214
vt 0 0
v -0.14977 1.28096 0.161402
vn -2.67897 0.507475 -5.17614
vt 0 0
v -0.14977 1.16516 0.161402
vn -2.67897 -0.507475 -5.17614
vt 0 0
v -0.14977 1.28096 0.161402
vn -2.67897 0.507475 -5.17614
vt 0 0
v -0.211567 1.15996 0.195907
vn -2.96492 -0.560827 -5.01214
vt 0 0
v -0.211567 1.28616 0.195907
vn -2.96492 0.560827 -5.01214
vt 0 0
v -0.0459158 1.37717 0.129929
vn -2.21289 1.3155 -5.25351
vt 0 0
v -0.0226599 1.49462 0.161402
vn -2.09175 2.27852 -4.96586
vt 0 0
v 0.0300502 1.46913 0.129929
vn -1.88291 2.05371 -5.14429
vt 0 0
v -0.0226599 1.49462 0.161402
vn -2.09175 2.27852 -4.96586
vt 0 0
v -0.0459158 1.37717 0.129929
vn -2.21289 1.3155 -5.25351
vt 0 0
v -0.106494 1.39313 0.161402
vn -2.46985 1.46624 -5.09674
vt 0 0
v -0.0226599 1.49462 0.161402
vn -2.09175 2.27852 -4.96586
vt 0 0
v 0.0567601 1.61098 0.195907
vn -1.74639 3.16096 -4.60275
vt 0 0
v 0.0964636 1.57904 0.161402
vn -1.59982 2.89912 -4.82312
vt 0 0
v 0.0567601 1.61098 0.195907
vn -1.74639 3.16096 -4.60275
vt 0 0
v -0.0226599 1.49462 0.161402
vn -2.09175 2.27852 -4.96586
vt 0 0
v -0.0730516 1.51898 0.195907
vn -2.29585 2.49761 -4.76632
vt 0 0
v 1.23543 1.47787 0.250284
vn -2.75625 -2.26577 4.6364
vt 0 0
v 1.25293 1.34505 0.21385
vn -2.87254 -1.10433 4.97552
vt 0 0
v 1.30877 1.35459 0.250284
vn -3.14479 -1.20722 4.78327
vt 0 0
v 1.25293 1.34505 0.21385
vn -2.87254 -1.10433 4.97552
vt 0 0
v 1.23543 1.47787 0.250284
vn -2.75625 -2.26577 4.6364
vt 0 0
v 1.18491 1.45938 0.21385
vn -2.52961 -2.08228 4.84685
vt 0 0
v 1.11833 1.58513 0.250284
vn -2.20135 -3.09156 4.45232
vt 0 0
v 1.18491 1.45938 0.21385
vn -2.52961 -2.08228 4.84685
vt 0 0
v 1.23543 1.47787 0.250284
vn -2.75625 -2.26577 4.6364
vt 0 0
v 1.18491 1.45938 0.21385
vn -2.52961 -2.08228 4.84685
vt 0 0
v 1.11833 1.58513 0.250284
vn -2.20135 -3.09156 4.45232
vt 0 0
v 1.07631 1.55886 0.21385
vn -2.0322 -2.85749 4.68313
vt 0 0
v 0.96483 1.66964 0.250284
vn -1.55679 -3.66913 4.28261
vt 0 0
v 1.07631 1.55886 0.21385
vn -2.0322 -2.85749 4.68313
vt 0 0
v 1.11833 1.58513 0.250284
vn -2.20135 -3.09156 4.45232
vt 0 0
v 1.07631 1.55886 0.21385
vn -2.0322 -2.85749 4.68313
vt 0 0
v 0.96483 1.66964 0.250284
vn -1.55679 -3.66913 4.28261
vt 0 0
v 0.933941 1.63724 0.21385
vn -1.44481 -3.40895 4.52972
vt 0 0
v 0.784571 1.72609 0.250284
vn -0.872827 -4.01812 4.16169
vt 0 0
v 0.933941 1.63724 0.21385
vn -1.44481 -3.40895 4.52972
vt 0 0
v 0.96483 1.66964 0.250284
vn -1.55679 -3.66913 4.28261
vt 0 0
v 0.933941 1.63724 0.21385
vn -1.44481 -3.40895 4.52972
vt 0 0
v 0.784571 1.72609 0.250284
vn -0.872827 -4.01812 4.16169
vt 0 0
v 0.766757 1.6896 0.21385
vn -0.813055 -3.74679 4.41897
vt 0 0
v 0.58888 1.75093 0.250284
vn -0.175078 -4.16253 4.10725
vt 0 0
v 0.766757 1.6896 0.21385
vn -0.813055 -3.74679 4.41897
vt 0 0
v 0.784571 1.72609 0.250284
vn -0.872827 -4.01812 4.16169
vt 0 0
v 0.766757 1.6896 0.21385
vn -0.813055 -3.74679 4.41897
vt 0 0
v 0.58888 1.75093 0.250284
vn -0.175078 -4.16253 4.10725
vt 0 0
v 0.585261 1.71264 0.21385
vn -0.163359 -3.88774 4.3687
vt 0 0
v 0.58888 1.75093 0.250284
vn -0.175078 -4.16253 4.10725
vt 0 0
v 0.400856 1.70492 0.21385
vn 0.489357 -3.84103 4.38564
vt 0 0
v 0.585261 1.71264 0.21385
vn -0.163359 -3.88774 4.3687
vt 0 0
v 0.400856 1.70492 0.21385
vn 0.489357 -3.84103 4.38564
vt 0 0
v 0.58888 1.75093 0.250284
vn -0.175078 -4.16253 4.10725
vt 0 0
v 0.390054 1.7426 0.250284
vn 0.524754 -4.11476 4.12556
vt 0 0
v 0.390054 1.7426 0.250284
vn 0.524754 -4.11476 4.12556
vt 0 0
v 0.22513 1.66692 0.21385
vn 1.13245 -3.60346 4.46759
vt 0 0
v 0.400856 1.70492 0.21385
vn 0.489357 -3.84103 4.38564
vt 0 0
v 0.22513 1.66692 0.21385
vn 1.13245 -3.60346 4.46759
vt 0 0
v 0.390054 1.7426 0.250284
vn 0.524754 -4.11476 4.12556
vt 0 0
v 0.200585 1.70163 0.250284
vn 1.21767 -3.87054 4.21462
vt 0 0
v 0.200585 1.70163 0.250284
vn 1.21767 -3.87054 4.21462
vt 0 0
v 0.0691241 1.60103 0.21385
vn 1.74639 -3.16096 4.60275
vt 0 0
v 0.22513 1.66692 0.21385
vn 1.13245 -3.60346 4.46759
vt 0 0
v 0.0691241 1.60103 0.21385
vn 1.74639 -3.16096 4.60275
vt 0 0
v 0.200585 1.70163 0.250284
vn 1.21767 -3.87054 4.21462
vt 0 0
v 0.0323781 1.63059 0.250284
vn 1.88646 -3.41053 4.36306
vt 0 0
v 0.0323781 1.63059 0.250284
vn 1.88646 -3.41053 4.36306
vt 0 0
v -0.0573591 1.5114 0.21385
vn 2.29585 -2.49761 4.76632
vt 0 0
v 0.0691241 1.60103 0.21385
vn 1.74639 -3.16096 4.60275
vt 0 0
v -0.0573591 1.5114 0.21385
vn 2.29585 -2.49761 4.76632
vt 0 0
v 0.0323781 1.63059 0.250284
vn 1.88646 -3.41053 4.36306
vt 0 0
v -0.103997 1.53395 0.250284
vn 2.49428 -2.71 4.54546
vt 0 0
v -0.103997 1.53395 0.250284
vn 2.49428 -2.71 4.54546
vt 0 0
v -0.146372 1.40364 0.21385
vn 2.7248 -1.61534 4.91863
vt 0 0
v -0.0573591 1.5114 0.21385
vn 2.29585 -2.49761 4.76632
vt 0 0
v -0.146372 1.40364 0.21385
vn 2.7248 -1.61534 4.91863
vt 0 0
v -0.103997 1.53395 0.250284
vn 2.49428 -2.71 4.54546
vt 0 0
v -0.199972 1.41777 0.250284
vn 2.97675 -1.76221 4.71809
vt 0 0
v -0.199972 1.41777 0.250284
vn 2.97675 -1.76221 4.71809
vt 0 0
v -0.192323 1.28454 0.21385
vn 2.96492 -0.560827 5.01214
vt 0 0
v -0.146372 1.40364 0.21385
vn 2.7248 -1.61534 4.91863
vt 0 0
v -0.192323 1.28454 0.21385
vn 2.96492 -0.560827 5.01214
vt 0 0
v -0.199972 1.41777 0.250284
vn 2.97675 -1.76221 4.71809
vt 0 0
v -0.249516 1.28935 0.250284
vn 3.25039 -0.613898 4.82544
vt 0 0
v -0.249516 1.28935 0.250284
vn 3.25039 -0.613898 4.82544
vt 0 0
v -0.192323 1.16158 0.21385
vn 2.96492 0.560827 5.01214
vt 0 0
v -0.192323 1.28454 0.21385
vn 2.96492 -0.560827 5.01214
vt 0 0
v -0.192323 1.16158 0.21385
vn 2.96492 0.560827 5.01214
vt 0 0
v -0.249516 1.28935 0.250284
vn 3.25039 -0.613898 4.82544
vt 0 0
v -0.249516 1.15677 0.250284
vn 3.25039 0.613898 4.82544
vt 0 0
v -0.192323 1.16158 0.21385
vn 2.96492 0.560827 5.01214
vt 0 0
v -0.199972 1.02835 0.250284
vn 2.97675 1.76221 4.71809
vt 0 0
v -0.146372 1.04248 0.21385
vn 2.7248 1.61534 4.91863
vt 0 0
v -0.199972 1.02835 0.250284
vn 2.97675 1.76221 4.71809
vt 0 0
v -0.192323 1.16158 0.21385
vn 2.96492 0.560827 5.01214
vt 0 0
v -0.249516 1.15677 0.250284
vn 3.25039 0.613898 4.82544
vt 0 0
v -0.146372 1.04248 0.21385
vn 2.7248 1.61534 4.91863
vt 0 0
v -0.103997 0.912173 0.250284
vn 2.49428 2.71 4.54546
vt 0 0
v -0.0573591 0.934723 0.21385
vn 2.29585 2.49761 4.76632
vt 0 0
v -0.103997 0.912173 0.250284
vn 2.49428 2.71 4.54546
vt 0 0
v -0.146372 1.04248 0.21385
vn 2.7248 1.61534 4.91863
vt 0 0
v -0.199972 1.02835 0.250284
vn 2.97675 1.76221 4.71809
vt 0 0
v -0.0573591 0.934723 0.21385
vn 2.29585 2.49761 4.76632
vt 0 0
v 0.0323781 0.815526 0.250284
vn 1.88646 3.41053 4.36306
vt 0 0
v 0.0691241 0.845086 0.21385
vn 1.74639 3.16096 4.60275
vt 0 0
v 0.0323781 0.815526 0.250284
vn 1.88646 3.41053 4.36306
vt 0 0
v -0.0573591 0.934723 0.21385
vn 2.29585 2.49761 4.76632
vt 0 0
v -0.103997 0.912173 0.250284
vn 2.49428 2.71 4.54546
vt 0 0
v 0.0691241 0.845086 0.21385
vn 1.74639 3.16096 4.60275
vt 0 0
v 0.200585 0.744485 0.250284
vn 1.21767 3.87054 4.21462
vt 0 0
v 0.22513 0.779199 0.21385
vn 1.13245 3.60346 4.46759
vt 0 0
v 0.200585 0.744485 0.250284
vn 1.21767 3.87054 4.21462
vt 0 0
v 0.0691241 0.845086 0.21385
vn 1.74639 3.16096 4.60275
vt 0 0
v 0.0323781 0.815526 0.250284
vn 1.88646 3.41053 4.36306
vt 0 0
v 0.22513 0.779199 0.21385
vn 1.13245 3.60346 4.46759
vt 0 0
v 0.390054 0.703516 0.250284
vn 0.524754 4.11476 4.12556
vt 0 0
v 0.400856 0.741201 0.21385
vn 0.489357 3.84103 4.38564
vt 0 0
v 0.390054 0.703516 0.250284
vn 0.524754 4.11476 4.12556
vt 0 0
v 0.22513 0.779199 0.21385
vn 1.13245 3.60346 4.46759
vt 0 0
v 0.200585 0.744485 0.250284
vn 1.21767 3.87054 4.21462
vt 0 0
v 0.400856 0.741201 0.21385
vn 0.489357 3.84103 4.38564
vt 0 0
v 0.58888 0.695191 0.250284
vn -0.175078 4.16253 4.10725
vt 0 0
v 0.585261 0.73348 0.21385
vn -0.163359 3.88774 4.3687
vt 0 0
v 0.58888 0.695191 0.250284
vn -0.175078 4.16253 4.10725
vt 0 0
v 0.400856 0.741201 0.21385
vn 0.489357 3.84103 4.38564
vt 0 0
v 0.390054 0.703516 0.250284
vn 0.524754 4.11476 4.12556
vt 0 0
v 0.766757 0.756521 0.21385
vn -0.813055 3.74679 4.41897
vt 0 0
v 0.58888 0.695191 0.250284
vn -0.175078 4.16253 4.10725
vt 0 0
v 0.784571 0.720034 0.250284
vn -0.872827 4.01812 4.16169
vt 0 0
v 0.58888 0.695191 0.250284
vn -0.175078 4.16253 4.10725
vt 0 0
v 0.766757 0.756521 0.21385
vn -0.813055 3.74679 4.41897
vt 0 0
v 0.585261 0.73348 0.21385
vn -0.163359 3.88774 4.3687
vt 0 0
v 0.933941 0.808877 0.21385
vn -1.44481 3.40895 4.52972
vt 0 0
v 0.784571 0.720034 0.250284
vn -0.872827 4.01812 4.16169
vt 0 0
v 0.96483 0.776484 0.250284
vn -1.55679 3.66913 4.28261
vt 0 0
v 0.784571 0.720034 0.250284
vn -0.872827 4.01812 4.16169
vt 0 0
v 0.933941 0.808877 0.21385
vn -1.44481 3.40895 4.52972
vt 0 0
v 0.766757 0.756521 0.21385
vn -0.813055 3.74679 4.41897
vt 0 0
v 1.07631 0.887257 0.21385
vn -2.0322 2.85749 4.68313
vt 0 0
v 0.96483 0.776484 0.250284
vn -1.55679 3.66913 4.28261
vt 0 0
v 1.11833 0.860994 0.250284
vn -2.20135 3.09156 4.45232
vt 0 0
v 0.96483 0.776484 0.250284
vn -1.55679 3.66913 4.28261
vt 0 0
v 1.07631 0.887257 0.21385
vn -2.0322 2.85749 4.68313
vt 0 0
v 0.933941 0.808877 0.21385
vn -1.44481 3.40895 4.52972
vt 0 0
v 1.18491 0.986737 0.21385
vn -2.52961 2.08228 4.84685
vt 0 0
v 1.11833 0.860994 0.250284
vn -2.20135 3.09156 4.45232
vt 0 0
v 1.23543 0.968254 0.250284
vn -2.75625 2.26577 4.6364
vt 0 0
v 1.11833 0.860994 0.250284
vn -2.20135 3.09156 4.45232
vt 0 0
v 1.18491 0.986737 0.21385
vn -2.52961 2.08228 4.84685
vt 0 0
v 1.07631 0.887257 0.21385
vn -2.0322 2.85749 4.68313
vt 0 0
v 1.25293 1.10107 0.21385
vn -2.87254 1.10433 4.97552
vt 0 0
v 1.23543 0.968254 0.250284
vn -2.75625 2.26577 4.6364
vt 0 0
v 1.30877 1.09152 0.250284
vn -3.14479 1.20722 4.78327
vt 0 0
v 1.23543 0.968254 0.250284
vn -2.75625 2.26577 4.6364
vt 0 0
v 1.25293 1.10107 0.21385
vn -2.87254 1.10433 4.97552
vt 0 0
v 1.18491 0.986737 0.21385
vn -2.52961 2.08228 4.84685
vt 0 0
v 1.35592 1.13746 0.279677
vn -3.88447 0.488449 4.34731
vt 0 0
v 1.33398 1.22306 0.250463
vn -3.5047 0.000505462 4.68443
vt 0 0
v 1.34643 1.12059 0.273428
vn -3.50304 0.615486 4.64507
vt 0 0
v 1.40199 1.13374 0.279308
vn -0.2525 -3.33997 4.79663
vt 0 0
v 1.35592 1.13746 0.279677
vn -0.153932 -2.74315 5.1651
vt 0 0
v 1.34643 1.12059 0.273428
vn -0.0584344 -0.804965 5.79443
vt 0 0
v 1.32902 1.08806 0.233301
vn 3.14479 -1.20722 -4.78327
vt 0 0
v 1.29549 1.22306 0.195907
vn 2.99639 4.16359e-015 -5.02478
vt 0 0
v 1.35465 1.22306 0.233301
vn 3.28645 4.45527e-015 -4.84005
vt 0 0
v 1.29549 1.22306 0.195907
vn 2.99639 4.16359e-015 -5.02478
vt 0 0
v 1.32902 1.08806 0.233301
vn 3.14479 -1.20722 -4.78327
vt 0 0
v 1.27172 1.09786 0.195907
vn 2.87254 -1.10433 -4.97552
vt 0 0
v 1.41637 1.1423 0.288127
vn 3.31394 -0.64218 -4.77831
vt 0 0
v 1.41045 1.22306 0.273428
vn 3.80476 -0.000245732 -4.44416
vt 0 0
v 1.43074 1.15085 0.296947
vn 3.44712 -0.496201 -4.70084
vt 0 0
v 1.40199 1.13374 0.279308
vn 3.30886 -0.628109 -4.78369
vt 0 0
v 1.41045 1.22306 0.273428
vn 3.80476 -0.000245732 -4.44416
vt 0 0
v 1.41637 1.1423 0.288127
vn 3.31394 -0.64218 -4.77831
vt 0 0
v 1.41045 1.22306 0.273428
vn 3.80476 -0.000245732 -4.44416
vt 0 0
v 1.40199 1.13374 0.279308
vn 3.30886 -0.628109 -4.78369
vt 0 0
v 1.39007 1.11573 0.273428
vn 3.38377 -0.642329 -4.72909
vt 0 0
v 1.25376 0.961549 0.233301
vn 2.75625 -2.26577 -4.6364
vt 0 0
v 1.27172 1.09786 0.195907
vn 2.87254 -1.10433 -4.97552
vt 0 0
v 1.32902 1.08806 0.233301
vn 3.14479 -1.20722 -4.78327
vt 0 0
v 1.27172 1.09786 0.195907
vn 2.87254 -1.10433 -4.97552
vt 0 0
v 1.25376 0.961549 0.233301
vn 2.75625 -2.26577 -4.6364
vt 0 0
v 1.20191 0.980518 0.195907
vn 2.52961 -2.08228 -4.84685
vt 0 0
v 1.13358 0.851467 0.233301
vn 2.20135 -3.09156 -4.45232
vt 0 0
v 1.20191 0.980518 0.195907
vn 2.52961 -2.08228 -4.84685
vt 0 0
v 1.25376 0.961549 0.233301
vn 2.75625 -2.26577 -4.6364
vt 0 0
v 1.20191 0.980518 0.195907
vn 2.52961 -2.08228 -4.84685
vt 0 0
v 1.13358 0.851467 0.233301
vn 2.20135 -3.09156 -4.45232
vt 0 0
v 1.09045 0.87842 0.195907
vn 2.0322 -2.85749 -4.68313
vt 0 0
v 0.976036 0.764733 0.233301
vn 1.55679 -3.66913 -4.28261
vt 0 0
v 1.09045 0.87842 0.195907
vn 2.0322 -2.85749 -4.68313
vt 0 0
v 1.13358 0.851467 0.233301
vn 2.20135 -3.09156 -4.45232
vt 0 0
v 1.09045 0.87842 0.195907
vn 2.0322 -2.85749 -4.68313
vt 0 0
v 0.976036 0.764733 0.233301
vn 1.55679 -3.66913 -4.28261
vt 0 0
v 0.944335 0.797977 0.195907
vn 1.44481 -3.40895 -4.52972
vt 0 0
v 0.791034 0.706797 0.233301
vn 0.872827 -4.01812 -4.16169
vt 0 0
v 0.944335 0.797977 0.195907
vn 1.44481 -3.40895 -4.52972
vt 0 0
v 0.976036 0.764733 0.233301
vn 1.55679 -3.66913 -4.28261
vt 0 0
v 0.944335 0.797977 0.195907
vn 1.44481 -3.40895 -4.52972
vt 0 0
v 0.791034 0.706797 0.233301
vn 0.872827 -4.01812 -4.16169
vt 0 0
v 0.772751 0.744244 0.195907
vn 0.813055 -3.74679 -4.41897
vt 0 0
v 0.590193 0.6813 0.233301
vn 0.175078 -4.16253 -4.10725
vt 0 0
v 0.772751 0.744244 0.195907
vn 0.813055 -3.74679 -4.41897
vt 0 0
v 0.791034 0.706797 0.233301
vn 0.872827 -4.01812 -4.16169
vt 0 0
v 0.772751 0.744244 0.195907
vn 0.813055 -3.74679 -4.41897
vt 0 0
v 0.590193 0.6813 0.233301
vn 0.175078 -4.16253 -4.10725
vt 0 0
v 0.586478 0.720597 0.195907
vn 0.163359 -3.88774 -4.3687
vt 0 0
v 0.590193 0.6813 0.233301
vn 0.175078 -4.16253 -4.10725
vt 0 0
v 0.397221 0.728521 0.195907
vn -0.489357 -3.84103 -4.38564
vt 0 0
v 0.586478 0.720597 0.195907
vn 0.163359 -3.88774 -4.3687
vt 0 0
v 0.397221 0.728521 0.195907
vn -0.489357 -3.84103 -4.38564
vt 0 0
v 0.590193 0.6813 0.233301
vn 0.175078 -4.16253 -4.10725
vt 0 0
v 0.386135 0.689844 0.233301
vn -0.524754 -4.11476 -4.12556
vt 0 0
v 0.386135 0.689844 0.233301
vn -0.524754 -4.11476 -4.12556
vt 0 0
v 0.216871 0.767519 0.195907
vn -1.13245 -3.60346 -4.46759
vt 0 0
v 0.397221 0.728521 0.195907
vn -0.489357 -3.84103 -4.38564
vt 0 0
v 0.216871 0.767519 0.195907
vn -1.13245 -3.60346 -4.46759
vt 0 0
v 0.386135 0.689844 0.233301
vn -0.524754 -4.11476 -4.12556
vt 0 0
v 0.19168 0.731892 0.233301
vn -1.21767 -3.87054 -4.21462
vt 0 0
v 0.19168 0.731892 0.233301
vn -1.21767 -3.87054 -4.21462
vt 0 0
v 0.0567601 0.83514 0.195907
vn -1.74639 -3.16096 -4.60275
vt 0 0
v 0.216871 0.767519 0.195907
vn -1.13245 -3.60346 -4.46759
vt 0 0
v 0.0567601 0.83514 0.195907
vn -1.74639 -3.16096 -4.60275
vt 0 0
v 0.19168 0.731892 0.233301
vn -1.21767 -3.87054 -4.21462
vt 0 0
v 0.0190471 0.804802 0.233301
vn -1.88646 -3.41053 -4.36306
vt 0 0
v 0.0190471 0.804802 0.233301
vn -1.88646 -3.41053 -4.36306
vt 0 0
v -0.0730516 0.927135 0.195907
vn -2.29585 -2.49761 -4.76632
vt 0 0
v 0.0567601 0.83514 0.195907
vn -1.74639 -3.16096 -4.60275
vt 0 0
v -0.0730516 0.927135 0.195907
vn -2.29585 -2.49761 -4.76632
vt 0 0
v 0.0190471 0.804802 0.233301
vn -1.88646 -3.41053 -4.36306
vt 0 0
v -0.120917 0.903992 0.233301
vn -2.49428 -2.71 -4.54546
vt 0 0
v -0.120917 0.903992 0.233301
vn -2.49428 -2.71 -4.54546
vt 0 0
v -0.164407 1.03773 0.195907
vn -2.7248 -1.61534 -4.91863
vt 0 0
v -0.0730516 0.927135 0.195907
vn -2.29585 -2.49761 -4.76632
vt 0 0
v -0.164407 1.03773 0.195907
vn -2.7248 -1.61534 -4.91863
vt 0 0
v -0.120917 0.903992 0.233301
vn -2.49428 -2.71 -4.54546
vt 0 0
v -0.219417 1.02323 0.233301
vn -2.97675 -1.76221 -4.71809
vt 0 0
v -0.219417 1.02323 0.233301
vn -2.97675 -1.76221 -4.71809
vt 0 0
v -0.211567 1.15996 0.195907
vn -2.96492 -0.560827 -5.01214
vt 0 0
v -0.164407 1.03773 0.195907
vn -2.7248 -1.61534 -4.91863
vt 0 0
v -0.211567 1.15996 0.195907
vn -2.96492 -0.560827 -5.01214
vt 0 0
v -0.219417 1.02323 0.233301
vn -2.97675 -1.76221 -4.71809
vt 0 0
v -0.270265 1.15503 0.233301
vn -3.25039 -0.613898 -4.82544
vt 0 0
v 0.0567601 1.61098 0.195907
vn -1.74639 3.16096 -4.60275
vt 0 0
v 0.19168 1.71423 0.233301
vn -1.21767 3.87054 -4.21462
vt 0 0
v 0.216871 1.6786 0.195907
vn -1.13245 3.60346 -4.46759
vt 0 0
v 0.19168 1.71423 0.233301
vn -1.21767 3.87054 -4.21462
vt 0 0
v 0.0567601 1.61098 0.195907
vn -1.74639 3.16096 -4.60275
vt 0 0
v 0.0190471 1.64132 0.233301
vn -1.88646 3.41053 -4.36306
vt 0 0
v 0.216871 1.6786 0.195907
vn -1.13245 3.60346 -4.46759
vt 0 0
v 0.386135 1.75628 0.233301
vn -0.524754 4.11476 -4.12556
vt 0 0
v 0.397221 1.7176 0.195907
vn -0.489357 3.84103 -4.38564
vt 0 0
v 0.386135 1.75628 0.233301
vn -0.524754 4.11476 -4.12556
vt 0 0
v 0.216871 1.6786 0.195907
vn -1.13245 3.60346 -4.46759
vt 0 0
v 0.19168 1.71423 0.233301
vn -1.21767 3.87054 -4.21462
vt 0 0
v 0.397221 1.7176 0.195907
vn -0.489357 3.84103 -4.38564
vt 0 0
v 0.590193 1.76482 0.233301
vn 0.175078 4.16253 -4.10725
vt 0 0
v 0.586478 1.72552 0.195907
vn 0.163359 3.88774 -4.3687
vt 0 0
v 0.590193 1.76482 0.233301
vn 0.175078 4.16253 -4.10725
vt 0 0
v 0.397221 1.7176 0.195907
vn -0.489357 3.84103 -4.38564
vt 0 0
v 0.386135 1.75628 0.233301
vn -0.524754 4.11476 -4.12556
vt 0 0
v 0.772751 1.70188 0.195907
vn 0.813055 3.74679 -4.41897
vt 0 0
v 0.590193 1.76482 0.233301
vn 0.175078 4.16253 -4.10725
vt 0 0
v 0.791034 1.73932 0.233301
vn 0.872827 4.01812 -4.16169
vt 0 0
v 0.590193 1.76482 0.233301
vn 0.175078 4.16253 -4.10725
vt 0 0
v 0.772751 1.70188 0.195907
vn 0.813055 3.74679 -4.41897
vt 0 0
v 0.586478 1.72552 0.195907
vn 0.163359 3.88774 -4.3687
vt 0 0
v 0.944335 1.64814 0.195907
vn 1.44481 3.40895 -4.52972
vt 0 0
v 0.791034 1.73932 0.233301
vn 0.872827 4.01812 -4.16169
vt 0 0
v 0.976036 1.68139 0.233301
vn 1.55679 3.66913 -4.28261
vt 0 0
v 0.791034 1.73932 0.233301
vn 0.872827 4.01812 -4.16169
vt 0 0
v 0.944335 1.64814 0.195907
vn 1.44481 3.40895 -4.52972
vt 0 0
v 0.772751 1.70188 0.195907
vn 0.813055 3.74679 -4.41897
vt 0 0
v 1.09045 1.5677 0.195907
vn 2.0322 2.85749 -4.68313
vt 0 0
v 0.976036 1.68139 0.233301
vn 1.55679 3.66913 -4.28261
vt 0 0
v 1.13358 1.59465 0.233301
vn 2.20135 3.09156 -4.45232
vt 0 0
v 0.976036 1.68139 0.233301
vn 1.55679 3.66913 -4.28261
vt 0 0
v 1.09045 1.5677 0.195907
vn 2.0322 2.85749 -4.68313
vt 0 0
v 0.944335 1.64814 0.195907
vn 1.44481 3.40895 -4.52972
vt 0 0
v 1.20191 1.4656 0.195907
vn 2.52961 2.08228 -4.84685
vt 0 0
v 1.13358 1.59465 0.233301
vn 2.20135 3.09156 -4.45232
vt 0 0
v 1.25376 1.48457 0.233301
vn 2.75625 2.26577 -4.6364
vt 0 0
v 1.13358 1.59465 0.233301
vn 2.20135 3.09156 -4.45232
vt 0 0
v 1.20191 1.4656 0.195907
vn 2.52961 2.08228 -4.84685
vt 0 0
v 1.09045 1.5677 0.195907
vn 2.0322 2.85749 -4.68313
vt 0 0
v 1.27172 1.34826 0.195907
vn 2.87254 1.10433 -4.97552
vt 0 0
v 1.25376 1.48457 0.233301
vn 2.75625 2.26577 -4.6364
vt 0 0
v 1.32902 1.35806 0.233301
vn 3.14479 1.20722 -4.78327
vt 0 0
v 1.25376 1.48457 0.233301
vn 2.75625 2.26577 -4.6364
vt 0 0
v 1.27172 1.34826 0.195907
vn 2.87254 1.10433 -4.97552
vt 0 0
v 1.20191 1.4656 0.195907
vn 2.52961 2.08228 -4.84685
vt 0 0
v 1.29549 1.22306 0.195907
vn 2.99639 4.16359e-015 -5.02478
vt 0 0
v 1.32902 1.35806 0.233301
vn 3.14479 1.20722 -4.78327
vt 0 0
v 1.35465 1.22306 0.233301
vn 3.28645 4.45527e-015 -4.84005
vt 0 0
v 1.32902 1.35806 0.233301
vn 3.14479 1.20722 -4.78327
vt 0 0
v 1.29549 1.22306 0.195907
vn 2.99639 4.16359e-015 -5.02478
vt 0 0
v 1.27172 1.34826 0.195907
vn 2.87254 1.10433 -4.97552
vt 0 0
v 1.41045 1.22306 0.273428
vn 3.80476 -0.000245732 -4.44416
vt 0 0
v 1.41635 1.30413 0.288127
vn 3.30922 0.640453 -4.78181
vt 0 0
v 1.43074 1.29562 0.296947
vn 3.44533 0.500314 -4.70172
vt 0 0
v 1.41045 1.22306 0.273428
vn 3.80476 -0.000245732 -4.44416
vt 0 0
v 1.40196 1.31264 0.279308
vn 3.3045 0.627281 -4.78682
vt 0 0
v 1.41635 1.30413 0.288127
vn 3.30922 0.640453 -4.78181
vt 0 0
v 1.40196 1.31264 0.279308
vn 3.3045 0.627281 -4.78682
vt 0 0
v 1.41045 1.22306 0.273428
vn 3.80476 -0.000245732 -4.44416
vt 0 0
v 1.39004 1.33056 0.273428
vn 3.38316 0.642212 -4.72955
vt 0 0
v 1.40196 1.31264 0.279308
vn -0.253495 3.35059 4.78916
vt 0 0
v 1.34643 1.32571 0.273428
vn -0.0586824 0.807638 5.79405
vt 0 0
v 1.35592 1.30893 0.279677
vn -0.154677 2.75151 5.16063
vt 0 0
v 1.35592 1.30893 0.279677
vn -3.88224 -0.488198 4.34933
vt 0 0
v 1.34643 1.32571 0.273428
vn -3.4953 -0.616632 4.65074
vt 0 0
v 1.33398 1.22306 0.250463
vn -3.5047 0.000505462 4.68443
vt 0 0
v 1.33374 1.22306 0.250284
vn -3.28645 -1.27666e-015 4.84005
vt 0 0
v 1.33994 1.0862 0.273428
vn -3.28388 1.18697 4.69404
vt 0 0
v 1.33398 1.22306 0.250463
vn -3.5047 0.000505462 4.68443
vt 0 0
v 1.33994 1.0862 0.273428
vn -3.28388 1.18697 4.69404
vt 0 0
v 1.33374 1.22306 0.250284
vn -3.28645 -1.27666e-015 4.84005
vt 0 0
v 1.30877 1.09152 0.250284
vn -3.14479 1.20722 4.78327
vt 0 0
v 1.30877 1.35459 0.250284
vn -3.14479 -1.20722 4.78327
vt 0 0
v 1.27609 1.22306 0.21385
vn -2.99639 -2.10782e-015 5.02478
vt 0 0
v 1.33374 1.22306 0.250284
vn -3.28645 -1.27666e-015 4.84005
vt 0 0
v 1.27609 1.22306 0.21385
vn -2.99639 -2.10782e-015 5.02478
vt 0 0
v 1.30877 1.35459 0.250284
vn -3.14479 -1.20722 4.78327
vt 0 0
v 1.25293 1.34505 0.21385
vn -2.87254 -1.10433 4.97552
vt 0 0
v -0.14977 1.28096 0.161402
vn -2.67897 0.507475 -5.17614
vt 0 0
v -0.164407 1.40839 0.195907
vn -2.7248 1.61534 -4.91863
vt 0 0
v -0.106494 1.39313 0.161402
vn -2.46985 1.46624 -5.09674
vt 0 0
v -0.164407 1.40839 0.195907
vn -2.7248 1.61534 -4.91863
vt 0 0
v -0.14977 1.28096 0.161402
vn -2.67897 0.507475 -5.17614
vt 0 0
v -0.211567 1.28616 0.195907
vn -2.96492 0.560827 -5.01214
vt 0 0
v -0.270265 1.15503 0.233301
vn -3.25039 -0.613898 -4.82544
vt 0 0
v -0.211567 1.28616 0.195907
vn -2.96492 0.560827 -5.01214
vt 0 0
v -0.211567 1.15996 0.195907
vn -2.96492 -0.560827 -5.01214
vt 0 0
v -0.211567 1.28616 0.195907
vn -2.96492 0.560827 -5.01214
vt 0 0
v -0.270265 1.15503 0.233301
vn -3.25039 -0.613898 -4.82544
vt 0 0
v -0.270265 1.29109 0.233301
vn -3.25039 0.613898 -4.82544
vt 0 0
v -0.106494 1.39313 0.161402
vn -2.46985 1.46624 -5.09674
vt 0 0
v -0.0730516 1.51898 0.195907
vn -2.29585 2.49761 -4.76632
vt 0 0
v -0.0226599 1.49462 0.161402
vn -2.09175 2.27852 -4.96586
vt 0 0
v -0.0730516 1.51898 0.195907
vn -2.29585 2.49761 -4.76632
vt 0 0
v -0.106494 1.39313 0.161402
vn -2.46985 1.46624 -5.09674
vt 0 0
v -0.164407 1.40839 0.195907
vn -2.7248 1.61534 -4.91863
vt 0 0
v -0.0730516 1.51898 0.195907
vn -2.29585 2.49761 -4.76632
vt 0 0
v 0.0190471 1.64132 0.233301
vn -1.88646 3.41053 -4.36306
vt 0 0
v 0.0567601 1.61098 0.195907
vn -1.74639 3.16096 -4.60275
vt 0 0
v 0.0190471 1.64132 0.233301
vn -1.88646 3.41053 -4.36306
vt 0 0
v -0.0730516 1.51898 0.195907
vn -2.29585 2.49761 -4.76632
vt 0 0
v -0.120917 1.54213 0.233301
vn -2.49428 2.71 -4.54546
vt 0 0
v 1.26363 1.48818 0.273428
vn -2.90537 -2.25955 4.54753
vt 0 0
v 1.30901 1.35464 0.250463
vn -3.26731 -1.25225 4.68864
vt 0 0
v 1.33994 1.35992 0.273428
vn -3.28295 -1.18697 4.69469
vt 0 0
v 1.26363 1.48818 0.273428
vn -2.90537 -2.25955 4.54753
vt 0 0
v 1.30877 1.35459 0.250284
vn -3.14479 -1.20722 4.78327
vt 0 0
v 1.30901 1.35464 0.250463
vn -3.26731 -1.25225 4.68864
vt 0 0
v 1.23565 1.47794 0.250463
vn -2.85991 -2.34796 4.53154
vt 0 0
v 1.30877 1.35459 0.250284
vn -3.14479 -1.20722 4.78327
vt 0 0
v 1.26363 1.48818 0.273428
vn -2.90537 -2.25955 4.54753
vt 0 0
v 1.30877 1.35459 0.250284
vn -3.14479 -1.20722 4.78327
vt 0 0
v 1.23565 1.47794 0.250463
vn -2.85991 -2.34796 4.53154
vt 0 0
v 1.23543 1.47787 0.250284
vn -2.75625 -2.26577 4.6364
vt 0 0
v 1.26363 1.48818 0.273428
vn -2.90537 -2.25955 4.54753
vt 0 0
v 1.23543 1.47787 0.250284
vn -2.75625 -2.26577 4.6364
vt 0 0
v 1.23565 1.47794 0.250463
vn -2.85991 -2.34796 4.53154
vt 0 0
v 1.14179 1.59979 0.273428
vn -2.34273 -3.12614 4.35496
vt 0 0
v 1.23543 1.47787 0.250284
vn -2.75625 -2.26577 4.6364
vt 0 0
v 1.26363 1.48818 0.273428
vn -2.90537 -2.25955 4.54753
vt 0 0
v 1.11851 1.58524 0.250463
vn -2.27933 -3.19812 4.3363
vt 0 0
v 1.23543 1.47787 0.250284
vn -2.75625 -2.26577 4.6364
vt 0 0
v 1.14179 1.59979 0.273428
vn -2.34273 -3.12614 4.35496
vt 0 0
v 1.23543 1.47787 0.250284
vn -2.75625 -2.26577 4.6364
vt 0 0
v 1.11851 1.58524 0.250463
vn -2.27933 -3.19812 4.3363
vt 0 0
v 1.11833 1.58513 0.250284
vn -2.20135 -3.09156 4.45232
vt 0 0
v 0.982074 1.68772 0.273428
vn -1.6685 -3.74754 4.17119
vt 0 0
v 1.11851 1.58524 0.250463
vn -2.27933 -3.19812 4.3363
vt 0 0
v 1.14179 1.59979 0.273428
vn -2.34273 -3.12614 4.35496
vt 0 0
v 0.982074 1.68772 0.273428
vn -1.6685 -3.74754 4.17119
vt 0 0
v 1.11833 1.58513 0.250284
vn -2.20135 -3.09156 4.45232
vt 0 0
v 1.11851 1.58524 0.250463
vn -2.27933 -3.19812 4.3363
vt 0 0
v 0.964963 1.66977 0.250463
vn -1.60827 -3.78822 4.15809
vt 0 0
v 1.11833 1.58513 0.250284
vn -2.20135 -3.09156 4.45232
vt 0 0
v 0.982074 1.68772 0.273428
vn -1.6685 -3.74754 4.17119
vt 0 0
v 1.11833 1.58513 0.250284
vn -2.20135 -3.09156 4.45232
vt 0 0
v 0.964963 1.66977 0.250463
vn -1.60827 -3.78822 4.15809
vt 0 0
v 0.96483 1.66964 0.250284
vn -1.55679 -3.66913 4.28261
vt 0 0
v 0.794516 1.74645 0.273428
vn -0.939555 -4.12856 4.03721
vt 0 0
v 0.964963 1.66977 0.250463
vn -1.60827 -3.78822 4.15809
vt 0 0
v 0.982074 1.68772 0.273428
vn -1.6685 -3.74754 4.17119
vt 0 0
v 0.794516 1.74645 0.273428
vn -0.939555 -4.12856 4.03721
vt 0 0
v 0.96483 1.66964 0.250284
vn -1.55679 -3.66913 4.28261
vt 0 0
v 0.964963 1.66977 0.250463
vn -1.60827 -3.78822 4.15809
vt 0 0
v 0.784648 1.72624 0.250463
vn -0.900081 -4.14219 4.03224
vt 0 0
v 0.96483 1.66964 0.250284
vn -1.55679 -3.66913 4.28261
vt 0 0
v 0.794516 1.74645 0.273428
vn -0.939555 -4.12856 4.03721
vt 0 0
v 0.96483 1.66964 0.250284
vn -1.55679 -3.66913 4.28261
vt 0 0
v 0.784648 1.72624 0.250463
vn -0.900081 -4.14219 4.03224
vt 0 0
v 0.784571 1.72609 0.250284
vn -0.872827 -4.01812 4.16169
vt 0 0
v 0.588896 1.75109 0.250463
vn -0.180393 -4.28795 3.9759
vt 0 0
v 0.794516 1.74645 0.273428
vn -0.939555 -4.12856 4.03721
vt 0 0
v 0.590901 1.7723 0.273428
vn -0.188814 -4.28739 3.97611
vt 0 0
v 0.588896 1.75109 0.250463
vn -0.180393 -4.28795 3.9759
vt 0 0
v 0.784648 1.72624 0.250463
vn -0.900081 -4.14219 4.03224
vt 0 0
v 0.794516 1.74645 0.273428
vn -0.939555 -4.12856 4.03721
vt 0 0
v 0.58888 1.75093 0.250284
vn -0.175078 -4.16253 4.10725
vt 0 0
v 0.784648 1.72624 0.250463
vn -0.900081 -4.14219 4.03224
vt 0 0
v 0.588896 1.75109 0.250463
vn -0.180393 -4.28795 3.9759
vt 0 0
v 0.784648 1.72624 0.250463
vn -0.900081 -4.14219 4.03224
vt 0 0
v 0.58888 1.75093 0.250284
vn -0.175078 -4.16253 4.10725
vt 0 0
v 0.784571 1.72609 0.250284
vn -0.872827 -4.01812 4.16169
vt 0 0
v 0.390007 1.74277 0.250463
vn 0.540839 -4.23978 3.99482
vt 0 0
v 0.590901 1.7723 0.273428
vn -0.188814 -4.28739 3.97611
vt 0 0
v 0.384024 1.76364 0.273428
vn 0.565573 -4.23477 3.99671
vt 0 0
v 0.390007 1.74277 0.250463
vn 0.540839 -4.23978 3.99482
vt 0 0
v 0.588896 1.75109 0.250463
vn -0.180393 -4.28795 3.9759
vt 0 0
v 0.590901 1.7723 0.273428
vn -0.188814 -4.28739 3.97611
vt 0 0
v 0.390054 1.7426 0.250284
vn 0.524754 -4.11476 4.12556
vt 0 0
v 0.588896 1.75109 0.250463
vn -0.180393 -4.28795 3.9759
vt 0 0
v 0.390007 1.74277 0.250463
vn 0.540839 -4.23978 3.99482
vt 0 0
v 0.588896 1.75109 0.250463
vn -0.180393 -4.28795 3.9759
vt 0 0
v 0.390054 1.7426 0.250284
vn 0.524754 -4.11476 4.12556
vt 0 0
v 0.58888 1.75093 0.250284
vn -0.175078 -4.16253 4.10725
vt 0 0
v 0.200479 1.70178 0.250463
vn 1.25669 -3.99278 4.0872
vt 0 0
v 0.384024 1.76364 0.273428
vn 0.565573 -4.23477 3.99671
vt 0 0
v 0.186882 1.72101 0.273428
vn 1.30832 -3.96695 4.09614
vt 0 0
v 0.200479 1.70178 0.250463
vn 1.25669 -3.99278 4.0872
vt 0 0
v 0.390007 1.74277 0.250463
vn 0.540839 -4.23978 3.99482
vt 0 0
v 0.384024 1.76364 0.273428
vn 0.565573 -4.23477 3.99671
vt 0 0
v 0.200585 1.70163 0.250284
vn 1.21767 -3.87054 4.21462
vt 0 0
v 0.390007 1.74277 0.250463
vn 0.540839 -4.23978 3.99482
vt 0 0
v 0.200479 1.70178 0.250463
vn 1.25669 -3.99278 4.0872
vt 0 0
v 0.390007 1.74277 0.250463
vn 0.540839 -4.23978 3.99482
vt 0 0
v 0.200585 1.70163 0.250284
vn 1.21767 -3.87054 4.21462
vt 0 0
v 0.390054 1.7426 0.250284
vn 0.524754 -4.11476 4.12556
vt 0 0
v 0.186882 1.72101 0.273428
vn 1.30832 -3.96695 4.09614
vt 0 0
v 0.200585 1.70163 0.250284
vn 1.21767 -3.87054 4.21462
vt 0 0
v 0.200479 1.70178 0.250463
vn 1.25669 -3.99278 4.0872
vt 0 0
v 0.186882 1.72101 0.273428
vn 1.30832 -3.96695 4.09614
vt 0 0
v 0.0323781 1.63059 0.250284
vn 1.88646 -3.41053 4.36306
vt 0 0
v 0.200585 1.70163 0.250284
vn 1.21767 -3.87054 4.21462
vt 0 0
v 0.186882 1.72101 0.273428
vn 1.30832 -3.96695 4.09614
vt 0 0
v 0.0322199 1.63072 0.250463
vn 1.95101 -3.5246 4.24235
vt 0 0
v 0.0323781 1.63059 0.250284
vn 1.88646 -3.41053 4.36306
vt 0 0
v 0.0322199 1.63072 0.250463
vn 1.95101 -3.5246 4.24235
vt 0 0
v 0.186882 1.72101 0.273428
vn 1.30832 -3.96695 4.09614
vt 0 0
v 0.0118647 1.6471 0.273428
vn 2.01541 -3.46786 4.25897
vt 0 0
v 0.0322199 1.63072 0.250463
vn 1.95101 -3.5246 4.24235
vt 0 0
v -0.103997 1.53395 0.250284
vn 2.49428 -2.71 4.54546
vt 0 0
v 0.0323781 1.63059 0.250284
vn 1.88646 -3.41053 4.36306
vt 0 0
v 0.0118647 1.6471 0.273428
vn 2.01541 -3.46786 4.25897
vt 0 0
v -0.103997 1.53395 0.250284
vn 2.49428 -2.71 4.54546
vt 0 0
v 0.0322199 1.63072 0.250463
vn 1.95101 -3.5246 4.24235
vt 0 0
v 0.0118647 1.6471 0.273428
vn 2.01541 -3.46786 4.25897
vt 0 0
v -0.104198 1.53404 0.250463
vn 2.58554 -2.80604 4.43485
vt 0 0
v -0.103997 1.53395 0.250284
vn 2.49428 -2.71 4.54546
vt 0 0
v -0.104198 1.53404 0.250463
vn 2.58554 -2.80604 4.43485
vt 0 0
v 0.0118647 1.6471 0.273428
vn 2.01541 -3.46786 4.25897
vt 0 0
v -0.130033 1.54654 0.273428
vn 2.64247 -2.72239 4.45339
vt 0 0
v -0.104198 1.53404 0.250463
vn 2.58554 -2.80604 4.43485
vt 0 0
v -0.199972 1.41777 0.250284
vn 2.97675 -1.76221 4.71809
vt 0 0
v -0.103997 1.53395 0.250284
vn 2.49428 -2.71 4.54546
vt 0 0
v -0.130033 1.54654 0.273428
vn 2.64247 -2.72239 4.45339
vt 0 0
v -0.199972 1.41777 0.250284
vn 2.97675 -1.76221 4.71809
vt 0 0
v -0.104198 1.53404 0.250463
vn 2.58554 -2.80604 4.43485
vt 0 0
v -0.130033 1.54654 0.273428
vn 2.64247 -2.72239 4.45339
vt 0 0
v -0.200203 1.41783 0.250463
vn 3.09109 -1.82723 4.61879
vt 0 0
v -0.199972 1.41777 0.250284
vn 2.97675 -1.76221 4.71809
vt 0 0
v -0.200203 1.41783 0.250463
vn 3.09109 -1.82723 4.61879
vt 0 0
v -0.130033 1.54654 0.273428
vn 2.64247 -2.72239 4.45339
vt 0 0
v -0.229894 1.42565 0.273428
vn 3.12178 -1.74428 4.6302
vt 0 0
v -0.200203 1.41783 0.250463
vn 3.09109 -1.82723 4.61879
vt 0 0
v -0.249516 1.28935 0.250284
vn 3.25039 -0.613898 4.82544
vt 0 0
v -0.199972 1.41777 0.250284
vn 2.97675 -1.76221 4.71809
vt 0 0
v -0.229894 1.42565 0.273428
vn 3.12178 -1.74428 4.6302
vt 0 0
v -0.249516 1.28935 0.250284
vn 3.25039 -0.613898 4.82544
vt 0 0
v -0.200203 1.41783 0.250463
vn 3.09109 -1.82723 4.61879
vt 0 0
v -0.229894 1.42565 0.273428
vn 3.12178 -1.74428 4.6302
vt 0 0
v -0.249762 1.28937 0.250463
vn 3.378 -0.636927 4.73394
vt 0 0
v -0.249516 1.28935 0.250284
vn 3.25039 -0.613898 4.82544
vt 0 0
v -0.249762 1.28937 0.250463
vn 3.378 -0.636927 4.73394
vt 0 0
v -0.229894 1.42565 0.273428
vn 3.12178 -1.74428 4.6302
vt 0 0
v -0.281444 1.29203 0.273428
vn 3.38226 -0.600762 4.73563
vt 0 0
v -0.249762 1.28937 0.250463
vn 3.378 -0.636927 4.73394
vt 0 0
v -0.249516 1.15677 0.250284
vn 3.25039 0.613898 4.82544
vt 0 0
v -0.249516 1.28935 0.250284
vn 3.25039 -0.613898 4.82544
vt 0 0
v -0.249762 1.28937 0.250463
vn 3.378 -0.636927 4.73394
vt 0 0
v -0.249762 1.15675 0.250463
vn 3.378 0.636927 4.73394
vt 0 0
v -0.249516 1.15677 0.250284
vn 3.25039 0.613898 4.82544
vt 0 0
v -0.281444 1.29203 0.273428
vn 3.38226 -0.600762 4.73563
vt 0 0
v -0.249762 1.15675 0.250463
vn 3.378 0.636927 4.73394
vt 0 0
v -0.249762 1.28937 0.250463
vn 3.378 -0.636927 4.73394
vt 0 0
v -0.249762 1.15675 0.250463
vn 3.378 0.636927 4.73394
vt 0 0
v -0.281444 1.29203 0.273428
vn 3.38226 -0.600762 4.73563
vt 0 0
v -0.281444 1.15409 0.273428
vn 3.38226 0.600762 4.73563
vt 0 0
v -0.249516 1.15677 0.250284
vn 3.25039 0.613898 4.82544
vt 0 0
v -0.200203 1.02829 0.250463
vn 3.09109 1.82723 4.61879
vt 0 0
v -0.199972 1.02835 0.250284
vn 2.97675 1.76221 4.71809
vt 0 0
v -0.249516 1.15677 0.250284
vn 3.25039 0.613898 4.82544
vt 0 0
v -0.229894 1.02047 0.273428
vn 3.12178 1.74428 4.6302
vt 0 0
v -0.200203 1.02829 0.250463
vn 3.09109 1.82723 4.61879
vt 0 0
v -0.249762 1.15675 0.250463
vn 3.378 0.636927 4.73394
vt 0 0
v -0.229894 1.02047 0.273428
vn 3.12178 1.74428 4.6302
vt 0 0
v -0.249516 1.15677 0.250284
vn 3.25039 0.613898 4.82544
vt 0 0
v -0.229894 1.02047 0.273428
vn 3.12178 1.74428 4.6302
vt 0 0
v -0.249762 1.15675 0.250463
vn 3.378 0.636927 4.73394
vt 0 0
v -0.281444 1.15409 0.273428
vn 3.38226 0.600762 4.73563
vt 0 0
v -0.103997 0.912173 0.250284
vn 2.49428 2.71 4.54546
vt 0 0
v -0.130033 0.899584 0.273428
vn 2.64247 2.72239 4.45339
vt 0 0
v -0.104198 0.912076 0.250463
vn 2.58554 2.80604 4.43485
vt 0 0
v -0.199972 1.02835 0.250284
vn 2.97675 1.76221 4.71809
vt 0 0
v -0.130033 0.899584 0.273428
vn 2.64247 2.72239 4.45339
vt 0 0
v -0.103997 0.912173 0.250284
vn 2.49428 2.71 4.54546
vt 0 0
v -0.200203 1.02829 0.250463
vn 3.09109 1.82723 4.61879
vt 0 0
v -0.130033 0.899584 0.273428
vn 2.64247 2.72239 4.45339
vt 0 0
v -0.199972 1.02835 0.250284
vn 2.97675 1.76221 4.71809
vt 0 0
v -0.130033 0.899584 0.273428
vn 2.64247 2.72239 4.45339
vt 0 0
v -0.200203 1.02829 0.250463
vn 3.09109 1.82723 4.61879
vt 0 0
v -0.229894 1.02047 0.273428
vn 3.12178 1.74428 4.6302
vt 0 0
v -0.103997 0.912173 0.250284
vn 2.49428 2.71 4.54546
vt 0 0
v 0.0322199 0.815399 0.250463
vn 1.95101 3.5246 4.24235
vt 0 0
v 0.0323781 0.815526 0.250284
vn 1.88646 3.41053 4.36306
vt 0 0
v -0.103997 0.912173 0.250284
vn 2.49428 2.71 4.54546
vt 0 0
v 0.0118647 0.799024 0.273428
vn 2.01541 3.46786 4.25897
vt 0 0
v 0.0322199 0.815399 0.250463
vn 1.95101 3.5246 4.24235
vt 0 0
v -0.104198 0.912076 0.250463
vn 2.58554 2.80604 4.43485
vt 0 0
v 0.0118647 0.799024 0.273428
vn 2.01541 3.46786 4.25897
vt 0 0
v -0.103997 0.912173 0.250284
vn 2.49428 2.71 4.54546
vt 0 0
v 0.0118647 0.799024 0.273428
vn 2.01541 3.46786 4.25897
vt 0 0
v -0.104198 0.912076 0.250463
vn 2.58554 2.80604 4.43485
vt 0 0
v -0.130033 0.899584 0.273428
vn 2.64247 2.72239 4.45339
vt 0 0
v 0.200585 0.744485 0.250284
vn 1.21767 3.87054 4.21462
vt 0 0
v 0.186882 0.725107 0.273428
vn 1.30832 3.96695 4.09614
vt 0 0
v 0.200479 0.744336 0.250463
vn 1.25669 3.99278 4.0872
vt 0 0
v 0.0323781 0.815526 0.250284
vn 1.88646 3.41053 4.36306
vt 0 0
v 0.186882 0.725107 0.273428
vn 1.30832 3.96695 4.09614
vt 0 0
v 0.200585 0.744485 0.250284
vn 1.21767 3.87054 4.21462
vt 0 0
v 0.0322199 0.815399 0.250463
vn 1.95101 3.5246 4.24235
vt 0 0
v 0.186882 0.725107 0.273428
vn 1.30832 3.96695 4.09614
vt 0 0
v 0.0323781 0.815526 0.250284
vn 1.88646 3.41053 4.36306
vt 0 0
v 0.186882 0.725107 0.273428
vn 1.30832 3.96695 4.09614
vt 0 0
v 0.0322199 0.815399 0.250463
vn 1.95101 3.5246 4.24235
vt 0 0
v 0.0118647 0.799024 0.273428
vn 2.01541 3.46786 4.25897
vt 0 0
v 0.384024 0.682478 0.273428
vn 0.565573 4.23477 3.99671
vt 0 0
v 0.200479 0.744336 0.250463
vn 1.25669 3.99278 4.0872
vt 0 0
v 0.186882 0.725107 0.273428
vn 1.30832 3.96695 4.09614
vt 0 0
v 0.390054 0.703516 0.250284
vn 0.524754 4.11476 4.12556
vt 0 0
v 0.200479 0.744336 0.250463
vn 1.25669 3.99278 4.0872
vt 0 0
v 0.384024 0.682478 0.273428
vn 0.565573 4.23477 3.99671
vt 0 0
v 0.200479 0.744336 0.250463
vn 1.25669 3.99278 4.0872
vt 0 0
v 0.390054 0.703516 0.250284
vn 0.524754 4.11476 4.12556
vt 0 0
v 0.200585 0.744485 0.250284
vn 1.21767 3.87054 4.21462
vt 0 0
v 0.58888 0.695191 0.250284
vn -0.175078 4.16253 4.10725
vt 0 0
v 0.384024 0.682478 0.273428
vn 0.565573 4.23477 3.99671
vt 0 0
v 0.590901 0.673816 0.273428
vn -0.188814 4.28739 3.97611
vt 0 0
v 0.384024 0.682478 0.273428
vn 0.565573 4.23477 3.99671
vt 0 0
v 0.58888 0.695191 0.250284
vn -0.175078 4.16253 4.10725
vt 0 0
v 0.390054 0.703516 0.250284
vn 0.524754 4.11476 4.12556
vt 0 0
v 0.784648 0.719877 0.250463
vn -0.900081 4.14219 4.03224
vt 0 0
v 0.590901 0.673816 0.273428
vn -0.188814 4.28739 3.97611
vt 0 0
v 0.794516 0.699665 0.273428
vn -0.939555 4.12856 4.03721
vt 0 0
v 0.784571 0.720034 0.250284
vn -0.872827 4.01812 4.16169
vt 0 0
v 0.590901 0.673816 0.273428
vn -0.188814 4.28739 3.97611
vt 0 0
v 0.784648 0.719877 0.250463
vn -0.900081 4.14219 4.03224
vt 0 0
v 0.590901 0.673816 0.273428
vn -0.188814 4.28739 3.97611
vt 0 0
v 0.784571 0.720034 0.250284
vn -0.872827 4.01812 4.16169
vt 0 0
v 0.58888 0.695191 0.250284
vn -0.175078 4.16253 4.10725
vt 0 0
v 0.964963 0.776345 0.250463
vn -1.60827 3.78822 4.15809
vt 0 0
v 0.794516 0.699665 0.273428
vn -0.939555 4.12856 4.03721
vt 0 0
v 0.982074 0.758401 0.273428
vn -1.6685 3.74754 4.17119
vt 0 0
v 0.96483 0.776484 0.250284
vn -1.55679 3.66913 4.28261
vt 0 0
v 0.794516 0.699665 0.273428
vn -0.939555 4.12856 4.03721
vt 0 0
v 0.964963 0.776345 0.250463
vn -1.60827 3.78822 4.15809
vt 0 0
v 0.96483 0.776484 0.250284
vn -1.55679 3.66913 4.28261
vt 0 0
v 0.784648 0.719877 0.250463
vn -0.900081 4.14219 4.03224
vt 0 0
v 0.794516 0.699665 0.273428
vn -0.939555 4.12856 4.03721
vt 0 0
v 0.784648 0.719877 0.250463
vn -0.900081 4.14219 4.03224
vt 0 0
v 0.96483 0.776484 0.250284
vn -1.55679 3.66913 4.28261
vt 0 0
v 0.784571 0.720034 0.250284
vn -0.872827 4.01812 4.16169
vt 0 0
v 1.11833 0.860994 0.250284
vn -2.20135 3.09156 4.45232
vt 0 0
v 1.14179 0.846333 0.273428
vn -2.34273 3.12614 4.35496
vt 0 0
v 1.11851 0.860881 0.250463
vn -2.27933 3.19812 4.3363
vt 0 0
v 1.11833 0.860994 0.250284
vn -2.20135 3.09156 4.45232
vt 0 0
v 0.982074 0.758401 0.273428
vn -1.6685 3.74754 4.17119
vt 0 0
v 1.14179 0.846333 0.273428
vn -2.34273 3.12614 4.35496
vt 0 0
v 1.11833 0.860994 0.250284
vn -2.20135 3.09156 4.45232
vt 0 0
v 0.964963 0.776345 0.250463
vn -1.60827 3.78822 4.15809
vt 0 0
v 0.982074 0.758401 0.273428
vn -1.6685 3.74754 4.17119
vt 0 0
v 0.964963 0.776345 0.250463
vn -1.60827 3.78822 4.15809
vt 0 0
v 1.11833 0.860994 0.250284
vn -2.20135 3.09156 4.45232
vt 0 0
v 0.96483 0.776484 0.250284
vn -1.55679 3.66913 4.28261
vt 0 0
v 1.23543 0.968254 0.250284
vn -2.75625 2.26577 4.6364
vt 0 0
v 1.26363 0.957937 0.273428
vn -2.90537 2.25955 4.54753
vt 0 0
v 1.23565 0.968175 0.250463
vn -2.85991 2.34796 4.53154
vt 0 0
v 1.23543 0.968254 0.250284
vn -2.75625 2.26577 4.6364
vt 0 0
v 1.14179 0.846333 0.273428
vn -2.34273 3.12614 4.35496
vt 0 0
v 1.26363 0.957937 0.273428
vn -2.90537 2.25955 4.54753
vt 0 0
v 1.23543 0.968254 0.250284
vn -2.75625 2.26577 4.6364
vt 0 0
v 1.11851 0.860881 0.250463
vn -2.27933 3.19812 4.3363
vt 0 0
v 1.14179 0.846333 0.273428
vn -2.34273 3.12614 4.35496
vt 0 0
v 1.11851 0.860881 0.250463
vn -2.27933 3.19812 4.3363
vt 0 0
v 1.23543 0.968254 0.250284
vn -2.75625 2.26577 4.6364
vt 0 0
v 1.11833 0.860994 0.250284
vn -2.20135 3.09156 4.45232
vt 0 0
v 1.30877 1.09152 0.250284
vn -3.14479 1.20722 4.78327
vt 0 0
v 1.26363 0.957937 0.273428
vn -2.90537 2.25955 4.54753
vt 0 0
v 1.33994 1.0862 0.273428
vn -3.28388 1.18697 4.69404
vt 0 0
v 1.30877 1.09152 0.250284
vn -3.14479 1.20722 4.78327
vt 0 0
v 1.23565 0.968175 0.250463
vn -2.85991 2.34796 4.53154
vt 0 0
v 1.26363 0.957937 0.273428
vn -2.90537 2.25955 4.54753
vt 0 0
v 1.23565 0.968175 0.250463
vn -2.85991 2.34796 4.53154
vt 0 0
v 1.30877 1.09152 0.250284
vn -3.14479 1.20722 4.78327
vt 0 0
v 1.23543 0.968254 0.250284
vn -2.75625 2.26577 4.6364
vt 0 0
v 1.34643 1.12059 0.273428
vn -3.50304 0.615486 4.64507
vt 0 0
v 1.33398 1.22306 0.250463
vn -3.5047 0.000505462 4.68443
vt 0 0
v 1.33994 1.0862 0.273428
vn -3.28388 1.18697 4.69404
vt 0 0
v 1.40199 1.13374 0.279308
vn -0.2525 -3.33997 4.79663
vt 0 0
v 1.34643 1.12059 0.273428
vn -0.0584344 -0.804965 5.79443
vt 0 0
v 1.39007 1.11573 0.273428
vn -0.110166 -0.990041 5.76494
vt 0 0
v 1.38307 1.07883 0.273428
vn 3.28295 -1.18697 -4.69469
vt 0 0
v 1.41045 1.22306 0.273428
vn 3.80476 -0.000245732 -4.44416
vt 0 0
v 1.39007 1.11573 0.273428
vn 3.38377 -0.642329 -4.72909
vt 0 0
v 1.38307 1.07883 0.273428
vn 3.28295 -1.18697 -4.69469
vt 0 0
v 1.35465 1.22306 0.233301
vn 3.28645 4.45527e-015 -4.84005
vt 0 0
v 1.41045 1.22306 0.273428
vn 3.80476 -0.000245732 -4.44416
vt 0 0
v 1.35465 1.22306 0.233301
vn 3.28645 4.45527e-015 -4.84005
vt 0 0
v 1.38307 1.07883 0.273428
vn 3.28295 -1.18697 -4.69469
vt 0 0
v 1.32902 1.08806 0.233301
vn 3.14479 -1.20722 -4.78327
vt 0 0
v 1.30265 0.94366 0.273428
vn 2.90537 -2.25955 -4.54753
vt 0 0
v 1.32902 1.08806 0.233301
vn 3.14479 -1.20722 -4.78327
vt 0 0
v 1.38307 1.07883 0.273428
vn 3.28295 -1.18697 -4.69469
vt 0 0
v 1.32902 1.08806 0.233301
vn 3.14479 -1.20722 -4.78327
vt 0 0
v 1.30265 0.94366 0.273428
vn 2.90537 -2.25955 -4.54753
vt 0 0
v 1.25376 0.961549 0.233301
vn 2.75625 -2.26577 -4.6364
vt 0 0
v 1.17425 0.826047 0.273428
vn 2.34273 -3.12614 -4.35496
vt 0 0
v 1.25376 0.961549 0.233301
vn 2.75625 -2.26577 -4.6364
vt 0 0
v 1.30265 0.94366 0.273428
vn 2.90537 -2.25955 -4.54753
vt 0 0
v 1.25376 0.961549 0.233301
vn 2.75625 -2.26577 -4.6364
vt 0 0
v 1.17425 0.826047 0.273428
vn 2.34273 -3.12614 -4.35496
vt 0 0
v 1.13358 0.851467 0.233301
vn 2.20135 -3.09156 -4.45232
vt 0 0
v 1.00593 0.73338 0.273428
vn 1.6685 -3.74754 -4.17119
vt 0 0
v 1.13358 0.851467 0.233301
vn 2.20135 -3.09156 -4.45232
vt 0 0
v 1.17425 0.826047 0.273428
vn 2.34273 -3.12614 -4.35496
vt 0 0
v 1.13358 0.851467 0.233301
vn 2.20135 -3.09156 -4.45232
vt 0 0
v 1.00593 0.73338 0.273428
vn 1.6685 -3.74754 -4.17119
vt 0 0
v 0.976036 0.764733 0.233301
vn 1.55679 -3.66913 -4.28261
vt 0 0
v 0.808276 0.671481 0.273428
vn 0.939555 -4.12856 -4.03721
vt 0 0
v 0.976036 0.764733 0.233301
vn 1.55679 -3.66913 -4.28261
vt 0 0
v 1.00593 0.73338 0.273428
vn 1.6685 -3.74754 -4.17119
vt 0 0
v 0.976036 0.764733 0.233301
vn 1.55679 -3.66913 -4.28261
vt 0 0
v 0.808276 0.671481 0.273428
vn 0.939555 -4.12856 -4.03721
vt 0 0
v 0.791034 0.706797 0.233301
vn 0.872827 -4.01812 -4.16169
vt 0 0
v 0.590193 0.6813 0.233301
vn 0.175078 -4.16253 -4.10725
vt 0 0
v 0.808276 0.671481 0.273428
vn 0.939555 -4.12856 -4.03721
vt 0 0
v 0.593697 0.64424 0.273428
vn 0.188814 -4.28739 -3.97611
vt 0 0
v 0.808276 0.671481 0.273428
vn 0.939555 -4.12856 -4.03721
vt 0 0
v 0.590193 0.6813 0.233301
vn 0.175078 -4.16253 -4.10725
vt 0 0
v 0.791034 0.706797 0.233301
vn 0.872827 -4.01812 -4.16169
vt 0 0
v 0.386135 0.689844 0.233301
vn -0.524754 -4.11476 -4.12556
vt 0 0
v 0.593697 0.64424 0.273428
vn 0.188814 -4.28739 -3.97611
vt 0 0
v 0.375679 0.653369 0.273428
vn -0.565573 -4.23477 -3.99671
vt 0 0
v 0.593697 0.64424 0.273428
vn 0.188814 -4.28739 -3.97611
vt 0 0
v 0.386135 0.689844 0.233301
vn -0.524754 -4.11476 -4.12556
vt 0 0
v 0.590193 0.6813 0.233301
vn 0.175078 -4.16253 -4.10725
vt 0 0
v 0.19168 0.731892 0.233301
vn -1.21767 -3.87054 -4.21462
vt 0 0
v 0.375679 0.653369 0.273428
vn -0.565573 -4.23477 -3.99671
vt 0 0
v 0.167923 0.698293 0.273428
vn -1.30832 -3.96695 -4.09614
vt 0 0
v 0.375679 0.653369 0.273428
vn -0.565573 -4.23477 -3.99671
vt 0 0
v 0.19168 0.731892 0.233301
vn -1.21767 -3.87054 -4.21462
vt 0 0
v 0.386135 0.689844 0.233301
vn -0.524754 -4.11476 -4.12556
vt 0 0
v 0.167923 0.698293 0.273428
vn -1.30832 -3.96695 -4.09614
vt 0 0
v 0.0190471 0.804802 0.233301
vn -1.88646 -3.41053 -4.36306
vt 0 0
v 0.19168 0.731892 0.233301
vn -1.21767 -3.87054 -4.21462
vt 0 0
v 0.0190471 0.804802 0.233301
vn -1.88646 -3.41053 -4.36306
vt 0 0
v 0.167923 0.698293 0.273428
vn -1.30832 -3.96695 -4.09614
vt 0 0
v -0.0165197 0.77619 0.273428
vn -2.01541 -3.46786 -4.25897
vt 0 0
v -0.0165197 0.77619 0.273428
vn -2.01541 -3.46786 -4.25897
vt 0 0
v -0.120917 0.903992 0.233301
vn -2.49428 -2.71 -4.54546
vt 0 0
v 0.0190471 0.804802 0.233301
vn -1.88646 -3.41053 -4.36306
vt 0 0
v -0.120917 0.903992 0.233301
vn -2.49428 -2.71 -4.54546
vt 0 0
v -0.0165197 0.77619 0.273428
vn -2.01541 -3.46786 -4.25897
vt 0 0
v -0.166058 0.882166 0.273428
vn -2.64247 -2.72239 -4.45339
vt 0 0
v -0.166058 0.882166 0.273428
vn -2.64247 -2.72239 -4.45339
vt 0 0
v -0.219417 1.02323 0.233301
vn -2.97675 -1.76221 -4.71809
vt 0 0
v -0.120917 0.903992 0.233301
vn -2.49428 -2.71 -4.54546
vt 0 0
v -0.219417 1.02323 0.233301
vn -2.97675 -1.76221 -4.71809
vt 0 0
v -0.166058 0.882166 0.273428
vn -2.64247 -2.72239 -4.45339
vt 0 0
v -0.271296 1.00956 0.273428
vn -3.12178 -1.74428 -4.6302
vt 0 0
v -0.271296 1.00956 0.273428
vn -3.12178 -1.74428 -4.6302
vt 0 0
v -0.270265 1.15503 0.233301
vn -3.25039 -0.613898 -4.82544
vt 0 0
v -0.219417 1.02323 0.233301
vn -2.97675 -1.76221 -4.71809
vt 0 0
v -0.270265 1.15503 0.233301
vn -3.25039 -0.613898 -4.82544
vt 0 0
v -0.271296 1.00956 0.273428
vn -3.12178 -1.74428 -4.6302
vt 0 0
v -0.325622 1.15037 0.273428
vn -3.38226 -0.600762 -4.73563
vt 0 0
v 0.0190471 1.64132 0.233301
vn -1.88646 3.41053 -4.36306
vt 0 0
v 0.167923 1.74783 0.273428
vn -1.30832 3.96695 -4.09614
vt 0 0
v 0.19168 1.71423 0.233301
vn -1.21767 3.87054 -4.21462
vt 0 0
v 0.167923 1.74783 0.273428
vn -1.30832 3.96695 -4.09614
vt 0 0
v 0.0190471 1.64132 0.233301
vn -1.88646 3.41053 -4.36306
vt 0 0
v -0.0165197 1.66993 0.273428
vn -2.01541 3.46786 -4.25897
vt 0 0
v 0.386135 1.75628 0.233301
vn -0.524754 4.11476 -4.12556
vt 0 0
v 0.167923 1.74783 0.273428
vn -1.30832 3.96695 -4.09614
vt 0 0
v 0.375679 1.79275 0.273428
vn -0.565573 4.23477 -3.99671
vt 0 0
v 0.167923 1.74783 0.273428
vn -1.30832 3.96695 -4.09614
vt 0 0
v 0.386135 1.75628 0.233301
vn -0.524754 4.11476 -4.12556
vt 0 0
v 0.19168 1.71423 0.233301
vn -1.21767 3.87054 -4.21462
vt 0 0
v 0.590193 1.76482 0.233301
vn 0.175078 4.16253 -4.10725
vt 0 0
v 0.375679 1.79275 0.273428
vn -0.565573 4.23477 -3.99671
vt 0 0
v 0.593697 1.80188 0.273428
vn 0.188814 4.28739 -3.97611
vt 0 0
v 0.375679 1.79275 0.273428
vn -0.565573 4.23477 -3.99671
vt 0 0
v 0.590193 1.76482 0.233301
vn 0.175078 4.16253 -4.10725
vt 0 0
v 0.386135 1.75628 0.233301
vn -0.524754 4.11476 -4.12556
vt 0 0
v 0.791034 1.73932 0.233301
vn 0.872827 4.01812 -4.16169
vt 0 0
v 0.593697 1.80188 0.273428
vn 0.188814 4.28739 -3.97611
vt 0 0
v 0.808276 1.77464 0.273428
vn 0.939555 4.12856 -4.03721
vt 0 0
v 0.593697 1.80188 0.273428
vn 0.188814 4.28739 -3.97611
vt 0 0
v 0.791034 1.73932 0.233301
vn 0.872827 4.01812 -4.16169
vt 0 0
v 0.590193 1.76482 0.233301
vn 0.175078 4.16253 -4.10725
vt 0 0
v 0.976036 1.68139 0.233301
vn 1.55679 3.66913 -4.28261
vt 0 0
v 0.808276 1.77464 0.273428
vn 0.939555 4.12856 -4.03721
vt 0 0
v 1.00593 1.71274 0.273428
vn 1.6685 3.74754 -4.17119
vt 0 0
v 0.808276 1.77464 0.273428
vn 0.939555 4.12856 -4.03721
vt 0 0
v 0.976036 1.68139 0.233301
vn 1.55679 3.66913 -4.28261
vt 0 0
v 0.791034 1.73932 0.233301
vn 0.872827 4.01812 -4.16169
vt 0 0
v 1.13358 1.59465 0.233301
vn 2.20135 3.09156 -4.45232
vt 0 0
v 1.00593 1.71274 0.273428
vn 1.6685 3.74754 -4.17119
vt 0 0
v 1.17425 1.62007 0.273428
vn 2.34273 3.12614 -4.35496
vt 0 0
v 1.00593 1.71274 0.273428
vn 1.6685 3.74754 -4.17119
vt 0 0
v 1.13358 1.59465 0.233301
vn 2.20135 3.09156 -4.45232
vt 0 0
v 0.976036 1.68139 0.233301
vn 1.55679 3.66913 -4.28261
vt 0 0
v 1.25376 1.48457 0.233301
vn 2.75625 2.26577 -4.6364
vt 0 0
v 1.17425 1.62007 0.273428
vn 2.34273 3.12614 -4.35496
vt 0 0
v 1.30265 1.50246 0.273428
vn 2.90537 2.25955 -4.54753
vt 0 0
v 1.17425 1.62007 0.273428
vn 2.34273 3.12614 -4.35496
vt 0 0
v 1.25376 1.48457 0.233301
vn 2.75625 2.26577 -4.6364
vt 0 0
v 1.13358 1.59465 0.233301
vn 2.20135 3.09156 -4.45232
vt 0 0
v 1.32902 1.35806 0.233301
vn 3.14479 1.20722 -4.78327
vt 0 0
v 1.30265 1.50246 0.273428
vn 2.90537 2.25955 -4.54753
vt 0 0
v 1.38307 1.36729 0.273428
vn 3.28295 1.18697 -4.69469
vt 0 0
v 1.30265 1.50246 0.273428
vn 2.90537 2.25955 -4.54753
vt 0 0
v 1.32902 1.35806 0.233301
vn 3.14479 1.20722 -4.78327
vt 0 0
v 1.25376 1.48457 0.233301
vn 2.75625 2.26577 -4.6364
vt 0 0
v 1.35465 1.22306 0.233301
vn 3.28645 4.45527e-015 -4.84005
vt 0 0
v 1.39004 1.33056 0.273428
vn 3.38316 0.642212 -4.72955
vt 0 0
v 1.41045 1.22306 0.273428
vn 3.80476 -0.000245732 -4.44416
vt 0 0
v 1.35465 1.22306 0.233301
vn 3.28645 4.45527e-015 -4.84005
vt 0 0
v 1.38307 1.36729 0.273428
vn 3.28295 1.18697 -4.69469
vt 0 0
v 1.39004 1.33056 0.273428
vn 3.38316 0.642212 -4.72955
vt 0 0
v 1.38307 1.36729 0.273428
vn 3.28295 1.18697 -4.69469
vt 0 0
v 1.35465 1.22306 0.233301
vn 3.28645 4.45527e-015 -4.84005
vt 0 0
v 1.32902 1.35806 0.233301
vn 3.14479 1.20722 -4.78327
vt 0 0
v 1.40196 1.31264 0.279308
vn -0.253495 3.35059 4.78916
vt 0 0
v 1.39004 1.33056 0.273428
vn -0.110725 0.994671 5.76413
vt 0 0
v 1.34643 1.32571 0.273428
vn -0.0586824 0.807638 5.79405
vt 0 0
v 1.33994 1.35992 0.273428
vn -3.28295 -1.18697 4.69469
vt 0 0
v 1.33398 1.22306 0.250463
vn -3.5047 0.000505462 4.68443
vt 0 0
v 1.34643 1.32571 0.273428
vn -3.4953 -0.616632 4.65074
vt 0 0
v 1.33994 1.35992 0.273428
vn -3.28295 -1.18697 4.69469
vt 0 0
v 1.33374 1.22306 0.250284
vn -3.28645 -1.27666e-015 4.84005
vt 0 0
v 1.33398 1.22306 0.250463
vn -3.5047 0.000505462 4.68443
vt 0 0
v 1.30901 1.35464 0.250463
vn -3.26731 -1.25225 4.68864
vt 0 0
v 1.33374 1.22306 0.250284
vn -3.28645 -1.27666e-015 4.84005
vt 0 0
v 1.33994 1.35992 0.273428
vn -3.28295 -1.18697 4.69469
vt 0 0
v 1.33374 1.22306 0.250284
vn -3.28645 -1.27666e-015 4.84005
vt 0 0
v 1.30901 1.35464 0.250463
vn -3.26731 -1.25225 4.68864
vt 0 0
v 1.30877 1.35459 0.250284
vn -3.14479 -1.20722 4.78327
vt 0 0
v -0.211567 1.28616 0.195907
vn -2.96492 0.560827 -5.01214
vt 0 0
v -0.219417 1.42289 0.233301
vn -2.97675 1.76221 -4.71809
vt 0 0
v -0.164407 1.40839 0.195907
vn -2.7248 1.61534 -4.91863
vt 0 0
v -0.219417 1.42289 0.233301
vn -2.97675 1.76221 -4.71809
vt 0 0
v -0.211567 1.28616 0.195907
vn -2.96492 0.560827 -5.01214
vt 0 0
v -0.270265 1.29109 0.233301
vn -3.25039 0.613898 -4.82544
vt 0 0
v -0.270265 1.15503 0.233301
vn -3.25039 -0.613898 -4.82544
vt 0 0
v -0.325622 1.29575 0.273428
vn -3.38226 0.600762 -4.73563
vt 0 0
v -0.270265 1.29109 0.233301
vn -3.25039 0.613898 -4.82544
vt 0 0
v -0.325622 1.29575 0.273428
vn -3.38226 0.600762 -4.73563
vt 0 0
v -0.270265 1.15503 0.233301
vn -3.25039 -0.613898 -4.82544
vt 0 0
v -0.325622 1.15037 0.273428
vn -3.38226 -0.600762 -4.73563
vt 0 0
v -0.164407 1.40839 0.195907
vn -2.7248 1.61534 -4.91863
vt 0 0
v -0.120917 1.54213 0.233301
vn -2.49428 2.71 -4.54546
vt 0 0
v -0.0730516 1.51898 0.195907
vn -2.29585 2.49761 -4.76632
vt 0 0
v -0.120917 1.54213 0.233301
vn -2.49428 2.71 -4.54546
vt 0 0
v -0.164407 1.40839 0.195907
vn -2.7248 1.61534 -4.91863
vt 0 0
v -0.219417 1.42289 0.233301
vn -2.97675 1.76221 -4.71809
vt 0 0
v -0.120917 1.54213 0.233301
vn -2.49428 2.71 -4.54546
vt 0 0
v -0.0165197 1.66993 0.273428
vn -2.01541 3.46786 -4.25897
vt 0 0
v 0.0190471 1.64132 0.233301
vn -1.88646 3.41053 -4.36306
vt 0 0
v -0.0165197 1.66993 0.273428
vn -2.01541 3.46786 -4.25897
vt 0 0
v -0.120917 1.54213 0.233301
vn -2.49428 2.71 -4.54546
vt 0 0
v -0.166058 1.56395 0.273428
vn -2.64247 2.72239 -4.45339
vt 0 0
v 1.38307 1.36729 0.273428
vn 0 0 5.85037
vt 0 0
v 1.34643 1.32571 0.273428
vn -0.0586824 0.807638 5.79405
vt 0 0
v 1.39004 1.33056 0.273428
vn -0.110725 0.994671 5.76413
vt 0 0
v 1.38307 1.36729 0.273428
vn 0 0 5.85037
vt 0 0
v 1.33994 1.35992 0.273428
vn 0 0 5.85037
vt 0 0
v 1.34643 1.32571 0.273428
vn -0.0586824 0.807638 5.79405
vt 0 0
v 1.30265 1.50246 0.273428
vn 0 0 5.85037
vt 0 0
v 1.33994 1.35992 0.273428
vn 0 0 5.85037
vt 0 0
v 1.38307 1.36729 0.273428
vn 0 0 5.85037
vt 0 0
v 1.30265 1.50246 0.273428
vn 0 0 5.85037
vt 0 0
v 1.26363 1.48818 0.273428
vn 0 0 5.85037
vt 0 0
v 1.33994 1.35992 0.273428
vn 0 0 5.85037
vt 0 0
v 1.17425 1.62007 0.273428
vn 0 0 5.85037
vt 0 0
v 1.26363 1.48818 0.273428
vn 0 0 5.85037
vt 0 0
v 1.30265 1.50246 0.273428
vn 0 0 5.85037
vt 0 0
v 1.17425 1.62007 0.273428
vn 0 0 5.85037
vt 0 0
v 1.14179 1.59979 0.273428
vn 0 0 5.85037
vt 0 0
v 1.26363 1.48818 0.273428
vn 0 0 5.85037
vt 0 0
v 1.00593 1.71274 0.273428
vn 0 0 5.85037
vt 0 0
v 1.14179 1.59979 0.273428
vn 0 0 5.85037
vt 0 0
v 1.17425 1.62007 0.273428
vn 0 0 5.85037
vt 0 0
v 1.00593 1.71274 0.273428
vn 0 0 5.85037
vt 0 0
v 0.982074 1.68772 0.273428
vn 0 0 5.85037
vt 0 0
v 1.14179 1.59979 0.273428
vn 0 0 5.85037
vt 0 0
v 0.808276 1.77464 0.273428
vn 0 0 5.85037
vt 0 0
v 0.982074 1.68772 0.273428
vn 0 0 5.85037
vt 0 0
v 1.00593 1.71274 0.273428
vn 0 0 5.85037
vt 0 0
v 0.808276 1.77464 0.273428
vn 0 0 5.85037
vt 0 0
v 0.794516 1.74645 0.273428
vn 0 0 5.85037
vt 0 0
v 0.982074 1.68772 0.273428
vn 0 0 5.85037
vt 0 0
v 0.593697 1.80188 0.273428
vn 0 0 5.85037
vt 0 0
v 0.794516 1.74645 0.273428
vn 0 0 5.85037
vt 0 0
v 0.808276 1.77464 0.273428
vn 0 0 5.85037
vt 0 0
v 0.593697 1.80188 0.273428
vn 0 0 5.85037
vt 0 0
v 0.590901 1.7723 0.273428
vn 0 0 5.85037
vt 0 0
v 0.794516 1.74645 0.273428
vn 0 0 5.85037
vt 0 0
v 0.593697 1.80188 0.273428
vn 0 0 5.85037
vt 0 0
v 0.384024 1.76364 0.273428
vn 0 0 5.85037
vt 0 0
v 0.590901 1.7723 0.273428
vn 0 0 5.85037
vt 0 0
v 0.375679 1.79275 0.273428
vn 0 0 5.85037
vt 0 0
v 0.384024 1.76364 0.273428
vn 0 0 5.85037
vt 0 0
v 0.593697 1.80188 0.273428
vn 0 0 5.85037
vt 0 0
v 0.375679 1.79275 0.273428
vn 0 0 5.85037
vt 0 0
v 0.186882 1.72101 0.273428
vn 0 0 5.85037
vt 0 0
v 0.384024 1.76364 0.273428
vn 0 0 5.85037
vt 0 0
v 0.167923 1.74783 0.273428
vn 0 0 5.85037
vt 0 0
v 0.186882 1.72101 0.273428
vn 0 0 5.85037
vt 0 0
v 0.375679 1.79275 0.273428
vn 0 0 5.85037
vt 0 0
v 0.167923 1.74783 0.273428
vn 0 0 5.85037
vt 0 0
v 0.0118647 1.6471 0.273428
vn 0 0 5.85037
vt 0 0
v 0.186882 1.72101 0.273428
vn 0 0 5.85037
vt 0 0
v -0.0165197 1.66993 0.273428
vn 0 0 5.85037
vt 0 0
v 0.0118647 1.6471 0.273428
vn 0 0 5.85037
vt 0 0
v 0.167923 1.74783 0.273428
vn 0 0 5.85037
vt 0 0
v -0.0165197 1.66993 0.273428
vn 0 0 5.85037
vt 0 0
v -0.130033 1.54654 0.273428
vn 0 0 5.85037
vt 0 0
v 0.0118647 1.6471 0.273428
vn 0 0 5.85037
vt 0 0
v -0.166058 1.56395 0.273428
vn 0 0 5.85037
vt 0 0
v -0.130033 1.54654 0.273428
vn 0 0 5.85037
vt 0 0
v -0.0165197 1.66993 0.273428
vn 0 0 5.85037
vt 0 0
v -0.166058 1.56395 0.273428
vn 0 0 5.85037
vt 0 0
v -0.229894 1.42565 0.273428
vn 0 0 5.85037
vt 0 0
v -0.130033 1.54654 0.273428
vn 0 0 5.85037
vt 0 0
v -0.271296 1.43656 0.273428
vn 0 0 5.85037
vt 0 0
v -0.229894 1.42565 0.273428
vn 0 0 5.85037
vt 0 0
v -0.166058 1.56395 0.273428
vn 0 0 5.85037
vt 0 0
v -0.271296 1.43656 0.273428
vn 0 0 5.85037
vt 0 0
v -0.281444 1.29203 0.273428
vn 0 0 5.85037
vt 0 0
v -0.229894 1.42565 0.273428
vn 0 0 5.85037
vt 0 0
v -0.281444 1.29203 0.273428
vn 0 0 5.85037
vt 0 0
v -0.325622 1.29575 0.273428
vn 0 0 5.85037
vt 0 0
v -0.281444 1.15409 0.273428
vn 0 0 5.85037
vt 0 0
v -0.325622 1.29575 0.273428
vn 0 0 5.85037
vt 0 0
v -0.281444 1.29203 0.273428
vn 0 0 5.85037
vt 0 0
v -0.271296 1.43656 0.273428
vn 0 0 5.85037
vt 0 0
v 1.34643 1.12059 0.273428
vn -0.0584344 -0.804965 5.79443
vt 0 0
v 1.38307 1.07883 0.273428
vn 0 0 5.85037
vt 0 0
v 1.39007 1.11573 0.273428
vn -0.110166 -0.990041 5.76494
vt 0 0
v 1.33994 1.0862 0.273428
vn 0 0 5.85037
vt 0 0
v 1.38307 1.07883 0.273428
vn 0 0 5.85037
vt 0 0
v 1.34643 1.12059 0.273428
vn -0.0584344 -0.804965 5.79443
vt 0 0
v 1.33994 1.0862 0.273428
vn 0 0 5.85037
vt 0 0
v 1.30265 0.94366 0.273428
vn 0 0 5.85037
vt 0 0
v 1.38307 1.07883 0.273428
vn 0 0 5.85037
vt 0 0
v 1.26363 0.957937 0.273428
vn 0 0 5.85037
vt 0 0
v 1.30265 0.94366 0.273428
vn 0 0 5.85037
vt 0 0
v 1.33994 1.0862 0.273428
vn 0 0 5.85037
vt 0 0
v 1.26363 0.957937 0.273428
vn 0 0 5.85037
vt 0 0
v 1.17425 0.826047 0.273428
vn 0 0 5.85037
vt 0 0
v 1.30265 0.94366 0.273428
vn 0 0 5.85037
vt 0 0
v 1.14179 0.846333 0.273428
vn 0 0 5.85037
vt 0 0
v 1.17425 0.826047 0.273428
vn 0 0 5.85037
vt 0 0
v 1.26363 0.957937 0.273428
vn 0 0 5.85037
vt 0 0
v 1.14179 0.846333 0.273428
vn 0 0 5.85037
vt 0 0
v 1.00593 0.73338 0.273428
vn 0 0 5.85037
vt 0 0
v 1.17425 0.826047 0.273428
vn 0 0 5.85037
vt 0 0
v 0.982074 0.758401 0.273428
vn 0 0 5.85037
vt 0 0
v 1.00593 0.73338 0.273428
vn 0 0 5.85037
vt 0 0
v 1.14179 0.846333 0.273428
vn 0 0 5.85037
vt 0 0
v 0.982074 0.758401 0.273428
vn 0 0 5.85037
vt 0 0
v 0.808276 0.671481 0.273428
vn 0 0 5.85037
vt 0 0
v 1.00593 0.73338 0.273428
vn 0 0 5.85037
vt 0 0
v 0.794516 0.699665 0.273428
vn 0 0 5.85037
vt 0 0
v 0.808276 0.671481 0.273428
vn 0 0 5.85037
vt 0 0
v 0.982074 0.758401 0.273428
vn 0 0 5.85037
vt 0 0
v 0.794516 0.699665 0.273428
vn 0 0 5.85037
vt 0 0
v 0.593697 0.64424 0.273428
vn 0 0 5.85037
vt 0 0
v 0.808276 0.671481 0.273428
vn 0 0 5.85037
vt 0 0
v 0.590901 0.673816 0.273428
vn 0 0 5.85037
vt 0 0
v 0.593697 0.64424 0.273428
vn 0 0 5.85037
vt 0 0
v 0.794516 0.699665 0.273428
vn 0 0 5.85037
vt 0 0
v 0.384024 0.682478 0.273428
vn 0 0 5.85037
vt 0 0
v 0.593697 0.64424 0.273428
vn 0 0 5.85037
vt 0 0
v 0.590901 0.673816 0.273428
vn 0 0 5.85037
vt 0 0
v 0.384024 0.682478 0.273428
vn 0 0 5.85037
vt 0 0
v 0.375679 0.653369 0.273428
vn 0 0 5.85037
vt 0 0
v 0.593697 0.64424 0.273428
vn 0 0 5.85037
vt 0 0
v 0.186882 0.725107 0.273428
vn 0 0 5.85037
vt 0 0
v 0.375679 0.653369 0.273428
vn 0 0 5.85037
vt 0 0
v 0.384024 0.682478 0.273428
vn 0 0 5.85037
vt 0 0
v 0.186882 0.725107 0.273428
vn 0 0 5.85037
vt 0 0
v 0.167923 0.698293 0.273428
vn 0 0 5.85037
vt 0 0
v 0.375679 0.653369 0.273428
vn 0 0 5.85037
vt 0 0
v 0.0118647 0.799024 0.273428
vn 0 0 5.85037
vt 0 0
v 0.167923 0.698293 0.273428
vn 0 0 5.85037
vt 0 0
v 0.186882 0.725107 0.273428
vn 0 0 5.85037
vt 0 0
v 0.0118647 0.799024 0.273428
vn 0 0 5.85037
vt 0 0
v -0.0165197 0.77619 0.273428
vn 0 0 5.85037
vt 0 0
v 0.167923 0.698293 0.273428
vn 0 0 5.85037
vt 0 0
v -0.130033 0.899584 0.273428
vn 0 0 5.85037
vt 0 0
v -0.0165197 0.77619 0.273428
vn 0 0 5.85037
vt 0 0
v 0.0118647 0.799024 0.273428
vn 0 0 5.85037
vt 0 0
v -0.130033 0.899584 0.273428
vn 0 0 5.85037
vt 0 0
v -0.166058 0.882166 0.273428
vn 0 0 5.85037
vt 0 0
v -0.0165197 0.77619 0.273428
vn 0 0 5.85037
vt 0 0
v -0.229894 1.02047 0.273428
vn 0 0 5.85037
vt 0 0
v -0.166058 0.882166 0.273428
vn 0 0 5.85037
vt 0 0
v -0.130033 0.899584 0.273428
vn 0 0 5.85037
vt 0 0
v -0.229894 1.02047 0.273428
vn 0 0 5.85037
vt 0 0
v -0.271296 1.00956 0.273428
vn 0 0 5.85037
vt 0 0
v -0.166058 0.882166 0.273428
vn 0 0 5.85037
vt 0 0
v -0.281444 1.15409 0.273428
vn 0 0 5.85037
vt 0 0
v -0.271296 1.00956 0.273428
vn 0 0 5.85037
vt 0 0
v -0.229894 1.02047 0.273428
vn 0 0 5.85037
vt 0 0
v -0.325622 1.29575 0.273428
vn 0 0 5.85037
vt 0 0
v -0.271296 1.00956 0.273428
vn 0 0 5.85037
vt 0 0
v -0.281444 1.15409 0.273428
vn 0 0 5.85037
vt 0 0
v -0.271296 1.00956 0.273428
vn 0 0 5.85037
vt 0 0
v -0.325622 1.29575 0.273428
vn 0 0 5.85037
vt 0 0
v -0.325622 1.15037 0.273428
vn 0 0 5.85037
vt 0 0
v -0.270265 1.29109 0.233301
vn -3.25039 0.613898 -4.82544
vt 0 0
v -0.271296 1.43656 0.273428
vn -3.12178 1.74428 -4.6302
vt 0 0
v -0.219417 1.42289 0.233301
vn -2.97675 1.76221 -4.71809
vt 0 0
v -0.271296 1.43656 0.273428
vn -3.12178 1.74428 -4.6302
vt 0 0
v -0.270265 1.29109 0.233301
vn -3.25039 0.613898 -4.82544
vt 0 0
v -0.325622 1.29575 0.273428
vn -3.38226 0.600762 -4.73563
vt 0 0
v -0.219417 1.42289 0.233301
vn -2.97675 1.76221 -4.71809
vt 0 0
v -0.166058 1.56395 0.273428
vn -2.64247 2.72239 -4.45339
vt 0 0
v -0.120917 1.54213 0.233301
vn -2.49428 2.71 -4.54546
vt 0 0
v -0.166058 1.56395 0.273428
vn -2.64247 2.72239 -4.45339
vt 0 0
v -0.219417 1.42289 0.233301
vn -2.97675 1.76221 -4.71809
vt 0 0
v -0.271296 1.43656 0.273428
vn -3.12178 1.74428 -4.6302
vt 0 0
g plastic soup spoon        
usemtl m0
f 1//1 2//2 3//3
f 4//4 5//5 6//6
f 7//7 8//8 9//9
f 10//10 11//11 12//12
f 13//13 14//14 15//15
f 16//16 17//17 18//18
f 19//19 20//20 21//21
f 22//22 23//23 24//24
f 25//25 26//26 27//27
f 28//28 29//29 30//30
f 31//31 32//32 33//33
f 34//34 35//35 36//36
f 37//37 38//38 39//39
f 40//40 41//41 42//42
f 43//43 44//44 45//45
f 46//46 47//47 48//48
f 49//49 50//50 51//51
f 52//52 53//53 54//54
f 55//55 56//56 57//57
f 58//58 59//59 60//60
f 61//61 62//62 63//63
f 64//64 65//65 66//66
f 67//67 68//68 69//69
f 70//70 71//71 72//72
f 73//73 74//74 75//75
f 76//76 77//77 78//78
f 79//79 80//80 81//81
f 82//82 83//83 84//84
f 85//85 86//86 87//87
f 88//88 89//89 90//90
f 91//91 92//92 93//93
f 94//94 95//95 96//96
f 97//97 98//98 99//99
f 100//100 101//101 102//102
f 103//103 104//104 105//105
f 106//106 107//107 108//108
f 109//109 110//110 111//111
f 112//112 113//113 114//114
f 115//115 116//116 117//117
f 118//118 119//119 120//120
f 121//121 122//122 123//123
f 124//124 125//125 126//126
f 127//127 128//128 129//129
f 130//130 131//131 132//132
f 133//133 134//134 135//135
f 136//136 137//137 138//138
f 139//139 140//140 141//141
f 142//142 143//143 144//144
f 145//145 146//146 147//147
f 148//148 149//149 150//150
f 151//151 152//152 153//153
f 154//154 155//155 156//156
f 157//157 158//158 159//159
f 160//160 161//161 162//162
f 163//163 164//164 165//165
f 166//166 167//167 168//168
f 169//169 170//170 171//171
f 172//172 173//173 174//174
f 175//175 176//176 177//177
f 178//178 179//179 180//180
f 181//181 182//182 183//183
f 184//184 185//185 186//186
f 187//187 188//188 189//189
f 190//190 191//191 192//192
f 193//193 194//194 195//195
f 196//196 197//197 198//198
f 199//199 200//200 201//201
f 202//202 203//203 204//204
f 205//205 206//206 207//207
f 208//208 209//209 210//210
f 211//211 212//212 213//213
f 214//214 215//215 216//216
f 217//217 218//218 219//219
f 220//220 221//221 222//222
f 223//223 224//224 225//225
f 226//226 227//227 228//228
f 229//229 230//230 231//231
f 232//232 233//233 234//234
f 235//235 236//236 237//237
f 238//238 239//239 240//240
f 241//241 242//242 243//243
f 244//244 245//245 246//246
f 247//247 248//248 249//249
f 250//250 251//251 252//252
f 253//253 254//254 255//255
f 256//256 257//257 258//258
f 259//259 260//260 261//261
f 262//262 263//263 264//264
f 265//265 266//266 267//267
f 268//268 269//269 270//270
f 271//271 272//272 273//273
f 274//274 275//275 276//276
f 277//277 278//278 279//279
f 280//280 281//281 282//282
f 283//283 284//284 285//285
f 286//286 287//287 288//288
f 289//289 290//290 291//291
f 292//292 293//293 294//294
f 295//295 296//296 297//297
f 298//298 299//299 300//300
f 301//301 302//302 303//303
f 304//304 305//305 306//306
f 307//307 308//308 309//309
f 310//310 311//311 312//312
f 313//313 314//314 315//315
f 316//316 317//317 318//318
f 319//319 320//320 321//321
f 322//322 323//323 324//324
f 325//325 326//326 327//327
f 328//328 329//329 330//330
f 331//331 332//332 333//333
f 334//334 335//335 336//336
f 337//337 338//338 339//339
f 340//340 341//341 342//342
f 343//343 344//344 345//345
f 346//346 347//347 348//348
f 349//349 350//350 351//351
f 352//352 353//353 354//354
f 355//355 356//356 357//357
f 358//358 359//359 360//360
f 361//361 362//362 363//363
f 364//364 365//365 366//366
f 367//367 368//368 369//369
f 370//370 371//371 372//372
f 373//373 374//374 375//375
f 376//376 377//377 378//378
f 379//379 380//380 381//381
f 382//382 383//383 384//384
f 385//385 386//386 387//387
f 388//388 389//389 390//390
f 391//391 392//392 393//393
f 394//394 395//395 396//396
f 397//397 398//398 399//399
f 400//400 401//401 402//402
f 403//403 404//404 405//405
f 406//406 407//407 408//408
f 409//409 410//410 411//411
f 412//412 413//413 414//414
f 415//415 416//416 417//417
f 418//418 419//419 420//420
f 421//421 422//422 423//423
f 424//424 425//425 426//426
f 427//427 428//428 429//429
f 430//430 431//431 432//432
f 433//433 434//434 435//435
f 436//436 437//437 438//438
f 439//439 440//440 441//441
f 442//442 443//443 444//444
f 445//445 446//446 447//447
f 448//448 449//449 450//450
f 451//451 452//452 453//453
f 454//454 455//455 456//456
f 457//457 458//458 459//459
f 460//460 461//461 462//462
f 463//463 464//464 465//465
f 466//466 467//467 468//468
f 469//469 470//470 471//471
f 472//472 473//473 474//474
f 475//475 476//476 477//477
f 478//478 479//479 480//480
f 481//481 482//482 483//483
f 484//484 485//485 486//486
f 487//487 488//488 489//489
f 490//490 491//491 492//492
f 493//493 494//494 495//495
f 496//496 497//497 498//498
f 499//499 500//500 501//501
f 502//502 503//503 504//504
f 505//505 506//506 507//507
f 508//508 509//509 510//510
f 511//511 512//512 513//513
f 514//514 515//515 516//516
f 517//517 518//518 519//519
f 520//520 521//521 522//522
f 523//523 524//524 525//525
f 526//526 527//527 528//528
f 529//529 530//530 531//531
f 532//532 533//533 534//534
f 535//535 536//536 537//537
f 538//538 539//539 540//540
f 541//541 542//542 543//543
f 544//544 545//545 546//546
f 547//547 548//548 549//549
f 550//550 551//551 552//552
f 553//553 554//554 555//555
f 556//556 557//557 558//558
f 559//559 560//560 561//561
f 562//562 563//563 564//564
f 565//565 566//566 567//567
f 568//568 569//569 570//570
f 571//571 572//572 573//573
f 574//574 575//575 576//576
f 577//577 578//578 579//579
f 580//580 581//581 582//582
f 583//583 584//584 585//585
f 586//586 587//587 588//588
f 589//589 590//590 591//591
f 592//592 593//593 594//594
f 595//595 596//596 597//597
f 598//598 599//599 600//600
f 601//601 602//602 603//603
f 604//604 605//605 606//606
f 607//607 608//608 609//609
f 610//610 611//611 612//612
f 613//613 614//614 615//615
f 616//616 617//617 618//618
f 619//619 620//620 621//621
f 622//622 623//623 624//624
f 625//625 626//626 627//627
f 628//628 629//629 630//630
f 631//631 632//632 633//633
f 634//634 635//635 636//636
f 637//637 638//638 639//639
f 640//640 641//641 642//642
f 643//643 644//644 645//645
f 646//646 647//647 648//648
f 649//649 650//650 651//651
f 652//652 653//653 654//654
f 655//655 656//656 657//657
f 658//658 659//659 660//660
f 661//661 662//662 663//663
f 664//664 665//665 666//666
f 667//667 668//668 669//669
f 670//670 671//671 672//672
f 673//673 674//674 675//675
f 676//676 677//677 678//678
f 679//679 680//680 681//681
f 682//682 683//683 684//684
f 685//685 686//686 687//687
f 688//688 689//689 690//690
f 691//691 692//692 693//693
f 694//694 695//695 696//696
f 697//697 698//698 699//699
f 700//700 701//701 702//702
f 703//703 704//704 705//705
f 706//706 707//707 708//708
f 709//709 710//710 711//711
f 712//712 713//713 714//714
f 715//715 716//716 717//717
f 718//718 719//719 720//720
f 721//721 722//722 723//723
f 724//724 725//725 726//726
f 727//727 728//728 729//729
f 730//730 731//731 732//732
f 733//733 734//734 735//735
f 736//736 737//737 738//738
f 739//739 740//740 741//741
f 742//742 743//743 744//744
f 745//745 746//746 747//747
f 748//748 749//749 750//750
f 751//751 752//752 753//753
f 754//754 755//755 756//756
f 757//757 758//758 759//759
f 760//760 761//761 762//762
f 763//763 764//764 765//765
f 766//766 767//767 768//768
f 769//769 770//770 771//771
f 772//772 773//773 774//774
f 775//775 776//776 777//777
f 778//778 779//779 780//780
f 781//781 782//782 783//783
f 784//784 785//785 786//786
f 787//787 788//788 789//789
f 790//790 791//791 792//792
f 793//793 794//794 795//795
f 796//796 797//797 798//798
f 799//799 800//800 801//801
f 802//802 803//803 804//804
f 805//805 806//806 807//807
f 808//808 809//809 810//810
f 811//811 812//812 813//813
f 814//814 815//815 816//816
f 817//817 818//818 819//819
f 820//820 821//821 822//822
f 823//823 824//824 825//825
f 826//826 827//827 828//828
f 829//829 830//830 831//831
f 832//832 833//833 834//834
f 835//835 836//836 837//837
f 838//838 839//839 840//840
f 841//841 842//842 843//843
f 844//844 845//845 846//846
f 847//847 848//848 849//849
f 850//850 851//851 852//852
f 853//853 854//854 855//855
f 856//856 857//857 858//858
f 859//859 860//860 861//861
f 862//862 863//863 864//864
f 865//865 866//866 867//867
f 868//868 869//869 870//870
f 871//871 872//872 873//873
f 874//874 875//875 876//876
f 877//877 878//878 879//879
f 880//880 881//881 882//882
f 883//883 884//884 885//885
f 886//886 887//887 888//888
f 889//889 890//890 891//891
f 892//892 893//893 894//894
f 895//895 896//896 897//897
f 898//898 899//899 900//900
f 901//901 902//902 903//903
f 904//904 905//905 906//906
f 907//907 908//908 909//909
f 910//910 911//911 912//912
f 913//913 914//914 915//915
f 916//916 917//917 918//918
f 919//919 920//920 921//921
f 922//922 923//923 924//924
f 925//925 926//926 927//927
f 928//928 929//929 930//930
f 931//931 932//932 933//933
f 934//934 935//935 936//936
f 937//937 938//938 939//939
f 940//940 941//941 942//942
f 943//943 944//944 945//945
f 946//946 947//947 948//948
f 949//949 950//950 951//951
f 952//952 953//953 954//954
f 955//955 956//956 957//957
f 958//958 959//959 960//960
f 961//961 962//962 963//963
f 964//964 965//965 966//966
f 967//967 968//968 969//969
f 970//970 971//971 972//972
f 973//973 974//974 975//975
f 976//976 977//977 978//978
f 979//979 980//980 981//981
f 982//982 983//983 984//984
f 985//985 986//986 987//987
f 988//988 989//989 990//990
f 991//991 992//992 993//993
f 994//994 995//995 996//996
f 997//997 998//998 999//999
f 1000//1000 1001//1001 1002//1002
f 1003//1003 1004//1004 1005//1005
f 1006//1006 1007//1007 1008//1008
f 1009//1009 1010//1010 1011//1011
f 1012//1012 1013//1013 1014//1014
f 1015//1015 1016//1016 1017//1017
f 1018//1018 1019//1019 1020//1020
f 1021//1021 1022//1022 1023//1023
f 1024//1024 1025//1025 1026//1026
f 1027//1027 1028//1028 1029//1029
f 1030//1030 1031//1031 1032//1032
f 1033//1033 1034//1034 1035//1035
f 1036//1036 1037//1037 1038//1038
f 1039//1039 1040//1040 1041//1041
f 1042//1042 1043//1043 1044//1044
f 1045//1045 1046//1046 1047//1047
f 1048//1048 1049//1049 1050//1050
f 1051//1051 1052//1052 1053//1053
f 1054//1054 1055//1055 1056//1056
f 1057//1057 1058//1058 1059//1059
f 1060//1060 1061//1061 1062//1062
f 1063//1063 1064//1064 1065//1065
f 1066//1066 1067//1067 1068//1068
f 1069//1069 1070//1070 1071//1071
f 1072//1072 1073//1073 1074//1074
f 1075//1075 1076//1076 1077//1077
f 1078//1078 1079//1079 1080//1080
f 1081//1081 1082//1082 1083//1083
f 1084//1084 1085//1085 1086//1086
f 1087//1087 1088//1088 1089//1089
f 1090//1090 1091//1091 1092//1092
f 1093//1093 1094//1094 1095//1095
f 1096//1096 1097//1097 1098//1098
f 1099//1099 1100//1100 1101//1101
f 1102//1102 1103//1103 1104//1104
f 1105//1105 1106//1106 1107//1107
f 1108//1108 1109//1109 1110//1110
f 1111//1111 1112//1112 1113//1113
f 1114//1114 1115//1115 1116//1116
f 1117//1117 1118//1118 1119//1119
f 1120//1120 1121//1121 1122//1122
f 1123//1123 1124//1124 1125//1125
f 1126//1126 1127//1127 1128//1128
f 1129//1129 1130//1130 1131//1131
f 1132//1132 1133//1133 1134//1134
f 1135//1135 1136//1136 1137//1137
f 1138//1138 1139//1139 1140//1140
f 1141//1141 1142//1142 1143//1143
f 1144//1144 1145//1145 1146//1146
f 1147//1147 1148//1148 1149//1149
f 1150//1150 1151//1151 1152//1152
f 1153//1153 1154//1154 1155//1155
f 1156//1156 1157//1157 1158//1158
f 1159//1159 1160//1160 1161//1161
f 1162//1162 1163//1163 1164//1164
f 1165//1165 1166//1166 1167//1167
f 1168//1168 1169//1169 1170//1170
f 1171//1171 1172//1172 1173//1173
f 1174//1174 1175//1175 1176//1176
f 1177//1177 1178//1178 1179//1179
f 1180//1180 1181//1181 1182//1182
f 1183//1183 1184//1184 1185//1185
f 1186//1186 1187//1187 1188//1188
f 1189//1189 1190//1190 1191//1191
f 1192//1192 1193//1193 1194//1194
f 1195//1195 1196//1196 1197//1197
f 1198//1198 1199//1199 1200//1200
f 1201//1201 1202//1202 1203//1203
f 1204//1204 1205//1205 1206//1206
f 1207//1207 1208//1208 1209//1209
f 1210//1210 1211//1211 1212//1212
f 1213//1213 1214//1214 1215//1215
f 1216//1216 1217//1217 1218//1218
f 1219//1219 1220//1220 1221//1221
f 1222//1222 1223//1223 1224//1224
f 1225//1225 1226//1226 1227//1227
f 1228//1228 1229//1229 1230//1230
f 1231//1231 1232//1232 1233//1233
f 1234//1234 1235//1235 1236//1236
f 1237//1237 1238//1238 1239//1239
f 1240//1240 1241//1241 1242//1242
f 1243//1243 1244//1244 1245//1245
f 1246//1246 1247//1247 1248//1248
f 1249//1249 1250//1250 1251//1251
f 1252//1252 1253//1253 1254//1254
f 1255//1255 1256//1256 1257//1257
f 1258//1258 1259//1259 1260//1260
f 1261//1261 1262//1262 1263//1263
f 1264//1264 1265//1265 1266//1266
f 1267//1267 1268//1268 1269//1269
f 1270//1270 1271//1271 1272//1272
f 1273//1273 1274//1274 1275//1275
f 1276//1276 1277//1277 1278//1278
f 1279//1279 1280//1280 1281//1281
f 1282//1282 1283//1283 1284//1284
f 1285//1285 1286//1286 1287//1287
f 1288//1288 1289//1289 1290//1290
f 1291//1291 1292//1292 1293//1293
f 1294//1294 1295//1295 1296//1296
f 1297//1297 1298//1298 1299//1299
f 1300//1300 1301//1301 1302//1302
f 1303//1303 1304//1304 1305//1305
f 1306//1306 1307//1307 1308//1308
f 1309//1309 1310//1310 1311//1311
f 1312//1312 1313//1313 1314//1314
f 1315//1315 1316//1316 1317//1317
f 1318//1318 1319//1319 1320//1320
f 1321//1321 1322//1322 1323//1323
f 1324//1324 1325//1325 1326//1326
f 1327//1327 1328//1328 1329//1329
f 1330//1330 1331//1331 1332//1332
f 1333//1333 1334//1334 1335//1335
f 1336//1336 1337//1337 1338//1338
f 1339//1339 1340//1340 1341//1341
f 1342//1342 1343//1343 1344//1344
f 1345//1345 1346//1346 1347//1347
f 1348//1348 1349//1349 1350//1350
f 1351//1351 1352//1352 1353//1353
f 1354//1354 1355//1355 1356//1356
f 1357//1357 1358//1358 1359//1359
f 1360//1360 1361//1361 1362//1362
f 1363//1363 1364//1364 1365//1365
f 1366//1366 1367//1367 1368//1368
f 1369//1369 1370//1370 1371//1371
f 1372//1372 1373//1373 1374//1374
f 1375//1375 1376//1376 1377//1377
f 1378//1378 1379//1379 1380//1380
f 1381//1381 1382//1382 1383//1383
f 1384//1384 1385//1385 1386//1386
f 1387//1387 1388//1388 1389//1389
f 1390//1390 1391//1391 1392//1392
f 1393//1393 1394//1394 1395//1395
f 1396//1396 1397//1397 1398//1398
f 1399//1399 1400//1400 1401//1401
f 1402//1402 1403//1403 1404//1404
f 1405//1405 1406//1406 1407//1407
f 1408//1408 1409//1409 1410//1410
f 1411//1411 1412//1412 1413//1413
f 1414//1414 1415//1415 1416//1416
f 1417//1417 1418//1418 1419//1419
f 1420//1420 1421//1421 1422//1422
f 1423//1423 1424//1424 1425//1425
f 1426//1426 1427//1427 1428//1428
f 1429//1429 1430//1430 1431//1431
f 1432//1432 1433//1433 1434//1434
f 1435//1435 1436//1436 1437//1437
f 1438//1438 1439//1439 1440//1440
f 1441//1441 1442//1442 1443//1443
f 1444//1444 1445//1445 1446//1446
f 1447//1447 1448//1448 1449//1449
f 1450//1450 1451//1451 1452//1452
f 1453//1453 1454//1454 1455//1455
f 1456//1456 1457//1457 1458//1458
f 1459//1459 1460//1460 1461//1461
f 1462//1462 1463//1463 1464//1464
f 1465//1465 1466//1466 1467//1467
f 1468//1468 1469//1469 1470//1470
f 1471//1471 1472//1472 1473//1473
f 1474//1474 1475//1475 1476//1476
f 1477//1477 1478//1478 1479//1479
f 1480//1480 1481//1481 1482//1482
f 1483//1483 1484//1484 1485//1485
f 1486//1486 1487//1487 1488//1488
f 1489//1489 1490//1490 1491//1491
f 1492//1492 1493//1493 1494//1494
f 1495//1495 1496//1496 1497//1497
f 1498//1498 1499//1499 1500//1500
f 1501//1501 1502//1502 1503//1503
f 1504//1504 1505//1505 1506//1506
f 1507//1507 1508//1508 1509//1509
f 1510//1510 1511//1511 1512//1512
f 1513//1513 1514//1514 1515//1515
f 1516//1516 1517//1517 1518//1518
f 1519//1519 1520//1520 1521//1521
f 1522//1522 1523//1523 1524//1524
f 1525//1525 1526//1526 1527//1527
f 1528//1528 1529//1529 1530//1530
f 1531//1531 1532//1532 1533//1533
f 1534//1534 1535//1535 1536//1536
f 1537//1537 1538//1538 1539//1539
f 1540//1540 1541//1541 1542//1542
f 1543//1543 1544//1544 1545//1545
f 1546//1546 1547//1547 1548//1548
f 1549//1549 1550//1550 1551//1551
f 1552//1552 1553//1553 1554//1554
f 1555//1555 1556//1556 1557//1557
f 1558//1558 1559//1559 1560//1560
f 1561//1561 1562//1562 1563//1563
f 1564//1564 1565//1565 1566//1566
f 1567//1567 1568//1568 1569//1569
f 1570//1570 1571//1571 1572//1572
f 1573//1573 1574//1574 1575//1575
f 1576//1576 1577//1577 1578//1578
f 1579//1579 1580//1580 1581//1581
f 1582//1582 1583//1583 1584//1584
f 1585//1585 1586//1586 1587//1587
f 1588//1588 1589//1589 1590//1590
f 1591//1591 1592//1592 1593//1593
f 1594//1594 1595//1595 1596//1596
f 1597//1597 1598//1598 1599//1599
f 1600//1600 1601//1601 1602//1602
f 1603//1603 1604//1604 1605//1605
f 1606//1606 1607//1607 1608//1608
f 1609//1609 1610//1610 1611//1611
f 1612//1612 1613//1613 1614//1614
f 1615//1615 1616//1616 1617//1617
f 1618//1618 1619//1619 1620//1620
f 1621//1621 1622//1622 1623//1623
f 1624//1624 1625//1625 1626//1626
f 1627//1627 1628//1628 1629//1629
f 1630//1630 1631//1631 1632//1632
f 1633//1633 1634//1634 1635//1635
f 1636//1636 1637//1637 1638//1638
f 1639//1639 1640//1640 1641//1641
f 1642//1642 1643//1643 1644//1644
f 1645//1645 1646//1646 1647//1647
f 1648//1648 1649//1649 1650//1650
f 1651//1651 1652//1652 1653//1653
f 1654//1654 1655//1655 1656//1656
f 1657//1657 1658//1658 1659//1659
f 1660//1660 1661//1661 1662//1662
f 1663//1663 1664//1664 1665//1665
f 1666//1666 1667//1667 1668//1668
f 1669//1669 1670//1670 1671//1671
f 1672//1672 1673//1673 1674//1674
f 1675//1675 1676//1676 1677//1677
f 1678//1678 1679//1679 1680//1680
f 1681//1681 1682//1682 1683//1683
f 1684//1684 1685//1685 1686//1686
f 1687//1687 1688//1688 1689//1689
f 1690//1690 1691//1691 1692//1692
f 1693//1693 1694//1694 1695//1695
f 1696//1696 1697//1697 1698//1698
f 1699//1699 1700//1700 1701//1701
f 1702//1702 1703//1703 1704//1704
f 1705//1705 1706//1706 1707//1707
f 1708//1708 1709//1709 1710//1710
f 1711//1711 1712//1712 1713//1713
f 1714//1714 1715//1715 1716//1716
f 1717//1717 1718//1718 1719//1719
f 1720//1720 1721//1721 1722//1722
f 1723//1723 1724//1724 1725//1725
f 1726//1726 1727//1727 1728//1728
f 1729//1729 1730//1730 1731//1731
f 1732//1732 1733//1733 1734//1734
f 1735//1735 1736//1736 1737//1737
f 1738//1738 1739//1739 1740//1740
f 1741//1741 1742//1742 1743//1743
f 1744//1744 1745//1745 1746//1746
f 1747//1747 1748//1748 1749//1749
f 1750//1750 1751//1751 1752//1752
f 1753//1753 1754//1754 1755//1755
f 1756//1756 1757//1757 1758//1758
f 1759//1759 1760//1760 1761//1761
f 1762//1762 1763//1763 1764//1764
f 1765//1765 1766//1766 1767//1767
f 1768//1768 1769//1769 1770//1770
f 1771//1771 1772//1772 1773//1773
f 1774//1774 1775//1775 1776//1776
f 1777//1777 1778//1778 1779//1779
f 1780//1780 1781//1781 1782//1782
f 1783//1783 1784//1784 1785//1785
f 1786//1786 1787//1787 1788//1788
f 1789//1789 1790//1790 1791//1791
f 1792//1792 1793//1793 1794//1794
f 1795//1795 1796//1796 1797//1797
f 1798//1798 1799//1799 1800//1800
f 1801//1801 1802//1802 1803//1803
f 1804//1804 1805//1805 1806//1806
f 1807//1807 1808//1808 1809//1809
f 1810//1810 1811//1811 1812//1812
f 1813//1813 1814//1814 1815//1815
f 1816//1816 1817//1817 1818//1818
f 1819//1819 1820//1820 1821//1821
f 1822//1822 1823//1823 1824//1824
f 1825//1825 1826//1826 1827//1827
f 1828//1828 1829//1829 1830//1830
f 1831//1831 1832//1832 1833//1833
f 1834//1834 1835//1835 1836//1836
f 1837//1837 1838//1838 1839//1839
f 1840//1840 1841//1841 1842//1842
f 1843//1843 1844//1844 1845//1845
f 1846//1846 1847//1847 1848//1848
f 1849//1849 1850//1850 1851//1851
f 1852//1852 1853//1853 1854//1854
f 1855//1855 1856//1856 1857//1857
f 1858//1858 1859//1859 1860//1860
f 1861//1861 1862//1862 1863//1863
f 1864//1864 1865//1865 1866//1866
f 1867//1867 1868//1868 1869//1869
f 1870//1870 1871//1871 1872//1872
f 1873//1873 1874//1874 1875//1875
f 1876//1876 1877//1877 1878//1878
f 1879//1879 1880//1880 1881//1881
f 1882//1882 1883//1883 1884//1884
f 1885//1885 1886//1886 1887//1887
f 1888//1888 1889//1889 1890//1890
f 1891//1891 1892//1892 1893//1893
f 1894//1894 1895//1895 1896//1896
f 1897//1897 1898//1898 1899//1899
f 1900//1900 1901//1901 1902//1902
f 1903//1903 1904//1904 1905//1905
f 1906//1906 1907//1907 1908//1908
f 1909//1909 1910//1910 1911//1911
f 1912//1912 1913//1913 1914//1914
f 1915//1915 1916//1916 1917//1917
f 1918//1918 1919//1919 1920//1920
f 1921//1921 1922//1922 1923//1923
f 1924//1924 1925//1925 1926//1926
f 1927//1927 1928//1928 1929//1929
f 1930//1930 1931//1931 1932//1932
f 1933//1933 1934//1934 1935//1935
f 1936//1936 1937//1937 1938//1938
f 1939//1939 1940//1940 1941//1941
f 1942//1942 1943//1943 1944//1944
f 1945//1945 1946//1946 1947//1947
f 1948//1948 1949//1949 1950//1950
f 1951//1951 1952//1952 1953//1953
f 1954//1954 1955//1955 1956//1956
f 1957//1957 1958//1958 1959//1959
f 1960//1960 1961//1961 1962//1962
f 1963//1963 1964//1964 1965//1965
f 1966//1966 1967//1967 1968//1968
f 1969//1969 1970//1970 1971//1971
f 1972//1972 1973//1973 1974//1974
f 1975//1975 1976//1976 1977//1977
f 1978//1978 1979//1979 1980//1980
f 1981//1981 1982//1982 1983//1983
f 1984//1984 1985//1985 1986//1986
f 1987//1987 1988//1988 1989//1989
f 1990//1990 1991//1991 1992//1992
f 1993//1993 1994//1994 1995//1995
f 1996//1996 1997//1997 1998//1998
f 1999//1999 2000//2000 2001//2001
f 2002//2002 2003//2003 2004//2004
f 2005//2005 2006//2006 2007//2007
f 2008//2008 2009//2009 2010//2010
f 2011//2011 2012//2012 2013//2013
f 2014//2014 2015//2015 2016//2016
f 2017//2017 2018//2018 2019//2019
f 2020//2020 2021//2021 2022//2022
f 2023//2023 2024//2024 2025//2025
f 2026//2026 2027//2027 2028//2028
f 2029//2029 2030//2030 2031//2031
f 2032//2032 2033//2033 2034//2034
f 2035//2035 2036//2036 2037//2037
f 2038//2038 2039//2039 2040//2040
f 2041//2041 2042//2042 2043//2043
f 2044//2044 2045//2045 2046//2046
f 2047//2047 2048//2048 2049//2049
f 2050//2050 2051//2051 2052//2052
f 2053//2053 2054//2054 2055//2055
f 2056//2056 2057//2057 2058//2058
f 2059//2059 2060//2060 2061//2061
f 2062//2062 2063//2063 2064//2064
f 2065//2065 2066//2066 2067//2067
f 2068//2068 2069//2069 2070//2070
f 2071//2071 2072//2072 2073//2073
f 2074//2074 2075//2075 2076//2076
f 2077//2077 2078//2078 2079//2079
f 2080//2080 2081//2081 2082//2082
f 2083//2083 2084//2084 2085//2085
f 2086//2086 2087//2087 2088//2088
f 2089//2089 2090//2090 2091//2091
f 2092//2092 2093//2093 2094//2094
f 2095//2095 2096//2096 2097//2097
f 2098//2098 2099//2099 2100//2100
f 2101//2101 2102//2102 2103//2103
f 2104//2104 2105//2105 2106//2106
f 2107//2107 2108//2108 2109//2109
f 2110//2110 2111//2111 2112//2112
f 2113//2113 2114//2114 2115//2115
f 2116//2116 2117//2117 2118//2118
f 2119//2119 2120//2120 2121//2121
f 2122//2122 2123//2123 2124//2124
f 2125//2125 2126//2126 2127//2127
f 2128//2128 2129//2129 2130//2130
f 2131//2131 2132//2132 2133//2133
f 2134//2134 2135//2135 2136//2136
f 2137//2137 2138//2138 2139//2139
f 2140//2140 2141//2141 2142//2142
f 2143//2143 2144//2144 2145//2145
f 2146//2146 2147//2147 2148//2148
f 2149//2149 2150//2150 2151//2151
f 2152//2152 2153//2153 2154//2154
f 2155//2155 2156//2156 2157//2157
f 2158//2158 2159//2159 2160//2160
f 2161//2161 2162//2162 2163//2163
f 2164//2164 2165//2165 2166//2166
f 2167//2167 2168//2168 2169//2169
f 2170//2170 2171//2171 2172//2172
f 2173//2173 2174//2174 2175//2175
f 2176//2176 2177//2177 2178//2178
f 2179//2179 2180//2180 2181//2181
f 2182//2182 2183//2183 2184//2184
f 2185//2185 2186//2186 2187//2187
f 2188//2188 2189//2189 2190//2190
f 2191//2191 2192//2192 2193//2193
f 2194//2194 2195//2195 2196//2196
f 2197//2197 2198//2198 2199//2199
f 2200//2200 2201//2201 2202//2202
f 2203//2203 2204//2204 2205//2205
f 2206//2206 2207//2207 2208//2208
f 2209//2209 2210//2210 2211//2211
f 2212//2212 2213//2213 2214//2214
f 2215//2215 2216//2216 2217//2217
f 2218//2218 2219//2219 2220//2220
f 2221//2221 2222//2222 2223//2223
f 2224//2224 2225//2225 2226//2226
f 2227//2227 2228//2228 2229//2229
f 2230//2230 2231//2231 2232//2232
f 2233//2233 2234//2234 2235//2235
f 2236//2236 2237//2237 2238//2238
f 2239//2239 2240//2240 2241//2241
f 2242//2242 2243//2243 2244//2244
f 2245//2245 2246//2246 2247//2247
f 2248//2248 2249//2249 2250//2250
f 2251//2251 2252//2252 2253//2253
f 2254//2254 2255//2255 2256//2256
f 2257//2257 2258//2258 2259//2259
f 2260//2260 2261//2261 2262//2262
f 2263//2263 2264//2264 2265//2265
f 2266//2266 2267//2267 2268//2268
f 2269//2269 2270//2270 2271//2271
f 2272//2272 2273//2273 2274//2274
f 2275//2275 2276//2276 2277//2277
f 2278//2278 2279//2279 2280//2280
f 2281//2281 2282//2282 2283//2283
f 2284//2284 2285//2285 2286//2286
f 2287//2287 2288//2288 2289//2289
f 2290//2290 2291//2291 2292//2292
f 2293//2293 2294//2294 2295//2295
f 2296//2296 2297//2297 2298//2298
f 2299//2299 2300//2300 2301//2301
f 2302//2302 2303//2303 2304//2304
f 2305//2305 2306//2306 2307//2307
f 2308//2308 2309//2309 2310//2310
f 2311//2311 2312//2312 2313//2313
f 2314//2314 2315//2315 2316//2316
f 2317//2317 2318//2318 2319//2319
f 2320//2320 2321//2321 2322//2322
f 2323//2323 2324//2324 2325//2325
f 2326//2326 2327//2327 2328//2328
f 2329//2329 2330//2330 2331//2331
f 2332//2332 2333//2333 2334//2334
f 2335//2335 2336//2336 2337//2337
f 2338//2338 2339//2339 2340//2340
f 2341//2341 2342//2342 2343//2343
f 2344//2344 2345//2345 2346//2346
f 2347//2347 2348//2348 2349//2349
f 2350//2350 2351//2351 2352//2352
f 2353//2353 2354//2354 2355//2355
f 2356//2356 2357//2357 2358//2358
f 2359//2359 2360//2360 2361//2361
f 2362//2362 2363//2363 2364//2364
f 2365//2365 2366//2366 2367//2367
f 2368//2368 2369//2369 2370//2370
f 2371//2371 2372//2372 2373//2373
f 2374//2374 2375//2375 2376//2376
f 2377//2377 2378//2378 2379//2379
f 2380//2380 2381//2381 2382//2382
f 2383//2383 2384//2384 2385//2385
f 2386//2386 2387//2387 2388//2388
f 2389//2389 2390//2390 2391//2391
f 2392//2392 2393//2393 2394//2394
f 2395//2395 2396//2396 2397//2397
f 2398//2398 2399//2399 2400//2400
f 2401//2401 2402//2402 2403//2403
f 2404//2404 2405//2405 2406//2406
f 2407//2407 2408//2408 2409//2409
f 2410//2410 2411//2411 2412//2412
f 2413//2413 2414//2414 2415//2415
f 2416//2416 2417//2417 2418//2418
f 2419//2419 2420//2420 2421//2421
f 2422//2422 2423//2423 2424//2424
f 2425//2425 2426//2426 2427//2427
f 2428//2428 2429//2429 2430//2430
f 2431//2431 2432//2432 2433//2433
f 2434//2434 2435//2435 2436//2436
f 2437//2437 2438//2438 2439//2439
f 2440//2440 2441//2441 2442//2442
f 2443//2443 2444//2444 2445//2445
f 2446//2446 2447//2447 2448//2448
f 2449//2449 2450//2450 2451//2451
f 2452//2452 2453//2453 2454//2454
f 2455//2455 2456//2456 2457//2457
f 2458//2458 2459//2459 2460//2460
f 2461//2461 2462//2462 2463//2463
f 2464//2464 2465//2465 2466//2466
f 2467//2467 2468//2468 2469//2469
f 2470//2470 2471//2471 2472//2472
f 2473//2473 2474//2474 2475//2475
f 2476//2476 2477//2477 2478//2478
f 2479//2479 2480//2480 2481//2481
f 2482//2482 2483//2483 2484//2484
f 2485//2485 2486//2486 2487//2487
f 2488//2488 2489//2489 2490//2490
f 2491//2491 2492//2492 2493//2493
f 2494//2494 2495//2495 2496//2496
f 2497//2497 2498//2498 2499//2499
f 2500//2500 2501//2501 2502//2502
f 2503//2503 2504//2504 2505//2505
f 2506//2506 2507//2507 2508//2508
f 2509//2509 2510//2510 2511//2511
f 2512//2512 2513//2513 2514//2514
f 2515//2515 2516//2516 2517//2517
f 2518//2518 2519//2519 2520//2520
f 2521//2521 2522//2522 2523//2523
f 2524//2524 2525//2525 2526//2526
f 2527//2527 2528//2528 2529//2529
f 2530//2530 2531//2531 2532//2532
f 2533//2533 2534//2534 2535//2535
f 2536//2536 2537//2537 2538//2538
f 2539//2539 2540//2540 2541//2541
f 2542//2542 2543//2543 2544//2544
f 2545//2545 2546//2546 2547//2547
f 2548//2548 2549//2549 2550//2550
f 2551//2551 2552//2552 2553//2553
f 2554//2554 2555//2555 2556//2556
f 2557//2557 2558//2558 2559//2559
f 2560//2560 2561//2561 2562//2562
f 2563//2563 2564//2564 2565//2565
f 2566//2566 2567//2567 2568//2568
f 2569//2569 2570//2570 2571//2571
f 2572//2572 2573//2573 2574//2574
f 2575//2575 2576//2576 2577//2577
f 2578//2578 2579//2579 2580//2580
f 2581//2581 2582//2582 2583//2583
f 2584//2584 2585//2585 2586//2586
f 2587//2587 2588//2588 2589//2589
f 2590//2590 2591//2591 2592//2592
f 2593//2593 2594//2594 2595//2595
f 2596//2596 2597//2597 2598//2598
f 2599//2599 2600//2600 2601//2601
f 2602//2602 2603//2603 2604//2604
f 2605//2605 2606//2606 2607//2607
f 2608//2608 2609//2609 2610//2610
f 2611//2611 2612//2612 2613//2613
f 2614//2614 2615//2615 2616//2616
f 2617//2617 2618//2618 2619//2619
f 2620//2620 2621//2621 2622//2622
f 2623//2623 2624//2624 2625//2625
f 2626//2626 2627//2627 2628//2628
f 2629//2629 2630//2630 2631//2631
f 2632//2632 2633//2633 2634//2634
f 2635//2635 2636//2636 2637//2637
f 2638//2638 2639//2639 2640//2640
f 2641//2641 2642//2642 2643//2643
f 2644//2644 2645//2645 2646//2646
f 2647//2647 2648//2648 2649//2649
f 2650//2650 2651//2651 2652//2652
f 2653//2653 2654//2654 2655//2655
f 2656//2656 2657//2657 2658//2658
f 2659//2659 2660//2660 2661//2661
f 2662//2662 2663//2663 2664//2664
f 2665//2665 2666//2666 2667//2667
f 2668//2668 2669//2669 2670//2670
f 2671//2671 2672//2672 2673//2673
f 2674//2674 2675//2675 2676//2676
f 2677//2677 2678//2678 2679//2679
f 2680//2680 2681//2681 2682//2682
f 2683//2683 2684//2684 2685//2685
f 2686//2686 2687//2687 2688//2688
f 2689//2689 2690//2690 2691//2691
f 2692//2692 2693//2693 2694//2694
f 2695//2695 2696//2696 2697//2697
f 2698//2698 2699//2699 2700//2700
f 2701//2701 2702//2702 2703//2703
f 2704//2704 2705//2705 2706//2706
f 2707//2707 2708//2708 2709//2709
f 2710//2710 2711//2711 2712//2712
f 2713//2713 2714//2714 2715//2715
f 2716//2716 2717//2717 2718//2718
f 2719//2719 2720//2720 2721//2721
f 2722//2722 2723//2723 2724//2724
f 2725//2725 2726//2726 2727//2727
f 2728//2728 2729//2729 2730//2730
f 2731//2731 2732//2732 2733//2733
f 2734//2734 2735//2735 2736//2736
f 2737//2737 2738//2738 2739//2739
f 2740//2740 2741//2741 2742//2742
f 2743//2743 2744//2744 2745//2745
f 2746//2746 2747//2747 2748//2748
f 2749//2749 2750//2750 2751//2751
f 2752//2752 2753//2753 2754//2754
f 2755//2755 2756//2756 2757//2757
f 2758//2758 2759//2759 2760//2760
f 2761//2761 2762//2762 2763//2763
f 2764//2764 2765//2765 2766//2766
f 2767//2767 2768//2768 2769//2769
f 2770//2770 2771//2771 2772//2772
f 2773//2773 2774//2774 2775//2775
f 2776//2776 2777//2777 2778//2778
f 2779//2779 2780//2780 2781//2781
f 2782//2782 2783//2783 2784//2784
f 2785//2785 2786//2786 2787//2787
f 2788//2788 2789//2789 2790//2790
f 2791//2791 2792//2792 2793//2793
f 2794//2794 2795//2795 2796//2796
f 2797//2797 2798//2798 2799//2799
f 2800//2800 2801//2801 2802//2802
f 2803//2803 2804//2804 2805//2805
f 2806//2806 2807//2807 2808//2808
f 2809//2809 2810//2810 2811//2811
f 2812//2812 2813//2813 2814//2814
f 2815//2815 2816//2816 2817//2817
f 2818//2818 2819//2819 2820//2820
f 2821//2821 2822//2822 2823//2823
f 2824//2824 2825//2825 2826//2826
f 2827//2827 2828//2828 2829//2829
f 2830//2830 2831//2831 2832//2832
f 2833//2833 2834//2834 2835//2835
f 2836//2836 2837//2837 2838//2838
f 2839//2839 2840//2840 2841//2841
f 2842//2842 2843//2843 2844//2844
f 2845//2845 2846//2846 2847//2847
f 2848//2848 2849//2849 2850//2850
f 2851//2851 2852//2852 2853//2853
f 2854//2854 2855//2855 2856//2856
f 2857//2857 2858//2858 2859//2859
f 2860//2860 2861//2861 2862//2862
f 2863//2863 2864//2864 2865//2865
f 2866//2866 2867//2867 2868//2868
f 2869//2869 2870//2870 2871//2871
f 2872//2872 2873//2873 2874//2874
f 2875//2875 2876//2876 2877//2877
f 2878//2878 2879//2879 2880//2880
f 2881//2881 2882//2882 2883//2883
f 2884//2884 2885//2885 2886//2886
f 2887//2887 2888//2888 2889//2889
f 2890//2890 2891//2891 2892//2892
f 2893//2893 2894//2894 2895//2895
f 2896//2896 2897//2897 2898//2898
f 2899//2899 2900//2900 2901//2901
f 2902//2902 2903//2903 2904//2904
f 2905//2905 2906//2906 2907//2907
f 2908//2908 2909//2909 2910//2910
f 2911//2911 2912//2912 2913//2913
f 2914//2914 2915//2915 2916//2916
f 2917//2917 2918//2918 2919//2919
f 2920//2920 2921//2921 2922//2922
f 2923//2923 2924//2924 2925//2925
f 2926//2926 2927//2927 2928//2928
f 2929//2929 2930//2930 2931//2931
f 2932//2932 2933//2933 2934//2934
f 2935//2935 2936//2936 2937//2937
f 2938//2938 2939//2939 2940//2940
f 2941//2941 2942//2942 2943//2943
f 2944//2944 2945//2945 2946//2946
f 2947//2947 2948//2948 2949//2949
f 2950//2950 2951//2951 2952//2952
f 2953//2953 2954//2954 2955//2955
f 2956//2956 2957//2957 2958//2958
f 2959//2959 2960//2960 2961//2961
f 2962//2962 2963//2963 2964//2964
f 2965//2965 2966//2966 2967//2967
f 2968//2968 2969//2969 2970//2970
f 2971//2971 2972//2972 2973//2973
f 2974//2974 2975//2975 2976//2976
f 2977//2977 2978//2978 2979//2979
f 2980//2980 2981//2981 2982//2982
f 2983//2983 2984//2984 2985//2985
f 2986//2986 2987//2987 2988//2988
f 2989//2989 2990//2990 2991//2991
f 2992//2992 2993//2993 2994//2994
f 2995//2995 2996//2996 2997//2997
f 2998//2998 2999//2999 3000//3000
f 3001//3001 3002//3002 3003//3003
f 3004//3004 3005//3005 3006//3006
f 3007//3007 3008//3008 3009//3009
f 3010//3010 3011//3011 3012//3012
f 3013//3013 3014//3014 3015//3015
f 3016//3016 3017//3017 3018//3018
f 3019//3019 3020//3020 3021//3021
f 3022//3022 3023//3023 3024//3024
f 3025//3025 3026//3026 3027//3027
f 3028//3028 3029//3029 3030//3030
f 3031//3031 3032//3032 3033//3033
f 3034//3034 3035//3035 3036//3036
f 3037//3037 3038//3038 3039//3039
f 3040//3040 3041//3041 3042//3042
f 3043//3043 3044//3044 3045//3045
f 3046//3046 3047//3047 3048//3048
f 3049//3049 3050//3050 3051//3051
f 3052//3052 3053//3053 3054//3054
f 3055//3055 3056//3056 3057//3057
f 3058//3058 3059//3059 3060//3060
f 3061//3061 3062//3062 3063//3063
f 3064//3064 3065//3065 3066//3066
f 3067//3067 3068//3068 3069//3069
f 3070//3070 3071//3071 3072//3072
f 3073//3073 3074//3074 3075//3075
f 3076//3076 3077//3077 3078//3078
f 3079//3079 3080//3080 3081//3081
f 3082//3082 3083//3083 3084//3084
f 3085//3085 3086//3086 3087//3087
f 3088//3088 3089//3089 3090//3090
f 3091//3091 3092//3092 3093//3093
f 3094//3094 3095//3095 3096//3096
f 3097//3097 3098//3098 3099//3099
f 3100//3100 3101//3101 3102//3102
f 3103//3103 3104//3104 3105//3105
f 3106//3106 3107//3107 3108//3108
f 3109//3109 3110//3110 3111//3111
f 3112//3112 3113//3113 3114//3114
f 3115//3115 3116//3116 3117//3117
f 3118//3118 3119//3119 3120//3120
f 3121//3121 3122//3122 3123//3123
f 3124//3124 3125//3125 3126//3126
f 3127//3127 3128//3128 3129//3129
f 3130//3130 3131//3131 3132//3132
f 3133//3133 3134//3134 3135//3135
f 3136//3136 3137//3137 3138//3138
f 3139//3139 3140//3140 3141//3141
f 3142//3142 3143//3143 3144//3144
f 3145//3145 3146//3146 3147//3147
f 3148//3148 3149//3149 3150//3150
f 3151//3151 3152//3152 3153//3153
f 3154//3154 3155//3155 3156//3156
f 3157//3157 3158//3158 3159//3159
f 3160//3160 3161//3161 3162//3162
f 3163//3163 3164//3164 3165//3165
f 3166//3166 3167//3167 3168//3168
f 3169//3169 3170//3170 3171//3171
f 3172//3172 3173//3173 3174//3174
f 3175//3175 3176//3176 3177//3177
f 3178//3178 3179//3179 3180//3180
f 3181//3181 3182//3182 3183//3183
f 3184//3184 3185//3185 3186//3186
f 3187//3187 3188//3188 3189//3189
f 3190//3190 3191//3191 3192//3192
f 3193//3193 3194//3194 3195//3195
f 3196//3196 3197//3197 3198//3198
f 3199//3199 3200//3200 3201//3201
f 3202//3202 3203//3203 3204//3204
f 3205//3205 3206//3206 3207//3207
f 3208//3208 3209//3209 3210//3210
f 3211//3211 3212//3212 3213//3213
f 3214//3214 3215//3215 3216//3216
f 3217//3217 3218//3218 3219//3219
f 3220//3220 3221//3221 3222//3222
f 3223//3223 3224//3224 3225//3225
f 3226//3226 3227//3227 3228//3228
f 3229//3229 3230//3230 3231//3231
f 3232//3232 3233//3233 3234//3234
f 3235//3235 3236//3236 3237//3237
f 3238//3238 3239//3239 3240//3240
f 3241//3241 3242//3242 3243//3243
f 3244//3244 3245//3245 3246//3246
f 3247//3247 3248//3248 3249//3249
f 3250//3250 3251//3251 3252//3252
f 3253//3253 3254//3254 3255//3255
f 3256//3256 3257//3257 3258//3258
f 3259//3259 3260//3260 3261//3261
f 3262//3262 3263//3263 3264//3264
f 3265//3265 3266//3266 3267//3267
f 3268//3268 3269//3269 3270//3270
f 3271//3271 3272//3272 3273//3273
f 3274//3274 3275//3275 3276//3276
f 3277//3277 3278//3278 3279//3279
f 3280//3280 3281//3281 3282//3282
f 3283//3283 3284//3284 3285//3285
f 3286//3286 3287//3287 3288//3288
f 3289//3289 3290//3290 3291//3291
f 3292//3292 3293//3293 3294//3294
f 3295//3295 3296//3296 3297//3297
f 3298//3298 3299//3299 3300//3300
f 3301//3301 3302//3302 3303//3303
f 3304//3304 3305//3305 3306//3306
f 3307//3307 3308//3308 3309//3309
f 3310//3310 3311//3311 3312//3312
f 3313//3313 3314//3314 3315//3315
f 3316//3316 3317//3317 3318//3318
f 3319//3319 3320//3320 3321//3321
f 3322//3322 3323//3323 3324//3324
f 3325//3325 3326//3326 3327//3327
f 3328//3328 3329//3329 3330//3330
f 3331//3331 3332//3332 3333//3333
f 3334//3334 3335//3335 3336//3336
f 3337//3337 3338//3338 3339//3339
f 3340//3340 3341//3341 3342//3342
f 3343//3343 3344//3344 3345//3345
f 3346//3346 3347//3347 3348//3348
f 3349//3349 3350//3350 3351//3351
f 3352//3352 3353//3353 3354//3354
f 3355//3355 3356//3356 3357//3357
f 3358//3358 3359//3359 3360//3360
f 3361//3361 3362//3362 3363//3363
f 3364//3364 3365//3365 3366//3366
f 3367//3367 3368//3368 3369//3369
f 3370//3370 3371//3371 3372//3372
f 3373//3373 3374//3374 3375//3375
f 3376//3376 3377//3377 3378//3378
f 3379//3379 3380//3380 3381//3381
f 3382//3382 3383//3383 3384//3384
f 3385//3385 3386//3386 3387//3387
f 3388//3388 3389//3389 3390//3390
f 3391//3391 3392//3392 3393//3393
f 3394//3394 3395//3395 3396//3396
f 3397//3397 3398//3398 3399//3399
f 3400//3400 3401//3401 3402//3402
f 3403//3403 3404//3404 3405//3405
f 3406//3406 3407//3407 3408//3408
f 3409//3409 3410//3410 3411//3411
f 3412//3412 3413//3413 3414//3414
f 3415//3415 3416//3416 3417//3417
f 3418//3418 3419//3419 3420//3420
f 3421//3421 3422//3422 3423//3423
f 3424//3424 3425//3425 3426//3426
f 3427//3427 3428//3428 3429//3429
f 3430//3430 3431//3431 3432//3432
f 3433//3433 3434//3434 3435//3435
f 3436//3436 3437//3437 3438//3438
f 3439//3439 3440//3440 3441//3441
f 3442//3442 3443//3443 3444//3444
f 3445//3445 3446//3446 3447//3447
f 3448//3448 3449//3449 3450//3450
f 3451//3451 3452//3452 3453//3453
f 3454//3454 3455//3455 3456//3456
f 3457//3457 3458//3458 3459//3459
f 3460//3460 3461//3461 3462//3462
f 3463//3463 3464//3464 3465//3465
f 3466//3466 3467//3467 3468//3468
f 3469//3469 3470//3470 3471//3471
f 3472//3472 3473//3473 3474//3474
f 3475//3475 3476//3476 3477//3477
f 3478//3478 3479//3479 3480//3480
f 3481//3481 3482//3482 3483//3483
f 3484//3484 3485//3485 3486//3486
f 3487//3487 3488//3488 3489//3489
f 3490//3490 3491//3491 3492//3492
f 3493//3493 3494//3494 3495//3495
f 3496//3496 3497//3497 3498//3498
f 3499//3499 3500//3500 3501//3501
f 3502//3502 3503//3503 3504//3504
f 3505//3505 3506//3506 3507//3507
f 3508//3508 3509//3509 3510//3510
f 3511//3511 3512//3512 3513//3513
f 3514//3514 3515//3515 3516//3516
f 3517//3517 3518//3518 3519//3519
f 3520//3520 3521//3521 3522//3522
f 3523//3523 3524//3524 3525//3525
f 3526//3526 3527//3527 3528//3528
f 3529//3529 3530//3530 3531//3531
f 3532//3532 3533//3533 3534//3534
f 3535//3535 3536//3536 3537//3537
f 3538//3538 3539//3539 3540//3540
f 3541//3541 3542//3542 3543//3543
f 3544//3544 3545//3545 3546//3546
f 3547//3547 3548//3548 3549//3549
f 3550//3550 3551//3551 3552//3552
f 3553//3553 3554//3554 3555//3555
f 3556//3556 3557//3557 3558//3558
f 3559//3559 3560//3560 3561//3561
f 3562//3562 3563//3563 3564//3564
f 3565//3565 3566//3566 3567//3567
f 3568//3568 3569//3569 3570//3570
f 3571//3571 3572//3572 3573//3573
f 3574//3574 3575//3575 3576//3576
f 3577//3577 3578//3578 3579//3579
f 3580//3580 3581//3581 3582//3582
f 3583//3583 3584//3584 3585//3585
f 3586//3586 3587//3587 3588//3588
f 3589//3589 3590//3590 3591//3591
f 3592//3592 3593//3593 3594//3594
f 3595//3595 3596//3596 3597//3597
f 3598//3598 3599//3599 3600//3600
f 3601//3601 3602//3602 3603//3603
f 3604//3604 3605//3605 3606//3606
f 3607//3607 3608//3608 3609//3609
f 3610//3610 3611//3611 3612//3612
f 3613//3613 3614//3614 3615//3615
f 3616//3616 3617//3617 3618//3618
f 3619//3619 3620//3620 3621//3621
f 3622//3622 3623//3623 3624//3624
f 3625//3625 3626//3626 3627//3627
f 3628//3628 3629//3629 3630//3630
f 3631//3631 3632//3632 3633//3633
f 3634//3634 3635//3635 3636//3636
f 3637//3637 3638//3638 3639//3639
f 3640//3640 3641//3641 3642//3642
f 3643//3643 3644//3644 3645//3645
f 3646//3646 3647//3647 3648//3648
f 3649//3649 3650//3650 3651//3651
f 3652//3652 3653//3653 3654//3654
f 3655//3655 3656//3656 3657//3657
f 3658//3658 3659//3659 3660//3660
f 3661//3661 3662//3662 3663//3663
f 3664//3664 3665//3665 3666//3666
f 3667//3667 3668//3668 3669//3669
f 3670//3670 3671//3671 3672//3672
f 3673//3673 3674//3674 3675//3675
f 3676//3676 3677//3677 3678//3678
f 3679//3679 3680//3680 3681//3681
f 3682//3682 3683//3683 3684//3684
f 3685//3685 3686//3686 3687//3687
f 3688//3688 3689//3689 3690//3690
f 3691//3691 3692//3692 3693//3693
f 3694//3694 3695//3695 3696//3696
f 3697//3697 3698//3698 3699//3699
f 3700//3700 3701//3701 3702//3702
f 3703//3703 3704//3704 3705//3705
f 3706//3706 3707//3707 3708//3708
f 3709//3709 3710//3710 3711//3711
f 3712//3712 3713//3713 3714//3714
f 3715//3715 3716//3716 3717//3717
f 3718//3718 3719//3719 3720//3720
f 3721//3721 3722//3722 3723//3723
f 3724//3724 3725//3725 3726//3726
f 3727//3727 3728//3728 3729//3729
f 3730//3730 3731//3731 3732//3732
f 3733//3733 3734//3734 3735//3735
f 3736//3736 3737//3737 3738//3738
f 3739//3739 3740//3740 3741//3741
f 3742//3742 3743//3743 3744//3744
f 3745//3745 3746//3746 3747//3747
f 3748//3748 3749//3749 3750//3750
f 3751//3751 3752//3752 3753//3753
f 3754//3754 3755//3755 3756//3756
f 3757//3757 3758//3758 3759//3759
f 3760//3760 3761//3761 3762//3762
f 3763//3763 3764//3764 3765//3765
f 3766//3766 3767//3767 3768//3768
f 3769//3769 3770//3770 3771//3771
f 3772//3772 3773//3773 3774//3774
f 3775//3775 3776//3776 3777//3777
f 3778//3778 3779//3779 3780//3780
f 3781//3781 3782//3782 3783//3783
f 3784//3784 3785//3785 3786//3786
f 3787//3787 3788//3788 3789//3789
f 3790//3790 3791//3791 3792//3792
f 3793//3793 3794//3794 3795//3795
f 3796//3796 3797//3797 3798//3798
f 3799//3799 3800//3800 3801//3801
f 3802//3802 3803//3803 3804//3804
f 3805//3805 3806//3806 3807//3807
f 3808//3808 3809//3809 3810//3810
f 3811//3811 3812//3812 3813//3813
f 3814//3814 3815//3815 3816//3816
f 3817//3817 3818//3818 3819//3819
f 3820//3820 3821//3821 3822//3822
f 3823//3823 3824//3824 3825//3825
f 3826//3826 3827//3827 3828//3828
f 3829//3829 3830//3830 3831//3831
f 3832//3832 3833//3833 3834//3834
f 3835//3835 3836//3836 3837//3837
f 3838//3838 3839//3839 3840//3840
f 3841//3841 3842//3842 3843//3843
f 3844//3844 3845//3845 3846//3846
f 3847//3847 3848//3848 3849//3849
f 3850//3850 3851//3851 3852//3852
f 3853//3853 3854//3854 3855//3855
f 3856//3856 3857//3857 3858//3858
f 3859//3859 3860//3860 3861//3861
f 3862//3862 3863//3863 3864//3864
f 3865//3865 3866//3866 3867//3867
f 3868//3868 3869//3869 3870//3870
f 3871//3871 3872//3872 3873//3873
f 3874//3874 3875//3875 3876//3876
f 3877//3877 3878//3878 3879//3879
f 3880//3880 3881//3881 3882//3882
f 3883//3883 3884//3884 3885//3885
f 3886//3886 3887//3887 3888//3888
f 3889//3889 3890//3890 3891//3891
f 3892//3892 3893//3893 3894//3894
f 3895//3895 3896//3896 3897//3897
f 3898//3898 3899//3899 3900//3900
f 3901//3901 3902//3902 3903//3903
f 3904//3904 3905//3905 3906//3906
f 3907//3907 3908//3908 3909//3909
f 3910//3910 3911//3911 3912//3912
f 3913//3913 3914//3914 3915//3915
f 3916//3916 3917//3917 3918//3918
f 3919//3919 3920//3920 3921//3921
f 3922//3922 3923//3923 3924//3924
f 3925//3925 3926//3926 3927//3927
f 3928//3928 3929//3929 3930//3930
f 3931//3931 3932//3932 3933//3933
f 3934//3934 3935//3935 3936//3936
f 3937//3937 3938//3938 3939//3939
f 3940//3940 3941//3941 3942//3942
f 3943//3943 3944//3944 3945//3945
f 3946//3946 3947//3947 3948//3948
f 3949//3949 3950//3950 3951//3951
f 3952//3952 3953//3953 3954//3954
f 3955//3955 3956//3956 3957//3957
f 3958//3958 3959//3959 3960//3960
f 3961//3961 3962//3962 3963//3963
f 3964//3964 3965//3965 3966//3966
f 3967//3967 3968//3968 3969//3969
f 3970//3970 3971//3971 3972//3972
f 3973//3973 3974//3974 3975//3975
f 3976//3976 3977//3977 3978//3978
f 3979//3979 3980//3980 3981//3981
f 3982//3982 3983//3983 3984//3984
f 3985//3985 3986//3986 3987//3987
f 3988//3988 3989//3989 3990//3990
f 3991//3991 3992//3992 3993//3993
f 3994//3994 3995//3995 3996//3996
f 3997//3997 3998//3998 3999//3999
f 4000//4000 4001//4001 4002//4002
f 4003//4003 4004//4004 4005//4005
f 4006//4006 4007//4007 4008//4008
f 4009//4009 4010//4010 4011//4011
f 4012//4012 4013//4013 4014//4014
f 4015//4015 4016//4016 4017//4017
f 4018//4018 4019//4019 4020//4020
f 4021//4021 4022//4022 4023//4023
f 4024//4024 4025//4025 4026//4026
f 4027//4027 4028//4028 4029//4029
f 4030//4030 4031//4031 4032//4032
f 4033//4033 4034//4034 4035//4035
f 4036//4036 4037//4037 4038//4038
f 4039//4039 4040//4040 4041//4041
f 4042//4042 4043//4043 4044//4044
f 4045//4045 4046//4046 4047//4047
f 4048//4048 4049//4049 4050//4050
f 4051//4051 4052//4052 4053//4053
f 4054//4054 4055//4055 4056//4056
f 4057//4057 4058//4058 4059//4059
f 4060//4060 4061//4061 4062//4062
f 4063//4063 4064//4064 4065//4065
f 4066//4066 4067//4067 4068//4068
f 4069//4069 4070//4070 4071//4071
f 4072//4072 4073//4073 4074//4074
f 4075//4075 4076//4076 4077//4077
f 4078//4078 4079//4079 4080//4080
f 4081//4081 4082//4082 4083//4083
f 4084//4084 4085//4085 4086//4086
f 4087//4087 4088//4088 4089//4089
f 4090//4090 4091//4091 4092//4092
f 4093//4093 4094//4094 4095//4095
f 4096//4096 4097//4097 4098//4098
f 4099//4099 4100//4100 4101//4101
f 4102//4102 4103//4103 4104//4104
f 4105//4105 4106//4106 4107//4107
f 4108//4108 4109//4109 4110//4110
f 4111//4111 4112//4112 4113//4113
f 4114//4114 4115//4115 4116//4116
f 4117//4117 4118//4118 4119//4119
f 4120//4120 4121//4121 4122//4122
f 4123//4123 4124//4124 4125//4125
f 4126//4126 4127//4127 4128//4128
f 4129//4129 4130//4130 4131//4131
f 4132//4132 4133//4133 4134//4134
f 4135//4135 4136//4136 4137//4137
f 4138//4138 4139//4139 4140//4140
f 4141//4141 4142//4142 4143//4143
f 4144//4144 4145//4145 4146//4146
f 4147//4147 4148//4148 4149//4149
f 4150//4150 4151//4151 4152//4152
f 4153//4153 4154//4154 4155//4155
f 4156//4156 4157//4157 4158//4158
f 4159//4159 4160//4160 4161//4161
f 4162//4162 4163//4163 4164//4164
f 4165//4165 4166//4166 4167//4167
f 4168//4168 4169//4169 4170//4170
f 4171//4171 4172//4172 4173//4173
f 4174//4174 4175//4175 4176//4176
f 4177//4177 4178//4178 4179//4179
f 4180//4180 4181//4181 4182//4182
f 4183//4183 4184//4184 4185//4185
f 4186//4186 4187//4187 4188//4188
f 4189//4189 4190//4190 4191//4191
f 4192//4192 4193//4193 4194//4194
f 4195//4195 4196//4196 4197//4197
f 4198//4198 4199//4199 4200//4200
f 4201//4201 4202//4202 4203//4203
f 4204//4204 4205//4205 4206//4206
f 4207//4207 4208//4208 4209//4209
f 4210//4210 4211//4211 4212//4212
f 4213//4213 4214//4214 4215//4215
f 4216//4216 4217//4217 4218//4218
f 4219//4219 4220//4220 4221//4221
f 4222//4222 4223//4223 4224//4224
f 4225//4225 4226//4226 4227//4227
f 4228//4228 4229//4229 4230//4230
f 4231//4231 4232//4232 4233//4233
f 4234//4234 4235//4235 4236//4236
f 4237//4237 4238//4238 4239//4239
f 4240//4240 4241//4241 4242//4242
f 4243//4243 4244//4244 4245//4245
f 4246//4246 4247//4247 4248//4248
f 4249//4249 4250//4250 4251//4251
f 4252//4252 4253//4253 4254//4254
f 4255//4255 4256//4256 4257//4257
f 4258//4258 4259//4259 4260//4260
f 4261//4261 4262//4262 4263//4263
f 4264//4264 4265//4265 4266//4266
f 4267//4267 4268//4268 4269//4269
f 4270//4270 4271//4271 4272//4272
f 4273//4273 4274//4274 4275//4275
f 4276//4276 4277//4277 4278//4278
f 4279//4279 4280//4280 4281//4281
f 4282//4282 4283//4283 4284//4284
f 4285//4285 4286//4286 4287//4287
f 4288//4288 4289//4289 4290//4290
f 4291//4291 4292//4292 4293//4293
f 4294//4294 4295//4295 4296//4296
f 4297//4297 4298//4298 4299//4299
f 4300//4300 4301//4301 4302//4302
f 4303//4303 4304//4304 4305//4305
f 4306//4306 4307//4307 4308//4308
f 4309//4309 4310//4310 4311//4311
f 4312//4312 4313//4313 4314//4314
f 4315//4315 4316//4316 4317//4317
f 4318//4318 4319//4319 4320//4320
f 4321//4321 4322//4322 4323//4323
f 4324//4324 4325//4325 4326//4326
f 4327//4327 4328//4328 4329//4329
f 4330//4330 4331//4331 4332//4332
f 4333//4333 4334//4334 4335//4335
f 4336//4336 4337//4337 4338//4338
f 4339//4339 4340//4340 4341//4341
f 4342//4342 4343//4343 4344//4344
f 4345//4345 4346//4346 4347//4347
f 4348//4348 4349//4349 4350//4350
f 4351//4351 4352//4352 4353//4353
f 4354//4354 4355//4355 4356//4356
f 4357//4357 4358//4358 4359//4359
f 4360//4360 4361//4361 4362//4362
f 4363//4363 4364//4364 4365//4365
f 4366//4366 4367//4367 4368//4368
f 4369//4369 4370//4370 4371//4371
f 4372//4372 4373//4373 4374//4374
f 4375//4375 4376//4376 4377//4377
f 4378//4378 4379//4379 4380//4380
f 4381//4381 4382//4382 4383//4383
f 4384//4384 4385//4385 4386//4386
f 4387//4387 4388//4388 4389//4389
f 4390//4390 4391//4391 4392//4392
f 4393//4393 4394//4394 4395//4395
f 4396//4396 4397//4397 4398//4398
f 4399//4399 4400//4400 4401//4401
f 4402//4402 4403//4403 4404//4404
f 4405//4405 4406//4406 4407//4407
f 4408//4408 4409//4409 4410//4410
f 4411//4411 4412//4412 4413//4413
f 4414//4414 4415//4415 4416//4416
f 4417//4417 4418//4418 4419//4419
f 4420//4420 4421//4421 4422//4422
f 4423//4423 4424//4424 4425//4425
f 4426//4426 4427//4427 4428//4428
f 4429//4429 4430//4430 4431//4431
f 4432//4432 4433//4433 4434//4434
f 4435//4435 4436//4436 4437//4437
f 4438//4438 4439//4439 4440//4440
f 4441//4441 4442//4442 4443//4443
f 4444//4444 4445//4445 4446//4446
f 4447//4447 4448//4448 4449//4449
f 4450//4450 4451//4451 4452//4452
f 4453//4453 4454//4454 4455//4455
f 4456//4456 4457//4457 4458//4458
f 4459//4459 4460//4460 4461//4461
f 4462//4462 4463//4463 4464//4464
f 4465//4465 4466//4466 4467//4467
f 4468//4468 4469//4469 4470//4470
f 4471//4471 4472//4472 4473//4473
f 4474//4474 4475//4475 4476//4476
f 4477//4477 4478//4478 4479//4479
f 4480//4480 4481//4481 4482//4482
f 4483//4483 4484//4484 4485//4485
f 4486//4486 4487//4487 4488//4488
f 4489//4489 4490//4490 4491//4491
f 4492//4492 4493//4493 4494//4494
f 4495//4495 4496//4496 4497//4497
f 4498//4498 4499//4499 4500//4500
f 4501//4501 4502//4502 4503//4503
f 4504//4504 4505//4505 4506//4506
f 4507//4507 4508//4508 4509//4509
f 4510//4510 4511//4511 4512//4512
f 4513//4513 4514//4514 4515//4515
f 4516//4516 4517//4517 4518//4518
f 4519//4519 4520//4520 4521//4521
f 4522//4522 4523//4523 4524//4524
f 4525//4525 4526//4526 4527//4527
f 4528//4528 4529//4529 4530//4530
f 4531//4531 4532//4532 4533//4533
f 4534//4534 4535//4535 4536//4536
f 4537//4537 4538//4538 4539//4539
f 4540//4540 4541//4541 4542//4542
f 4543//4543 4544//4544 4545//4545
f 4546//4546 4547//4547 4548//4548
f 4549//4549 4550//4550 4551//4551
f 4552//4552 4553//4553 4554//4554
f 4555//4555 4556//4556 4557//4557
f 4558//4558 4559//4559 4560//4560
f 4561//4561 4562//4562 4563//4563
f 4564//4564 4565//4565 4566//4566
f 4567//4567 4568//4568 4569//4569
f 4570//4570 4571//4571 4572//4572
f 4573//4573 4574//4574 4575//4575
f 4576//4576 4577//4577 4578//4578
f 4579//4579 4580//4580 4581//4581
f 4582//4582 4583//4583 4584//4584
f 4585//4585 4586//4586 4587//4587
f 4588//4588 4589//4589 4590//4590
f 4591//4591 4592//4592 4593//4593
f 4594//4594 4595//4595 4596//4596
f 4597//4597 4598//4598 4599//4599
f 4600//4600 4601//4601 4602//4602
f 4603//4603 4604//4604 4605//4605
f 4606//4606 4607//4607 4608//4608
f 4609//4609 4610//4610 4611//4611
f 4612//4612 4613//4613 4614//4614
f 4615//4615 4616//4616 4617//4617
f 4618//4618 4619//4619 4620//4620
f 4621//4621 4622//4622 4623//4623
f 4624//4624 4625//4625 4626//4626
f 4627//4627 4628//4628 4629//4629
f 4630//4630 4631//4631 4632//4632
f 4633//4633 4634//4634 4635//4635
f 4636//4636 4637//4637 4638//4638
f 4639//4639 4640//4640 4641//4641
f 4642//4642 4643//4643 4644//4644
f 4645//4645 4646//4646 4647//4647
f 4648//4648 4649//4649 4650//4650
f 4651//4651 4652//4652 4653//4653
f 4654//4654 4655//4655 4656//4656
f 4657//4657 4658//4658 4659//4659
f 4660//4660 4661//4661 4662//4662
f 4663//4663 4664//4664 4665//4665
f 4666//4666 4667//4667 4668//4668
f 4669//4669 4670//4670 4671//4671
f 4672//4672 4673//4673 4674//4674
f 4675//4675 4676//4676 4677//4677
f 4678//4678 4679//4679 4680//4680
f 4681//4681 4682//4682 4683//4683
f 4684//4684 4685//4685 4686//4686
f 4687//4687 4688//4688 4689//4689
f 4690//4690 4691//4691 4692//4692
f 4693//4693 4694//4694 4695//4695
f 4696//4696 4697//4697 4698//4698
f 4699//4699 4700//4700 4701//4701
f 4702//4702 4703//4703 4704//4704
f 4705//4705 4706//4706 4707//4707
f 4708//4708 4709//4709 4710//4710
f 4711//4711 4712//4712 4713//4713
f 4714//4714 4715//4715 4716//4716
f 4717//4717 4718//4718 4719//4719
f 4720//4720 4721//4721 4722//4722
f 4723//4723 4724//4724 4725//4725
f 4726//4726 4727//4727 4728//4728
f 4729//4729 4730//4730 4731//4731
f 4732//4732 4733//4733 4734//4734
f 4735//4735 4736//4736 4737//4737
f 4738//4738 4739//4739 4740//4740
f 4741//4741 4742//4742 4743//4743
f 4744//4744 4745//4745 4746//4746
f 4747//4747 4748//4748 4749//4749
f 4750//4750 4751//4751 4752//4752
f 4753//4753 4754//4754 4755//4755
f 4756//4756 4757//4757 4758//4758
f 4759//4759 4760//4760 4761//4761
f 4762//4762 4763//4763 4764//4764
f 4765//4765 4766//4766 4767//4767
f 4768//4768 4769//4769 4770//4770
f 4771//4771 4772//4772 4773//4773
f 4774//4774 4775//4775 4776//4776
f 4777//4777 4778//4778 4779//4779
f 4780//4780 4781//4781 4782//4782
f 4783//4783 4784//4784 4785//4785
f 4786//4786 4787//4787 4788//4788
f 4789//4789 4790//4790 4791//4791
f 4792//4792 4793//4793 4794//4794
f 4795//4795 4796//4796 4797//4797
f 4798//4798 4799//4799 4800//4800
f 4801//4801 4802//4802 4803//4803
f 4804//4804 4805//4805 4806//4806
f 4807//4807 4808//4808 4809//4809
f 4810//4810 4811//4811 4812//4812
f 4813//4813 4814//4814 4815//4815
f 4816//4816 4817//4817 4818//4818
f 4819//4819 4820//4820 4821//4821
f 4822//4822 4823//4823 4824//4824
f 4825//4825 4826//4826 4827//4827
f 4828//4828 4829//4829 4830//4830
f 4831//4831 4832//4832 4833//4833
f 4834//4834 4835//4835 4836//4836
f 4837//4837 4838//4838 4839//4839
f 4840//4840 4841//4841 4842//4842
f 4843//4843 4844//4844 4845//4845
f 4846//4846 4847//4847 4848//4848
f 4849//4849 4850//4850 4851//4851
f 4852//4852 4853//4853 4854//4854
f 4855//4855 4856//4856 4857//4857
f 4858//4858 4859//4859 4860//4860
f 4861//4861 4862//4862 4863//4863
f 4864//4864 4865//4865 4866//4866
f 4867//4867 4868//4868 4869//4869
f 4870//4870 4871//4871 4872//4872
f 4873//4873 4874//4874 4875//4875
f 4876//4876 4877//4877 4878//4878
f 4879//4879 4880//4880 4881//4881
f 4882//4882 4883//4883 4884//4884
f 4885//4885 4886//4886 4887//4887
f 4888//4888 4889//4889 4890//4890
f 4891//4891 4892//4892 4893//4893
f 4894//4894 4895//4895 4896//4896
f 4897//4897 4898//4898 4899//4899
f 4900//4900 4901//4901 4902//4902
f 4903//4903 4904//4904 4905//4905
f 4906//4906 4907//4907 4908//4908
f 4909//4909 4910//4910 4911//4911
f 4912//4912 4913//4913 4914//4914
f 4915//4915 4916//4916 4917//4917
f 4918//4918 4919//4919 4920//4920
f 4921//4921 4922//4922 4923//4923
f 4924//4924 4925//4925 4926//4926
f 4927//4927 4928//4928 4929//4929
f 4930//4930 4931//4931 4932//4932
f 4933//4933 4934//4934 4935//4935
f 4936//4936 4937//4937 4938//4938
f 4939//4939 4940//4940 4941//4941
f 4942//4942 4943//4943 4944//4944
f 4945//4945 4946//4946 4947//4947
f 4948//4948 4949//4949 4950//4950
f 4951//4951 4952//4952 4953//4953
f 4954//4954 4955//4955 4956//4956
f 4957//4957 4958//4958 4959//4959
f 4960//4960 4961//4961 4962//4962
f 4963//4963 4964//4964 4965//4965
f 4966//4966 4967//4967 4968//4968
f 4969//4969 4970//4970 4971//4971
f 4972//4972 4973//4973 4974//4974
f 4975//4975 4976//4976 4977//4977
f 4978//4978 4979//4979 4980//4980
f 4981//4981 4982//4982 4983//4983
f 4984//4984 4985//4985 4986//4986
f 4987//4987 4988//4988 4989//4989
f 4990//4990 4991//4991 4992//4992
f 4993//4993 4994//4994 4995//4995
f 4996//4996 4997//4997 4998//4998
f 4999//4999 5000//5000 5001//5001
f 5002//5002 5003//5003 5004//5004
f 5005//5005 5006//5006 5007//5007
f 5008//5008 5009//5009 5010//5010
f 5011//5011 5012//5012 5013//5013
f 5014//5014 5015//5015 5016//5016
f 5017//5017 5018//5018 5019//5019
f 5020//5020 5021//5021 5022//5022
f 5023//5023 5024//5024 5025//5025
f 5026//5026 5027//5027 5028//5028
f 5029//5029 5030//5030 5031//5031
f 5032//5032 5033//5033 5034//5034
f 5035//5035 5036//5036 5037//5037
f 5038//5038 5039//5039 5040//5040
f 5041//5041 5042//5042 5043//5043
f 5044//5044 5045//5045 5046//5046
f 5047//5047 5048//5048 5049//5049
f 5050//5050 5051//5051 5052//5052
f 5053//5053 5054//5054 5055//5055
f 5056//5056 5057//5057 5058//5058
f 5059//5059 5060//5060 5061//5061
f 5062//5062 5063//5063 5064//5064
f 5065//5065 5066//5066 5067//5067
f 5068//5068 5069//5069 5070//5070
f 5071//5071 5072//5072 5073//5073
f 5074//5074 5075//5075 5076//5076
f 5077//5077 5078//5078 5079//5079
f 5080//5080 5081//5081 5082//5082
f 5083//5083 5084//5084 5085//5085
f 5086//5086 5087//5087 5088//5088
f 5089//5089 5090//5090 5091//5091
f 5092//5092 5093//5093 5094//5094
f 5095//5095 5096//5096 5097//5097
f 5098//5098 5099//5099 5100//5100
f 5101//5101 5102//5102 5103//5103
f 5104//5104 5105//5105 5106//5106
f 5107//5107 5108//5108 5109//5109
f 5110//5110 5111//5111 5112//5112
f 5113//5113 5114//5114 5115//5115
f 5116//5116 5117//5117 5118//5118
f 5119//5119 5120//5120 5121//5121
f 5122//5122 5123//5123 5124//5124
f 5125//5125 5126//5126 5127//5127
f 5128//5128 5129//5129 5130//5130
f 5131//5131 5132//5132 5133//5133
f 5134//5134 5135//5135 5136//5136
f 5137//5137 5138//5138 5139//5139
f 5140//5140 5141//5141 5142//5142
f 5143//5143 5144//5144 5145//5145
f 5146//5146 5147//5147 5148//5148
f 5149//5149 5150//5150 5151//5151
f 5152//5152 5153//5153 5154//5154
f 5155//5155 5156//5156 5157//5157
f 5158//5158 5159//5159 5160//5160
f 5161//5161 5162//5162 5163//5163
f 5164//5164 5165//5165 5166//5166
f 5167//5167 5168//5168 5169//5169
f 5170//5170 5171//5171 5172//5172
f 5173//5173 5174//5174 5175//5175
f 5176//5176 5177//5177 5178//5178
f 5179//5179 5180//5180 5181//5181
f 5182//5182 5183//5183 5184//5184
f 5185//5185 5186//5186 5187//5187
f 5188//5188 5189//5189 5190//5190
f 5191//5191 5192//5192 5193//5193
f 5194//5194 5195//5195 5196//5196
f 5197//5197 5198//5198 5199//5199
f 5200//5200 5201//5201 5202//5202
f 5203//5203 5204//5204 5205//5205
f 5206//5206 5207//5207 5208//5208
f 5209//5209 5210//5210 5211//5211
f 5212//5212 5213//5213 5214//5214
f 5215//5215 5216//5216 5217//5217
f 5218//5218 5219//5219 5220//5220
f 5221//5221 5222//5222 5223//5223
f 5224//5224 5225//5225 5226//5226
f 5227//5227 5228//5228 5229//5229
f 5230//5230 5231//5231 5232//5232
f 5233//5233 5234//5234 5235//5235
f 5236//5236 5237//5237 5238//5238
f 5239//5239 5240//5240 5241//5241
f 5242//5242 5243//5243 5244//5244
f 5245//5245 5246//5246 5247//5247
f 5248//5248 5249//5249 5250//5250
f 5251//5251 5252//5252 5253//5253
f 5254//5254 5255//5255 5256//5256
f 5257//5257 5258//5258 5259//5259
f 5260//5260 5261//5261 5262//5262
f 5263//5263 5264//5264 5265//5265
f 5266//5266 5267//5267 5268//5268
f 5269//5269 5270//5270 5271//5271
f 5272//5272 5273//5273 5274//5274
f 5275//5275 5276//5276 5277//5277
f 5278//5278 5279//5279 5280//5280
f 5281//5281 5282//5282 5283//5283
f 5284//5284 5285//5285 5286//5286
f 5287//5287 5288//5288 5289//5289
f 5290//5290 5291//5291 5292//5292
f 5293//5293 5294//5294 5295//5295
f 5296//5296 5297//5297 5298//5298
f 5299//5299 5300//5300 5301//5301
f 5302//5302 5303//5303 5304//5304
f 5305//5305 5306//5306 5307//5307
f 5308//5308 5309//5309 5310//5310
f 5311//5311 5312//5312 5313//5313
f 5314//5314 5315//5315 5316//5316
f 5317//5317 5318//5318 5319//5319
f 5320//5320 5321//5321 5322//5322
f 5323//5323 5324//5324 5325//5325
f 5326//5326 5327//5327 5328//5328
f 5329//5329 5330//5330 5331//5331
f 5332//5332 5333//5333 5334//5334
f 5335//5335 5336//5336 5337//5337
f 5338//5338 5339//5339 5340//5340
f 5341//5341 5342//5342 5343//5343
f 5344//5344 5345//5345 5346//5346
f 5347//5347 5348//5348 5349//5349
f 5350//5350 5351//5351 5352//5352
f 5353//5353 5354//5354 5355//5355
f 5356//5356 5357//5357 5358//5358
f 5359//5359 5360//5360 5361//5361
f 5362//5362 5363//5363 5364//5364
f 5365//5365 5366//5366 5367//5367
f 5368//5368 5369//5369 5370//5370
f 5371//5371 5372//5372 5373//5373
f 5374//5374 5375//5375 5376//5376
f 5377//5377 5378//5378 5379//5379
f 5380//5380 5381//5381 5382//5382
f 5383//5383 5384//5384 5385//5385
f 5386//5386 5387//5387 5388//5388
f 5389//5389 5390//5390 5391//5391
f 5392//5392 5393//5393 5394//5394
f 5395//5395 5396//5396 5397//5397
f 5398//5398 5399//5399 5400//5400
f 5401//5401 5402//5402 5403//5403
f 5404//5404 5405//5405 5406//5406
f 5407//5407 5408//5408 5409//5409
f 5410//5410 5411//5411 5412//5412
f 5413//5413 5414//5414 5415//5415
f 5416//5416 5417//5417 5418//5418
f 5419//5419 5420//5420 5421//5421
f 5422//5422 5423//5423 5424//5424
f 5425//5425 5426//5426 5427//5427
f 5428//5428 5429//5429 5430//5430
f 5431//5431 5432//5432 5433//5433
f 5434//5434 5435//5435 5436//5436
f 5437//5437 5438//5438 5439//5439
f 5440//5440 5441//5441 5442//5442
f 5443//5443 5444//5444 5445//5445
f 5446//5446 5447//5447 5448//5448
